"fake1","41.585517","14.478919"
"fake2","-33.212808","118.626577"
"fake3","-16.229596","35.025291"
"1","-13.2489","35.1684"
"2","-13.2901","35.248"
"3","-13.2942","35.2368"
"4","-13.2817","35.3028"
"5","-13.3446","35.2504"
"6","-13.2516","35.2593"
"7","-13.3213","35.2518"
"8","-13.3059","35.2468"
"9","-13.3108","35.2511"
"10","-14.8001","36.5338"
"11","-14.8068","36.5333"
"12","-14.8021","36.5356"
"13","-14.6511","36.5689"
"14","-14.735","36.435"
"15","-14.9153","36.3661"
"16","-15.0964","36.6125"
"17","-15.2428","36.5022"
"18","-14.7803","36.5317"
"19","-14.7947","36.8536"
"20","-14.8014","36.5331"
"21","-14.8022","36.5344"
"22","-14.5444","36.6058"
"23","-14.9831","36.6164"
"24","-14.7292","36.6267"
"25","-14.8972","36.5289"
"26","-14.8097","36.4944"
"27","-14.6931","36.9644"
"28","-14.8011","36.5989"
"29","-11.6156","34.9613"
"30","-11.7569","35.2074"
"31","-12.9039","35.0496"
"32","-12.886","34.7723"
"33","-12.6113","34.8329"
"34","-12.4239","34.7164"
"35","-12.0129","34.9016"
"36","-12.6947","34.8088"
"37","-12.1402","34.761"
"38","-12.7596","34.9764"
"39","-12.3356","34.9507"
"40","-13.0238","34.9547"
"41","-12.4685","35.0038"
"42","-13.3167","35.2333"
"43","-13.615","35.2566"
"44","-13.1918","35.3146"
"45","-13.1857","35.1944"
"46","-13.2917","35.4792"
"47","-13.4216","34.8726"
"48","-13.3138","35.5326"
"49","-13.3543","35.4206"
"50","-13.6332","35.033"
"51","-13.3226","35.2249"
"52","-13.4745","35.2806"
"53","-13.5462","35.4476"
"54","-13.2889","35.0499"
"55","-13.1818","35.1871"
"56","-13.2742","35.3641"
"57","-13.3323","35.5105"
"58","-13.3212","35.2244"
"59","-13.6208","36.0062"
"60","-13.5042","36.4389"
"61","-12.8474","36.0649"
"62","-13.4737","36.3038"
"63","-13.3583","36.0572"
"64","-13.4753","36.1213"
"65","-13.4261","36.1988"
"66","-13.3498","36.7427"
"67","-14.3536","35.6486"
"68","-14.1453","35.4811"
"69","-14.3175","35.8589"
"70","-14.1269","35.9372"
"71","-14.353","35.651"
"72","-14.2475","35.625"
"73","-14.3764","35.8919"
"74","-14.3694","35.7208"
"75","-14.3194","36.2331"
"76","-13.1978","37.4989"
"77","-13.1896","37.5055"
"78","-12.7406","37.7212"
"79","-13.0906","37.5982"
"80","-13.3966","37.7379"
"81","-12.8836","37.689"
"82","-13.1924","37.5059"
"83","-13.1915","37.5048"
"84","-13.1899","37.5052"
"85","-13.1897","37.5052"
"86","-13.19","37.5057"
"87","-13.8771","37.1609"
"88","-14.1597","37.4464"
"89","-13.78","37.1744"
"90","-13.6697","37.3367"
"91","-14.3103","37.5625"
"92","-13.8681","37.16"
"93","-13.9287","37.1393"
"94","-13.9301","37.1372"
"95","-12.5673","36.2638"
"96","-12.3705","36.1173"
"97","-12.5667","36.5378"
"98","-12.48","36.0606"
"99","-15.3247","35.9019"
"100","-15.4433","35.9856"
"101","-15.0303","36.0267"
"102","-15.2897","35.9478"
"103","-15.105","35.9575"
"104","-14.9519","36.1639"
"105","-15.2686","36.0014"
"106","-14.6508","35.9372"
"107","-15.3269","36.1317"
"108","-15.2867","36.3508"
"109","-15.1947","35.87"
"110","-14.9881","35.8917"
"111","-11.3392","38.3067"
"112","-12.1433","37.6706"
"113","-11.7928","38.0303"
"114","-12.4586","37.6614"
"115","-12.1471","37.6673"
"116","-12.1964","38.015"
"117","-12.1164","37.6658"
"118","-12.1471","37.6695"
"119","-12.2775","37.6611"
"120","-12.0736","37.0164"
"121","-12.1436","37.6705"
"122","-14.4628","36.895"
"123","-14.3625","37.2564"
"124","-14.3933","36.7344"
"125","-14.3203","36.7927"
"126","-14.2181","36.9206"
"127","-14.3322","36.7967"
"128","-14.3233","36.7917"
"129","-14.3205","36.793"
"130","-13.0854","35.6419"
"131","-12.949","35.7464"
"132","-13.0054","35.5508"
"133","-12.8905","35.7476"
"134","-13.0897","35.6445"
"135","-13.9008","35.4378"
"136","-14.0247","35.3656"
"137","-13.7772","35.5294"
"138","-13.7489","35.6169"
"139","-13.7988","35.6533"
"140","-13.7631","35.3108"
"141","-14.0947","35.4711"
"142","-13.8492","35.2892"
"143","-13.9714","37.8933"
"144","-14.0317","37.8552"
"145","-14.0326","37.8554"
"146","-13.7906","37.9356"
"147","-14.1333","38.3081"
"148","-14.0311","37.8533"
"149","-14.0319","37.855"
"150","-13.0793","35.2075"
"151","-12.978","35.1524"
"152","-12.9451","35.4264"
"153","-13.0403","35.2933"
"154","-12.502","35.4609"
"155","-12.356","35.3809"
"156","-13.0116","35.1869"
"157","-12.5939","35.2705"
"158","-12.4889","35.4248"
"159","-13.1279","35.1758"
"160","-12.8777","35.4115"
"161","-12.9611","40.5071"
"162","-12.9619","40.5089"
"163","-13.0225","40.5656"
"164","-12.9625","40.4867"
"165","-13.0597","40.525"
"166","-13.0192","40.5294"
"167","-12.9711","40.5533"
"168","-12.9631","40.5172"
"169","-12.9658","40.4953"
"170","-12.9611","40.5071"
"171","-12.9732","40.5178"
"172","-12.9669","39.8572"
"173","-12.9939","39.4675"
"174","-13.0917","39.5931"
"175","-12.8603","39.9492"
"176","-13.0319","39.5522"
"177","-13.105","39.8742"
"178","-13.3778","38.3703"
"179","-13.5469","38.4244"
"180","-13.2261","38.4806"
"181","-13.2733","38.6361"
"182","-13.4286","38.5947"
"183","-13.3483","38.5669"
"184","-13.3486","38.5697"
"185","-13.3509","38.5764"
"186","-13.6464","39.7933"
"187","-13.5376","39.7343"
"188","-13.3294","40.1008"
"189","-13.4839","39.915"
"190","-13.3594","40.1936"
"191","-13.3975","39.4317"
"192","-13.5795","39.7356"
"193","-13.3728","39.9681"
"194","-13.5592","39.7368"
"195","-13.3825","39.7844"
"196","-12.403","40.574"
"197","-12.2045","40.6049"
"198","-12.3436","40.5847"
"199","-11.9311","40.1075"
"200","-12.0433","40.1453"
"201","-12.0572","40.136"
"202","-12.0463","40.1443"
"203","-12.0435","40.145"
"204","-12.0434","40.1451"
"205","-12.0433","40.1453"
"206","-12.0435","40.1451"
"207","-12.0433","40.1452"
"208","-13.2908","40.5556"
"209","-13.1302","40.5503"
"210","-13.4164","40.5267"
"211","-12.5403","39.6408"
"212","-12.4589","40.0292"
"213","-12.2775","39.6644"
"214","-12.5151","39.5692"
"215","-12.3964","40.1075"
"216","-11.6269","40.1778"
"217","-11.3536","40.3522"
"218","-11.5358","39.9367"
"219","-11.2308","40.2728"
"220","-11.3494","40.3586"
"221","-13.1167","39"
"222","-12.5511","39.0019"
"223","-13.304","38.9211"
"224","-13.1167","39"
"225","-13.2233","38.8808"
"226","-13.1886","38.7431"
"227","-13.1311","39.0356"
"228","-13.1167","39"
"229","-12.9681","38.8011"
"230","-13.1272","38.9986"
"231","-11.3058","39.3103"
"232","-11.2958","39.4422"
"233","-11.4253","38.4897"
"234","-11.6003","39.6842"
"235","-11.8225","39.4167"
"236","-11.1153","39.4739"
"237","-11.53","39.7186"
"238","-11.6628","39.5536"
"239","-11.891","39.7343"
"240","-11.7794","39.9006"
"241","-11.7614","39.7356"
"242","-11.76","39.8053"
"243","-11.7053","39.9856"
"244","-11.8236","39.8122"
"245","-13.6881","38.7753"
"246","-13.6186","38.8161"
"247","-13.9653","38.8056"
"248","-13.7094","38.6006"
"249","-14.0364","38.6767"
"250","-13.83","39.1228"
"251","-13.4744","39.1742"
"252","-11.153","39.7343"
"253","-11.4267","39.7414"
"254","-11.3864","39.595"
"255","-11.1834","39.7358"
"256","-11.0614","39.6697"
"257","-10.8908","40.0575"
"258","-10.5928","40.5078"
"259","-10.7808","40.4731"
"260","-10.965","40.3558"
"261","-10.9903","40.4792"
"262","-10.8569","40.5894"
"263","-12.9347","40.3497"
"264","-13.1075","40.4539"
"265","-12.9366","40.3619"
"266","-12.9343","40.3484"
"267","-12.9346","40.3503"
"268","-12.4322","40.4833"
"269","-12.5236","40.2553"
"270","-12.3442","40.3139"
"271","-12.5639","40.2853"
"272","-12.5958","40.1522"
"273","-12.5184","40.3905"
"274","-12.38","40.2642"
"275","-15.1153","39.2619"
"276","-15.1167","39.2667"
"277","-15.1114","39.2536"
"278","-15.1194","39.1894"
"279","-15.1142","39.2681"
"280","-15.1078","39.2581"
"281","-15.1106","39.2728"
"282","-15.123","39.2702"
"283","-15.1188","39.2701"
"284","-15.1179","39.269"
"285","-15.1231","39.2619"
"286","-15.1186","39.2789"
"287","-15.1172","39.2677"
"288","-15.1168","39.2669"
"289","-15.1169","39.2666"
"290","-16.075","39.6186"
"291","-16.244","39.907"
"292","-16.0325","40.1022"
"293","-16.1914","39.9286"
"294","-16.3597","39.8056"
"295","-16.2506","39.6525"
"296","-15.9953","39.7375"
"297","-15.9011","39.8644"
"298","-16.2189","39.8992"
"299","-16.2294","39.9078"
"300","-16.2481","39.9078"
"301","-16.3442","39.92"
"302","-16.0919","39.6606"
"303","-16.3658","39.75"
"304","-16.0592","39.7275"
"305","-16.1831","39.6406"
"306","-15.8703","39.7428"
"307","-16.2469","39.9056"
"308","-16.244","39.907"
"309","-13.9356","39.9251"
"310","-13.8999","39.8167"
"311","-13.7163","39.8226"
"312","-13.8452","39.5437"
"313","-13.8886","39.9046"
"314","-13.6004","40.0273"
"315","-14.0091","39.6695"
"316","-13.9815","39.2316"
"317","-14.0637","39.4516"
"318","-13.8942","39.7873"
"319","-15.0151","40.6502"
"320","-15.0875","40.5769"
"321","-15.0351","40.687"
"322","-15.0214","40.6703"
"323","-15.0381","40.7317"
"324","-14.7167","37.835"
"325","-14.3764","37.7708"
"326","-14.4664","38.0631"
"327","-14.225","38.3219"
"328","-14.1775","38.5994"
"329","-14.8855","37.7723"
"330","-14.9578","37.4069"
"331","-14.85","37.0042"
"332","-14.6817","37.4592"
"333","-14.8925","37.7706"
"334","-15.0286","37.5142"
"335","-14.8698","37.4997"
"336","-14.9375","37.1767"
"337","-14.9692","39.8853"
"338","-14.9289","40.0019"
"339","-15.4694","39.6273"
"340","-15.0083","39.6809"
"341","-15.4878","39.4728"
"342","-15.4997","39.3339"
"343","-14.9889","39.8458"
"344","-14.9394","38.6897"
"345","-14.5989","38.7952"
"346","-14.6414","39.105"
"347","-14.025","39.0306"
"348","-14.1723","38.74"
"349","-14.5211","38.8958"
"350","-14.1667","39.1711"
"351","-14.8164","38.9658"
"352","-14.2414","39.0044"
"353","-14.927","38.6633"
"354","-14.3709","38.8067"
"355","-14.2352","39.2703"
"356","-14.6586","38.888"
"357","-14.1336","40.1489"
"358","-14.2118","40.7085"
"359","-14.1814","40.2759"
"360","-13.7669","40.2958"
"361","-14.3266","40.5282"
"362","-14.0194","40.3456"
"363","-13.5383","40.5034"
"364","-14.3513","40.4417"
"365","-14.1796","40.5249"
"366","-13.9286","40.5963"
"367","-14.183","40.526"
"368","-15.3003","39.8703"
"369","-15.7533","39.9905"
"370","-15.6605","40.1453"
"371","-15.5478","40.4161"
"372","-15.2872","40.1139"
"373","-15.825","40.2256"
"374","-15.5686","40.4089"
"375","-15.7088","40.1253"
"376","-15.1597","40.198"
"377","-15.6888","40.1392"
"378","-15.6711","39.46"
"379","-15.9647","39.5117"
"380","-15.7195","39.6936"
"381","-15.8352","38.9725"
"382","-15.6239","39.1019"
"383","-15.7089","39.3378"
"384","-15.8833","39.0714"
"385","-16.4072","39.0364"
"386","-16.7625","39.2228"
"387","-16.0914","39.1581"
"388","-16.7111","39.3189"
"389","-16.4802","39.7174"
"390","-16.4781","39.715"
"391","-16.4139","39.4278"
"392","-16.6392","39.4961"
"393","-16.5639","39.0775"
"394","-16.4256","39.2197"
"395","-16.4009","39.2376"
"396","-16.401","39.2373"
"397","-16.8686","39.1372"
"398","-16.4913","39.2242"
"399","-16.4236","39.2418"
"400","-14.8035","40.2271"
"401","-14.7186","40.3341"
"402","-14.9153","40.2286"
"403","-14.7467","39.9767"
"404","-14.9206","40.2986"
"405","-14.7402","39.9178"
"406","-14.6658","39.8441"
"407","-14.727","40.0703"
"408","-14.9745","40.0964"
"409","-14.8558","40.0853"
"410","-14.8075","40.2811"
"411","-14.5547","40.3005"
"412","-14.9097","40.3333"
"413","-14.7812","40.0986"
"414","-14.7756","40.7295"
"415","-14.9906","40.7395"
"416","-14.9525","40.74"
"417","-14.8633","40.7675"
"418","-14.7859","40.5809"
"419","-15.1923","40.3597"
"420","-15.1881","40.52"
"421","-14.9525","40.6656"
"422","-14.8865","40.5534"
"423","-14.9511","40.5308"
"424","-14.3749","39.4147"
"425","-14.8725","39.6378"
"426","-14.5775","39.5761"
"427","-14.5818","39.7408"
"428","-14.7657","39.7885"
"429","-14.9049","39.3235"
"430","-14.5803","39.378"
"431","-14.4319","39.3945"
"432","-14.9423","39.4154"
"433","-15.4209","38.7919"
"434","-15.4583","38.6773"
"435","-15.2042","38.6911"
"436","-15.3455","38.8911"
"437","-15.5866","38.5748"
"438","-15.6011","38.7352"
"439","-14.6611","40.68"
"440","-14.489","40.7361"
"441","-14.5096","40.7495"
"442","-14.4922","40.7067"
"443","-14.5026","40.7411"
"444","-14.5514","40.6722"
"445","-14.4731","40.7006"
"446","-14.5225","40.7867"
"447","-14.5586","40.7"
"448","-14.4924","40.7324"
"449","-14.5106","40.6817"
"450","-14.4909","40.7336"
"451","-14.4893","40.7366"
"452","-14.5834","40.5027"
"453","-14.7275","40.5369"
"454","-14.6114","40.6094"
"455","-14.4686","40.6219"
"456","-14.4572","40.3719"
"457","-14.5511","40.6216"
"458","-14.3695","39.9231"
"459","-14.3907","40.079"
"460","-14.3002","39.7509"
"461","-14.3093","39.6523"
"462","-14.4218","39.9247"
"463","-14.4891","40.7361"
"464","-15.2544","39.2483"
"465","-14.9997","39.345"
"466","-14.975","38.8156"
"467","-15.2306","38.9742"
"468","-15.2286","39.1183"
"469","-15.375","39.0344"
"470","-15.2036","39.3881"
"471","-15.1736","39.4631"
"472","-14.9972","38.9519"
"473","-15.1383","39.0358"
"474","-15.2744","39.0411"
"475","-15.0994","39.4244"
"476","-15.0142","39.1289"
"477","-15.3297","39.1519"
"478","-15.3367","39.34"
"479","-14.9828","38.0714"
"480","-15.1011","38.23"
"481","-14.993","38.2695"
"482","-15.0036","37.7633"
"483","-15.0411","38.3389"
"484","-14.7947","38.3706"
"485","-15.0033","38.5103"
"486","-14.9464","38.3209"
"487","-15.0289","38.0477"
"488","-17.8878","36.9156"
"489","-17.8675","36.9239"
"490","-17.8192","36.9466"
"491","-17.8786","36.8883"
"492","-17.8803","36.8916"
"493","-17.8611","36.9081"
"494","-17.8469","36.9006"
"495","-17.8763","36.8872"
"496","-17.8762","36.8883"
"497","-17.8753","36.8811"
"498","-17.8617","36.8955"
"499","-17.8822","36.8872"
"500","-15.7069","37.6417"
"501","-15.6268","37.7502"
"502","-15.5678","37.3592"
"503","-15.6749","37.704"
"504","-15.2847","37.44"
"505","-15.7639","37.7556"
"506","-15.3861","37.7678"
"507","-15.398","37.6047"
"508","-15.67","37.5731"
"509","-15.4339","37.4433"
"510","-15.9181","37.8525"
"511","-15.6467","37.7277"
"512","-15.6744","37.704"
"513","-15.6306","37.6836"
"514","-15.565","37.7905"
"515","-15.8631","37.6377"
"516","-18.2683","36.65"
"517","-18.405","36.1081"
"518","-18.6656","36.2425"
"519","-18.3678","36.5683"
"520","-18.2942","36.7136"
"521","-18.6114","36.4314"
"522","-18.5861","36.4639"
"523","-18.5833","36.4667"
"524","-18.5833","36.4644"
"525","-18.5938","36.463"
"526","-16.0507","38.4953"
"527","-16.0176","38.485"
"528","-16.2141","38.6588"
"529","-15.5119","38.2572"
"530","-16.1464","38.3725"
"531","-15.9625","38.4416"
"532","-15.5126","38.2574"
"533","-16.132","38.0975"
"534","-16.2","38.66"
"535","-16.0649","38.6562"
"536","-15.3864","36.5264"
"537","-15.7714","37.0844"
"538","-15.5403","36.8841"
"539","-15.488","37.1402"
"540","-15.5567","37.0553"
"541","-15.315","36.6589"
"542","-15.1989","36.7025"
"543","-15.54","37.193"
"544","-15.172","36.805"
"545","-15.4628","36.9828"
"546","-15.4625","36.9836"
"547","-15.4564","36.9556"
"548","-15.4678","36.9829"
"549","-16.0936","37.3366"
"550","-16.1215","37.3395"
"551","-16.4341","37.5889"
"552","-16.0378","37.1683"
"553","-16.3586","37.767"
"554","-15.9902","37.3572"
"555","-16.2811","37.3214"
"556","-16.1416","37.3833"
"557","-15.7844","37.1633"
"558","-16.2692","37.5161"
"559","-16.1693","37.3843"
"560","-16.0361","37.5239"
"561","-16.3644","37.3307"
"562","-16.3583","37.338"
"563","-16.301","37.3522"
"564","-16.2875","37.355"
"565","-16.0099","37.3327"
"566","-18.0764","36.9278"
"567","-18.0292","36.7361"
"568","-18.01","36.8108"
"569","-18.1114","36.7581"
"570","-18.0781","36.8961"
"571","-18.0826","36.825"
"572","-17.9767","36.8578"
"573","-16.4256","36.7433"
"574","-16.0167","36.4866"
"575","-16.3511","36.8533"
"576","-16.3633","36.3789"
"577","-16.3944","36.9803"
"578","-16.5525","36.8617"
"579","-16.2186","36.9364"
"580","-16.2178","37.0011"
"581","-16.3691","36.782"
"582","-16.5927","36.9723"
"583","-16.7503","36.943"
"584","-16.367","36.5153"
"585","-17.6092","37.3972"
"586","-17.3092","37.9742"
"587","-16.9822","37.0779"
"588","-17.4295","37.5695"
"589","-17.2306","37.7764"
"590","-17.1816","37.4681"
"591","-17.1816","37.4681"
"592","-17.0522","37.7161"
"593","-17.2636","37.8936"
"594","-17.4383","37.2855"
"595","-16.8972","37.8972"
"596","-17.5877","37.4817"
"597","-17.5206","37.5514"
"598","-17.3094","37.5089"
"599","-17.33","37.1997"
"600","-17.2076","37.3128"
"601","-17.1625","37.7495"
"602","-16.767","37.5958"
"603","-17.1899","37.7306"
"604","-16.2175","35.6259"
"605","-16.0981","35.7814"
"606","-16.0986","35.7692"
"607","-16.0564","36.0289"
"608","-15.4875","35.8875"
"609","-15.7759","36.0164"
"610","-16.2173","35.4795"
"611","-16.2103","35.7997"
"612","-16.4491","36.0464"
"613","-16.4386","35.4997"
"614","-16.1684","35.4533"
"615","-16.0969","35.7721"
"616","-16.0968","35.772"
"617","-16.1315","35.8688"
"618","-15.4869","36.2714"
"619","-16.0969","35.7721"
"620","-16.097","35.7721"
"621","-16.0963","35.7721"
"622","-16.8505","36.9833"
"623","-16.8424","36.972"
"624","-16.8389","36.9799"
"625","-16.8806","37.0097"
"626","-16.5173","37.1673"
"627","-17.1195","36.9706"
"628","-17.0025","36.7706"
"629","-16.6877","37.2375"
"630","-16.6447","36.3211"
"631","-16.6922","37.3714"
"632","-16.5575","37.2925"
"633","-16.8505","36.9831"
"634","-16.8003","36.5792"
"635","-17.1466","36.9372"
"636","-16.8461","36.9791"
"637","-16.8406","36.9875"
"638","-16.8424","36.972"
"639","-17.9801","35.715"
"640","-17.7847","35.4058"
"641","-17.9801","35.715"
"642","-17.9801","35.715"
"643","-17.5839","36.0161"
"644","-17.9795","35.7128"
"645","-17.6905","35.6661"
"646","-17.8973","35.6672"
"647","-17.5278","36.2964"
"648","-17.9802","35.715"
"649","-17.0931","35.7224"
"650","-17.2047","35.7803"
"651","-17.3592","35.3542"
"652","-17.6161","35.5234"
"653","-16.6933","35.3497"
"654","-16.8997","35.7407"
"655","-17.1416","35.3217"
"656","-16.8998","35.7407"
"657","-17.2411","35.8405"
"658","-17.3181","35.9553"
"659","-16.8998","35.7407"
"660","-16.8998","35.7407"
"661","-16.8998","35.7407"
"662","-17.4156","35.6111"
"663","-16.9681","36.1181"
"664","-17.3278","35.577"
"665","-16.6478","36.2097"
"666","-17.2571","35.6241"
"667","-17.0162","35.7012"
"668","-17.109","35.76"
"669","-17.2281","37.0247"
"670","-17.5753","37.1589"
"671","-17.5138","37.04"
"672","-17.5594","36.9377"
"673","-17.4094","37.1192"
"674","-17.64","37.2717"
"675","-17.6355","37.1217"
"676","-17.4823","37.1997"
"677","-17.7153","37.1925"
"678","-17.3189","37.052"
"679","-17.4944","37.0265"
"680","-15.7491","36.7891"
"681","-15.9539","36.8658"
"682","-16.0725","36.9926"
"683","-15.9748","37.0439"
"684","-16.0883","36.9592"
"685","-15.8717","37.0223"
"686","-16.1153","37.0789"
"687","-15.8327","36.6957"
"688","-17.7786","37.0586"
"689","-17.6031","36.8195"
"690","-17.5968","36.7577"
"691","-17.5932","36.7416"
"692","-17.5786","36.8156"
"693","-17.7022","37.0097"
"694","-17.5883","36.6956"
"695","-17.7311","37.0756"
"696","-17.5811","36.6958"
"697","-17.7003","37.1131"
"698","-17.9358","36.9433"
"699","-17.7847","36.8106"
"700","-17.7855","36.9067"
"701","-17.5142","36.8427"
"702","-17.6107","36.6752"
"703","-16.8944","38.2916"
"704","-16.9927","38.4814"
"705","-16.7889","38.8723"
"706","-17.2667","38.1433"
"707","-16.9673","38.0494"
"708","-16.8942","39.0668"
"709","-16.8248","38.5036"
"710","-16.6906","38.6797"
"711","-17.1519","38.2792"
"712","-17.2745","38.1781"
"713","-16.5377","38.4179"
"714","-17.0298","38.067"
"715","-17.1173","38.1303"
"716","-16.1298","33.4955"
"717","-16.1717","33.5933"
"718","-16.1667","33.6"
"719","-16.1687","33.6"
"720","-16.1525","33.5839"
"721","-16.1729","33.595"
"722","-16.1477","33.5786"
"723","-16.1695","33.5998"
"724","-16.1572","33.6064"
"725","-16.1586","33.5656"
"726","-16.2022","33.5994"
"727","-16.143","33.6086"
"728","-16.1436","33.5844"
"729","-16.1307","33.5548"
"730","-16.1694","33.6142"
"731","-16.1855","33.6037"
"732","-16.177","33.6083"
"733","-14.5739","34.3058"
"734","-14.6083","33.8561"
"735","-14.7231","34.3631"
"736","-14.5306","34.0855"
"737","-14.7714","34.2792"
"738","-14.4922","34.1617"
"739","-14.8495","34.5278"
"740","-14.5547","34.2386"
"741","-14.5933","34.4231"
"742","-14.7361","34.3694"
"743","-14.6461","34.3277"
"744","-15.6577","32.5365"
"745","-15.7116","32.6834"
"746","-15.599","32.7674"
"747","-15.6807","32.3985"
"748","-16.097","32.4745"
"749","-15.6613","32.8099"
"750","-15.5987","32.7675"
"751","-15.7002","32.5477"
"752","-15.85","32.9667"
"753","-15.7396","32.7691"
"754","-15.6445","32.6867"
"755","-15.5664","32.6027"
"756","-15.6387","32.689"
"757","-15.6182","32.7305"
"758","-16.4174","32.8263"
"759","-16.4204","33.599"
"760","-16.2542","33.4433"
"761","-15.9687","33.1591"
"762","-16.0047","33.2313"
"763","-16.6118","33.1935"
"764","-16.7043","33.0626"
"765","-16.5476","33.3786"
"766","-16.3929","33.3082"
"767","-16.4617","33.0924"
"768","-16.8363","33.2774"
"769","-16.96","32.9193"
"770","-16.3516","33.4563"
"771","-16.3895","33.2588"
"772","-14.8803","32.8361"
"773","-14.0897","33.0952"
"774","-14.7177","32.9158"
"775","-15.1333","32.8964"
"776","-14.3372","32.3553"
"777","-14.1619","32.985"
"778","-14.6175","32.4902"
"779","-15.3833","33.6286"
"780","-15.8064","33.4698"
"781","-15.3789","33.2014"
"782","-15.6544","33.3664"
"783","-15.405","33.2588"
"784","-15.0789","33.6798"
"785","-14.6239","33.5542"
"786","-14.9033","33.6119"
"787","-14.9416","33.9259"
"788","-15.0228","33.3955"
"789","-14.79","33.528"
"790","-14.79","33.528"
"791","-14.8088","33.5273"
"792","-15.853","30.5877"
"793","-15.9975","30.5645"
"794","-15.8439","32.1414"
"795","-15.8061","31.7511"
"796","-16.1922","31.689"
"797","-15.9328","31.0943"
"798","-15.7723","31.6468"
"799","-15.7995","31.3542"
"800","-15.1603","31.8922"
"801","-14.9847","32.2833"
"802","-14.5761","31.7397"
"803","-14.9525","31.41"
"804","-14.4092","32.0142"
"805","-15.48","32.4897"
"806","-15.1181","31.9928"
"807","-15.8072","34.25"
"808","-15.6016","34.3359"
"809","-16.1914","33.6309"
"810","-16.1726","34.2632"
"811","-15.5314","34.3107"
"812","-16.1168","33.7333"
"813","-16.1166","33.7332"
"814","-15.9853","34.192"
"815","-16.1245","33.746"
"816","-15.9099","34.0834"
"817","-15.7717","34.1247"
"818","-16.1256","33.7599"
"819","-16.1167","33.7333"
"820","-17.4514","35.0788"
"821","-17.1369","35.1932"
"822","-17.3939","35.0534"
"823","-17.6352","35.2121"
"824","-17.4878","35.2442"
"825","-16.6439","34.6812"
"826","-17.3473","35.138"
"827","-16.7844","34.5543"
"828","-17.4749","35.2158"
"829","-17.4508","35.0785"
"830","-17.1833","35.0667"
"831","-14.9019","34.5698"
"832","-14.8489","34.5245"
"833","-15.1611","34.5611"
"834","-15.3724","34.4444"
"835","-14.9869","34.3322"
"836","-15.6147","30.4394"
"837","-15.0075","31.0028"
"838","-15.3792","30.7317"
"839","-15.1139","30.8022"
"840","-15.616","30.4489"
"841","-15.4902","30.7782"
"842","-15.6167","30.45"
"843","-15.5367","30.615"
"844","-15.6167","30.45"
"845","-19.1236","33.4994"
"846","-19.1111","33.4764"
"847","-19.1431","33.4478"
"848","-19.1144","33.4583"
"849","-19.1167","33.45"
"850","-17.8375","33.0667"
"851","-18.0438","33.2588"
"852","-18.4072","33.2397"
"853","-18.0547","33.1711"
"854","-18.3303","33.1156"
"855","-17.6033","33.2536"
"856","-17.7978","33.2189"
"857","-17.7167","33.2564"
"858","-18.1167","33.3561"
"859","-18.3247","33.2022"
"860","-17.9478","33.1942"
"861","-17.951","33.245"
"862","-18.1333","33.2227"
"863","-19.2644","33.3878"
"864","-19.2028","33.9258"
"865","-19.0772","33.6417"
"866","-19.0522","33.7853"
"867","-19.1","33.81"
"868","-19.0725","33.3636"
"869","-18.9994","33.3875"
"870","-19.4153","33.5131"
"871","-19.3283","33.8336"
"872","-19.2675","33.4803"
"873","-19.0939","33.653"
"874","-19.0941","33.653"
"875","-19.0898","33.7147"
"876","-19.0993","33.7582"
"877","-16.8567","33.2903"
"878","-17.0472","33.6922"
"879","-17.42","33.3494"
"880","-16.4811","33.5611"
"881","-17.1663","33.5539"
"882","-16.7897","33.5419"
"883","-17.4875","33.3639"
"884","-17.1247","33.2903"
"885","-17.4198","33.3542"
"886","-20.6703","33.5333"
"887","-21.0261","33.5356"
"888","-21.4581","32.9136"
"889","-20.8244","33.3697"
"890","-21.3703","32.6278"
"891","-21.3181","33.2828"
"892","-21.4492","33.0839"
"893","-21.0499","33.2588"
"894","-21.2906","33.4597"
"895","-20.9544","33.2725"
"896","-18.4578","33.6069"
"897","-17.8408","33.455"
"898","-17.7086","33.9717"
"899","-17.9","33.9392"
"900","-17.9038","33.975"
"901","-18.5561","33.2789"
"902","-18.8633","32.8261"
"903","-18.8622","32.7597"
"904","-19.1014","32.9958"
"905","-19.1089","32.9281"
"906","-18.9956","32.7267"
"907","-18.9531","33.2647"
"908","-18.9994","33.3875"
"909","-18.9406","32.8753"
"910","-18.9864","33.0811"
"911","-19.0314","32.9167"
"912","-18.8161","33.0386"
"913","-18.9753","32.8256"
"914","-18.6244","33.0392"
"915","-18.9294","32.7978"
"916","-18.9636","32.7725"
"917","-19.1547","33.1472"
"918","-18.9344","32.8756"
"919","-18.9498","32.8874"
"920","-18.9454","32.8855"
"921","-18.9344","32.8756"
"922","-20.4528","32.7722"
"923","-20.5778","32.7733"
"924","-20.3197","32.9939"
"925","-20.5672","32.6817"
"926","-20.2478","32.9108"
"927","-20.7344","32.5594"
"928","-20.2281","33.3294"
"929","-20.5225","32.8125"
"930","-20.5533","32.9226"
"931","-19.5458","33.5089"
"932","-19.4117","33.2932"
"933","-19.4892","33.2856"
"934","-19.3136","33.2483"
"935","-19.9758","33.3981"
"936","-19.413","33.2953"
"937","-19.4097","33.2939"
"938","-19.5444","32.8947"
"939","-19.4312","33.2995"
"940","-19.3761","33.3131"
"941","-16.8219","34.4475"
"942","-16.7238","34.2505"
"943","-16.7238","34.2505"
"944","-16.8706","34.0761"
"945","-17.2508","34.1786"
"946","-16.7196","34.2549"
"947","-19.7164","35.0092"
"948","-19.8027","34.9498"
"949","-19.8499","34.8767"
"950","-19.8333","34.85"
"951","-19.8334","34.85"
"952","-19.8373","34.8543"
"953","-19.7333","34.85"
"954","-19.8456","34.8413"
"955","-19.7678","34.8697"
"956","-19.7461","34.8472"
"957","-19.7331","34.8378"
"958","-19.8025","34.8958"
"959","-19.8333","34.8833"
"960","-19.8","34.8667"
"961","-20.1506","34.3289"
"962","-20.1561","34.321"
"963","-19.8689","34.4689"
"964","-20.1665","34.3142"
"965","-19.9503","34.0631"
"966","-20.1504","34.3294"
"967","-20.1497","34.1497"
"968","-20.1498","34.33"
"969","-20.1482","34.3308"
"970","-20.1471","34.3311"
"971","-20.2653","34.6692"
"972","-20.0253","34.7178"
"973","-20.0415","34.7396"
"974","-19.7886","34.1844"
"975","-20.3586","34.6342"
"976","-19.9644","34.4183"
"977","-19.8828","34.5928"
"978","-20.1465","34.3311"
"979","-20.1464","34.331"
"980","-19.8847","34.5844"
"981","-19.9769","34.1397"
"982","-20.2047","34.1567"
"983","-20.1461","34.331"
"984","-20.146","34.331"
"985","-20.147","34.3303"
"986","-20.1466","34.3307"
"987","-20.1612","34.0346"
"988","-20.1463","34.3311"
"989","-20.1462","34.3311"
"990","-20.1467","34.3314"
"991","-19.924","34.563"
"992","-20.0598","34.4555"
"993","-17.6686","34.9422"
"994","-18.125","34.9481"
"995","-17.6658","35.1608"
"996","-17.7911","35.025"
"997","-17.7236","35.2561"
"998","-17.5836","35.0819"
"999","-17.8356","35.3431"
"1000","-17.6328","35.0503"
"1001","-17.8333","35.3333"
"1002","-17.8333","35.3334"
"1003","-17.8669","35.3117"
"1004","-17.8503","35.3986"
"1005","-17.7828","35.2469"
"1006","-17.8419","35.2386"
"1007","-17.4517","35.0381"
"1008","-17.6844","35.0389"
"1009","-17.8703","34.9069"
"1010","-17.8333","35.3334"
"1011","-17.1639","34.8886"
"1012","-17.1639","34.8886"
"1013","-17.1639","34.8887"
"1014","-17.1643","34.889"
"1015","-17.1644","34.8888"
"1016","-17.15","34.8833"
"1017","-17.1641","34.8884"
"1018","-17.1628","34.8898"
"1019","-17.1629","34.8898"
"1020","-17.1537","34.8171"
"1021","-17.1667","34.4167"
"1022","-17.2333","34.9167"
"1023","-16.8901","34.6563"
"1024","-17.3333","34.6167"
"1025","-17.4167","34.7333"
"1026","-18.3167","34.8667"
"1027","-18.5349","35.3027"
"1028","-18.2167","35.15"
"1029","-17.9667","35.1333"
"1030","-18.4833","34.7667"
"1031","-18.2","34.9667"
"1032","-18.4167","35.0167"
"1033","-18.6542","35.1083"
"1034","-20.3274","33.8858"
"1035","-20.3274","33.8858"
"1036","-20.3275","33.8858"
"1037","-20.3275","33.8857"
"1038","-20.4314","33.9868"
"1039","-20.3274","33.8857"
"1040","-20.4314","33.9868"
"1041","-20.4314","33.9868"
"1042","-20.3274","33.8858"
"1043","-20.3274","33.8858"
"1044","-20.3274","33.8858"
"1045","-20.3274","33.8858"
"1046","-20.3354","33.8896"
"1047","-20.3274","33.8858"
"1048","-20.2897","33.6572"
"1049","-20.4314","33.9867"
"1050","-20.3902","33.935"
"1051","-20.4979","33.6165"
"1052","-19.6167","34.75"
"1053","-19.5694","34.6403"
"1054","-19.6167","34.75"
"1055","-19.365","34.5742"
"1056","-19.5436","34.6258"
"1057","-19.6869","34.7604"
"1058","-19.6167","34.75"
"1059","-19.5872","35.1214"
"1060","-19.3911","34.7119"
"1061","-19.6506","34.7658"
"1062","-19.5031","34.5933"
"1063","-19.63","34.7172"
"1064","-19.6319","34.76"
"1065","-19.6186","34.7467"
"1066","-19.7433","34.8462"
"1067","-18.9906","34.3544"
"1068","-18.3611","34.3944"
"1069","-18.6153","33.8786"
"1070","-18.4969","34.4172"
"1071","-18.6816","34.1495"
"1072","-18.5989","34.1375"
"1073","-18.8687","34.194"
"1074","-18.6833","34.0667"
"1075","-18.6931","34.0728"
"1076","-18.5475","34.1769"
"1077","-18.6823","34.1495"
"1078","-18.2703","34.0536"
"1079","-18.6831","34.1372"
"1080","-18.75","34.0964"
"1081","-18.4783","33.9783"
"1082","-18.3578","33.9994"
"1083","-18.4858","34.2167"
"1084","-20.7411","34.9264"
"1085","-20.8902","34.4171"
"1086","-20.8732","34.4198"
"1087","-20.975","35.005"
"1088","-20.8732","34.4198"
"1089","-20.8219","34.8528"
"1090","-20.8757","34.4198"
"1091","-20.8733","34.4198"
"1092","-20.6314","34.9039"
"1093","-21.0133","34.8975"
"1094","-20.7011","34.7933"
"1095","-18.2003","34.5967"
"1096","-18.1175","34.4567"
"1097","-17.3197","34.2894"
"1098","-17.9661","34.4144"
"1099","-17.5839","34.315"
"1100","-17.6997","34.5844"
"1101","-17.9131","34.356"
"1102","-18.2908","35.9453"
"1103","-18.2894","35.7611"
"1104","-18.2901","35.9415"
"1105","-18.2901","35.9415"
"1106","-18.2913","35.9444"
"1107","-18.2901","35.9419"
"1108","-18.2902","35.9419"
"1109","-18.1928","35.74"
"1110","-18.2902","35.9419"
"1111","-18.0461","35.6133"
"1112","-18.2903","35.9419"
"1113","-18.4433","35.7903"
"1114","-18.2902","35.9419"
"1115","-18.2903","35.9419"
"1116","-18.6752","36.1046"
"1117","-18.2904","35.9398"
"1118","-18.29","35.9413"
"1119","-18.29","35.9451"
"1120","-18.2908","35.9453"
"1121","-18.2989","35.9544"
"1122","-18.2908","35.9453"
"1123","-18.2863","35.9437"
"1124","-18.5756","35.7214"
"1125","-18.5463","35.8934"
"1126","-18.5463","35.8934"
"1127","-18.483","35.9052"
"1128","-18.483","35.9052"
"1129","-18.8972","34.7928"
"1130","-18.8972","34.7928"
"1131","-18.8974","34.7928"
"1132","-18.8932","-18.8932"
"1133","-18.9003","34.7867"
"1134","-18.8972","34.7927"
"1135","-18.898","34.7917"
"1136","-18.8974","34.7927"
"1137","-18.8214","34.7464"
"1138","-18.9069","34.7956"
"1139","-18.8973","34.7927"
"1140","-19.275","34.8939"
"1141","-18.8964","34.7927"
"1142","-18.8973","34.7926"
"1143","-19.0261","35.1097"
"1144","-18.8973","34.7926"
"1145","-18.8973","34.7926"
"1146","-19.2372","35.0436"
"1147","-18.8975","34.7927"
"1148","-18.896","34.7937"
"1149","-18.8961","34.7937"
"1150","-18.8962","34.7935"
"1151","-18.8976","34.7923"
"1152","-18.8973","34.7927"
"1153","-18.9284","34.8695"
"1154","-18.8942","34.8798"
"1155","-18.8972","34.7931"
"1156","-18.8981","34.7942"
"1157","-19.2504","34.159"
"1158","-19.3631","34.3581"
"1159","-19.2522","34.1289"
"1160","-19.2461","34.0356"
"1161","-19.5717","33.9739"
"1162","-19.2713","34.2043"
"1163","-19.4072","34.4381"
"1164","-19.2422","34.4728"
"1165","-19.5928","34.2729"
"1166","-19.2522","34.0583"
"1167","-19.2542","34.2422"
"1168","-19.1364","34.0394"
"1169","-19.2545","34.2422"
"1170","-19.2504","34.159"
"1171","-19.35","34.0633"
"1172","-19.5394","34.0575"
"1173","-19.2404","34.319"
"1174","-19.3908","34.4119"
"1175","-19.1681","34.2044"
"1176","-19.3356","34.3242"
"1177","-19.2244","34.0033"
"1178","-19.0603","34.1031"
"1179","-23.8858","35.4703"
"1180","-23.8506","35.3967"
"1181","-23.8734","35.3882"
"1182","-23.8447","35.5019"
"1183","-23.8011","35.5128"
"1184","-23.8652","35.3828"
"1185","-23.8666","35.3833"
"1186","-23.8792","35.4325"
"1187","-23.8667","35.3833"
"1188","-22.5419","34.2117"
"1189","-23.1253","34.6394"
"1190","-23.4256","34.4981"
"1191","-23.0914","34.3806"
"1192","-23.1418","34.479"
"1193","-21.1492","34.5686"
"1194","-21.4106","34.6436"
"1195","-21.1897","34.8467"
"1196","-21.3302","34.5971"
"1197","-21.3681","34.8647"
"1198","-21.0069","34.9678"
"1199","-21.3344","34.2825"
"1200","-23.7025","35.0594"
"1201","-23.8817","35.2292"
"1202","-23.9119","35.0317"
"1203","-24.0989","35.0133"
"1204","-23.8522","34.9311"
"1205","-23.9072","35.1939"
"1206","-23.7302","34.9507"
"1207","-24.0436","35.0886"
"1208","-24.0122","35.1633"
"1209","-23.9225","35.1619"
"1210","-23.8814","35.1528"
"1211","-23.7392","34.9769"
"1212","-23.8914","35.1082"
"1213","-24.4769","35.0303"
"1214","-24.3914","34.5503"
"1215","-24.5333","34.7736"
"1216","-24.4933","34.6478"
"1217","-24.4761","35.0175"
"1218","-24.4614","34.9828"
"1219","-24.3228","34.915"
"1220","-24.4022","35.1344"
"1221","-24.4769","35.0303"
"1222","-24.477","35.0303"
"1223","-21.5392","35.1886"
"1224","-21.4892","35.0556"
"1225","-21.6642","35.4389"
"1226","-21.7175","35.0947"
"1227","-21.5329","35.1992"
"1228","-21.5333","35.2"
"1229","-24.2424","35.3219"
"1230","-24.1447","35.2175"
"1231","-24.1108","35.3172"
"1232","-24.0517","35.3222"
"1233","-24.3025","35.1139"
"1234","-24.2653","35.2372"
"1235","-24.1342","35.3027"
"1236","-22.0239","34.1442"
"1237","-21.7417","33.8797"
"1238","-21.6842","33.5044"
"1239","-22.1389","33.5361"
"1240","-21.8944","34.1875"
"1241","-21.9743","33.6176"
"1242","-23.3336","35.3797"
"1243","-22.8739","35.3019"
"1244","-23.2869","35.4294"
"1245","-23.4294","35.3375"
"1246","-22.4356","34.6528"
"1247","-23.332","35.382"
"1248","-23.1947","35.3819"
"1249","-22.9461","35.4461"
"1250","-22.8556","35.1806"
"1251","-23.1003","35.2531"
"1252","-23.3327","35.382"
"1253","-23.332","35.382"
"1254","-22.7664","35.0203"
"1255","-23.3303","35.3793"
"1256","-24.0322","35.2606"
"1257","-23.9353","35.2986"
"1258","-23.8178","35.3483"
"1259","-23.8617","35.3433"
"1260","-23.8661","35.2858"
"1261","-24.0044","35.2861"
"1262","-23.7614","35.3183"
"1263","-23.8614","35.342"
"1264","-23.8611","35.3411"
"1265","-23.851","35.3652"
"1266","-23.8179","35.3477"
"1267","-23.7169","35.3619"
"1268","-23.4668","35.1709"
"1269","-23.6594","35.1617"
"1270","-23.7281","35.1886"
"1271","-23.5539","35.3406"
"1272","-23.1722","35.0583"
"1273","-23.7881","35.2686"
"1274","-23.6731","35.4033"
"1275","-23.6189","35.2489"
"1276","-23.4394","35.2333"
"1277","-23.6561","35.3428"
"1278","-23.7875","34.7256"
"1279","-24.2083","34.8625"
"1280","-24.0281","34.8772"
"1281","-24.3575","34.1131"
"1282","-24.0664","34.7289"
"1283","-21.9844","35.3211"
"1284","-22.017","35.3126"
"1285","-22.3106","35.4267"
"1286","-22.2269","34.785"
"1287","-21.9928","35.3197"
"1288","-22.6275","35.1633"
"1289","-21.9861","35.1619"
"1290","-22.6578","35.2583"
"1291","-22.2522","35.1119"
"1292","-22","35.3167"
"1293","-24.5283","34.4189"
"1294","-24.7953","34.5728"
"1295","-24.59","35.0164"
"1296","-24.7156","34.4322"
"1297","-24.7627","34.3502"
"1298","-24.715","34.7478"
"1299","-24.5825","34.8036"
"1300","-24.6319","34.5722"
"1301","-24.5975","34.9211"
"1302","-24.5889","34.8486"
"1303","-24.6972","34.4197"
"1304","-24.7122","34.4399"
"1305","-25.0683","33.6583"
"1306","-25.0469","33.6917"
"1307","-25.0532","33.644"
"1308","-25.0819","33.6664"
"1309","-25.1156","33.7294"
"1310","-25.0597","33.7089"
"1311","-25.0297","33.3628"
"1312","-25.2817","33.2519"
"1313","-24.9533","33.0644"
"1314","-24.9333","33.3628"
"1315","-25.0319","33.0988"
"1316","-24.8608","33.4117"
"1317","-24.8711","33.12"
"1318","-25.0092","32.9847"
"1319","-24.8606","33.2836"
"1320","-25.0811","33.2578"
"1321","-25.1219","33.0894"
"1322","-24.6843","33.5324"
"1323","-24.6894","33.5328"
"1324","-24.6906","33.5406"
"1325","-24.3097","33.63"
"1326","-24.5731","33.7569"
"1327","-24.7522","33.67"
"1328","-24.7042","33.7042"
"1329","-24.68","33.7872"
"1330","-24.6625","33.3458"
"1331","-24.7017","33.5739"
"1332","-24.6867","33.5334"
"1333","-24.8175","33.7662"
"1334","-24.6833","33.5333"
"1335","-24.6751","33.5612"
"1336","-24.6927","33.5269"
"1337","-24.1128","33.7797"
"1338","-24.6924","33.5276"
"1339","-22.2653","32.5283"
"1340","-21.9694","32.1147"
"1341","-22.7322","32.0608"
"1342","-22.8467","31.9656"
"1343","-23.0672","32.2219"
"1344","-22.4572","31.33"
"1345","-22.2031","31.6383"
"1346","-22.0775","31.6783"
"1347","-22.8322","33.5433"
"1348","-22.355","33.0761"
"1349","-23.4575","33.4253"
"1350","-22.2547","32.9147"
"1351","-22.9576","33.3487"
"1352","-23.5167","33.5067"
"1353","-24.53","32.9869"
"1354","-24.4287","32.9795"
"1355","-24.5274","33.0051"
"1356","-24.5668","32.9186"
"1357","-24.6369","33.1778"
"1358","-24.7392","33.1261"
"1359","-24.6794","33.0183"
"1360","-24.7536","32.8836"
"1361","-24.17","32.6411"
"1362","-24.5404","32.9991"
"1363","-24.5331","32.9974"
"1364","-24.5394","32.7508"
"1365","-24.7128","33.3736"
"1366","-24.7069","33.18"
"1367","-24.6681","33.0953"
"1368","-24.6768","33.3257"
"1369","-24.6881","33.2586"
"1370","-24.5858","33.0639"
"1371","-24.3073","32.6514"
"1372","-24.6228","33.1103"
"1373","-24.5864","33.0517"
"1374","-24.4992","33.0144"
"1375","-24.0498","33.3274"
"1376","-24.5875","33.2331"
"1377","-24.3667","33.2028"
"1378","-24.3628","32.9033"
"1379","-24.5115","33.1033"
"1380","-24.2375","32.8375"
"1381","-23.7759","33.571"
"1382","-24.7392","33.1261"
"1383","-23.8488","32.621"
"1384","-23.8508","32.6228"
"1385","-23.4281","32.5547"
"1386","-23.6972","32.5214"
"1387","-23.8392","32.5297"
"1388","-24.0714","32.6439"
"1389","-24.1422","32.7256"
"1390","-24.7122","33.8861"
"1391","-24.9206","34.1911"
"1392","-24.8597","34.4117"
"1393","-24.7961","34.1875"
"1394","-24.8881","34.315"
"1395","-24.6339","33.8375"
"1396","-24.6722","34.0692"
"1397","-24.4889","33.9569"
"1398","-24.8072","33.9817"
"1399","-24.8719","33.8717"
"1400","-24.5947","34.3961"
"1401","-24.7133","33.8838"
"1402","-24.8831","33.9781"
"1403","-24.7547","34.0256"
"1404","-24.6756","33.9258"
"1405","-24.5753","33.9153"
"1406","-24.5869","34.0697"
"1407","-24.8011","33.8158"
"1408","-24.9108","34.0406"
"1409","-24.6858","33.9664"
"1410","-24.7162","33.8829"
"1411","-21.5839","32.9375"
"1412","-21.55","32.8117"
"1413","-21.3599","32.4284"
"1414","-23.9186","32.1625"
"1415","-24.0314","32.4344"
"1416","-23.8564","32.2242"
"1417","-23.9192","32.0303"
"1418","-23.5619","31.92"
"1419","-23.8122","32.0439"
"1420","-24.1675","32.4961"
"1421","-24.1233","32.5931"
"1422","-24.9944","33.5506"
"1423","-24.8706","33.8306"
"1424","-25.1272","33.555"
"1425","-24.9425","33.4456"
"1426","-25.0084","33.7899"
"1427","-24.8922","33.7306"
"1428","-24.8747","33.5089"
"1429","-25.0667","33.8583"
"1430","-24.964","33.7834"
"1431","-25.1525","33.4853"
"1432","-25.0314","33.485"
"1433","-24.9942","33.9328"
"1434","-24.8544","33.6919"
"1435","-25.135","33.5864"
"1436","-25.0269","33.7081"
"1437","-25.9108","32.4927"
"1438","-25.8859","32.5484"
"1439","-26.8083","32.7542"
"1440","-25.9102","32.5297"
"1441","-25.9534","32.487"
"1442","-25.9142","32.5328"
"1443","-25.9661","32.4523"
"1444","-25.9502","32.4578"
"1445","-25.9106","32.5175"
"1446","-25.9341","32.4759"
"1447","-25.8768","32.4834"
"1448","-25.9083","32.5292"
"1449","-25.7812","32.5344"
"1450","-25.9306","32.4804"
"1451","-25.9197","32.5289"
"1452","-25.8949","32.4615"
"1453","-25.9669","32.4667"
"1454","-25.8267","32.4525"
"1455","-25.8875","32.5341"
"1456","-25.9103","32.4597"
"1457","-25.7389","32.5392"
"1458","-25.8983","32.5391"
"1459","-25.7908","32.4366"
"1460","-25.8405","32.5419"
"1461","-25.9064","32.5164"
"1462","-25.9394","32.4553"
"1463","-25.9561","32.4329"
"1464","-26.0489","32.3253"
"1465","-26.0644","32.2861"
"1466","-25.9189","32.3941"
"1467","-26.0003","32.2922"
"1468","-25.96","32.4173"
"1469","-26.0883","32.2592"
"1470","-26.0756","32.2767"
"1471","-26.0471","32.3349"
"1472","-26.0086","32.3366"
"1473","-25.8408","32.3636"
"1474","-26.0131","32.4186"
"1475","-26.1589","32.3461"
"1476","-26.0667","32.325"
"1477","-25.0289","32.6497"
"1478","-24.9008","32.3494"
"1479","-24.6667","32.5833"
"1480","-25.0094","32.6964"
"1481","-24.5692","32.6619"
"1482","-24.8864","32.5286"
"1483","-24.7994","32.8589"
"1484","-25.0231","32.648"
"1485","-25.075","32.5542"
"1486","-25.0195","32.6495"
"1487","-25.0469","32.7855"
"1488","-25.4961","32.6525"
"1489","-25.1792","32.8522"
"1490","-25.5106","32.7264"
"1491","-25.0456","32.8053"
"1492","-25.3092","32.8331"
"1493","-25.4092","32.8081"
"1494","-25.2784","32.8069"
"1495","-25.2872","32.7406"
"1496","-25.2247","32.6644"
"1497","-25.1572","32.8006"
"1498","-25.0936","32.9175"
"1499","-25.2622","32.8647"
"1500","-25.4561","32.7753"
"1501","-25.3539","32.9336"
"1502","-25.25","32.7361"
"1503","-25.6619","32.6725"
"1504","-25.7083","32.6125"
"1505","-25.7494","32.6632"
"1506","-25.7395","32.6743"
"1507","-25.7847","32.6339"
"1508","-25.7297","32.6733"
"1509","-25.5644","32.7994"
"1510","-25.725","32.5833"
"1511","-25.6","32.6667"
"1512","-25.6752","32.6667"
"1513","-26.84","32.2852"
"1514","-26.3684","32.6189"
"1515","-26.8372","32.8839"
"1516","-26.4745","32.6511"
"1517","-26.7508","32.8267"
"1518","-26.3281","32.4158"
"1519","-26.8167","32.4167"
"1520","-25.9694","32.6915"
"1521","-26.6018","32.5372"
"1522","-26.2156","32.8858"
"1523","-26.602","32.5371"
"1524","-26.672","32.1823"
"1525","-26.0855","32.6245"
"1526","-26.1916","32.9335"
"1527","-26.4883","32.5747"
"1528","-26.6733","32.1783"
"1529","-25.2392","32.1375"
"1530","-25.4956","32.0794"
"1531","-25.8597","32.1542"
"1532","-25.6456","32.4967"
"1533","-25.6961","32.345"
"1534","-25.7511","32.395"
"1535","-25.3217","32.2553"
"1536","-25.4442","31.9897"
"1537","-25.5986","32.245"
"1538","-26.04","32.2575"
"1539","-25.9911","32.0133"
"1540","-26.2958","32.1877"
"1541","-26.2014","32.1389"
"1542","-26.1941","32.2175"
"1543","-26.4333","32.243"
"1544","-25.8647","32.2864"
"1545","-25.9866","32.0326"
"1546","-25.9868","32.0325"
"1547","-25.9673","32.5899"
"1548","-25.9739","32.5833"
"1549","-25.9606","32.57"
"1550","-25.9512","32.5554"
"1551","-25.9771","32.5874"
"1552","-25.9628","32.5944"
"1553","-25.9511","32.5822"
"1554","-25.9581","32.5913"
"1555","-25.9464","32.5625"
"1556","-25.9507","32.557"
"1557","-25.9511","32.5556"
"1558","-25.9378","32.5664"
"1559","-25.9478","32.545"
"1560","-25.9467","32.5436"
"1561","-25.9483","32.59"
"1562","-25.935","32.605"
"1563","-25.9144","32.6097"
"1564","-25.9317","32.5858"
"1565","-25.8422","32.6414"
"1566","-25.9061","32.6561"
"1567","-25.9147","32.5961"
"1568","-25.8603","32.6703"
"1569","-25.8719","32.6303"
"1570","-25.9303","32.5864"
"1571","-25.8742","32.5986"
"1572","-25.8287","32.5713"
"1573","-25.8975","32.5706"
"1574","-25.8594","32.5664"
"1575","-25.8461","32.5972"
"1576","-25.9164","32.5594"
"1577","-26.0112","32.5675"
"1578","-25.9961","32.5308"
"1579","-26.0231","32.5789"
"1580","-26.0569","32.9125"
"1581","-26.0031","32.9203"
"1582","-26.017","32.9501"
"1583","-17.8751","36.8875"
"1584","-19.116","33.4494"
"1585","-19.1157","33.449"
"1586","-26.0467","32.3341"
"1587","-25.9668","32.4667"
"1588","-25.9401","32.581"
"1589","-25.9397","32.5808"
"1590","-25.9391","32.5805"
