-- phpMyAdmin SQL Dump
-- version 4.1.12
-- http://www.phpmyadmin.net
--
-- Host: localhost:8889
-- Generation Time: Sep 14, 2016 at 12:33 PM
-- Server version: 5.5.34
-- PHP Version: 5.5.10

SET SQL_MODE = "NO_AUTO_VALUE_ON_ZERO";
SET time_zone = "+00:00";

--
-- Database: `sara`
--

-- --------------------------------------------------------

--
-- Table structure for table `areas`
--

CREATE TABLE `areas` (
  `id` int(11) NOT NULL AUTO_INCREMENT,
  `name` varchar(255) NOT NULL,
  PRIMARY KEY (`id`)
) ENGINE=InnoDB  DEFAULT CHARSET=utf8 AUTO_INCREMENT=749 ;

--
-- Dumping data for table `areas`
--

INSERT INTO `areas` (`id`, `name`) VALUES
(1, 'MISAU'),
(2, 'Niassa'),
(3, 'Cabo Delgado'),
(4, 'Nampula'),
(5, 'Tete'),
(6, 'Zambezia'),
(7, 'Manica'),
(8, 'Sofala'),
(9, 'Gaza'),
(10, 'Inhambane'),
(11, 'Maputo cidade'),
(12, 'Maputo'),
(13, 'Chimbonila'),
(14, 'Cuamba'),
(15, 'Lago'),
(16, 'Lichinga'),
(17, 'Majune'),
(18, 'Mandimba'),
(19, 'Marrupa'),
(20, 'Maúa'),
(21, 'Mavago'),
(22, 'Mecanhelas'),
(23, 'Mecula'),
(24, 'Metarica'),
(25, 'Muembe'),
(26, 'N''gaúma'),
(27, 'Nipepe'),
(28, 'Sanga'),
(31, 'Ancuabe'),
(32, 'Balama'),
(33, 'Chiúre'),
(34, 'Ibo'),
(35, 'Macomia'),
(36, 'Mecúfi'),
(37, 'Meluco'),
(38, 'Metuge'),
(39, 'Mocímboa da Praia'),
(40, 'Montepuez'),
(41, 'Mueda'),
(42, 'Muidumbe'),
(43, 'Namuno'),
(44, 'Nangade'),
(45, 'Palma'),
(46, 'Pemba'),
(47, 'Quissanga'),
(50, 'Angoche'),
(51, 'Eráti'),
(52, 'Ilha de Moçambique'),
(53, 'Lalaua'),
(54, 'Larde'),
(55, 'Liúpo'),
(56, 'Malema'),
(57, 'Meconta'),
(58, 'Mecubúri'),
(59, 'Memba'),
(60, 'Mogincual'),
(61, 'Mogovolas'),
(62, 'Moma'),
(63, 'Monapo'),
(64, 'Mossuril'),
(65, 'Muecate'),
(66, 'Murrupula'),
(67, 'Nacala-a-Velha'),
(68, 'Nacala'),
(69, 'Nacarôa'),
(71, 'Rapale'),
(72, 'Ribáuè'),
(76, 'Nampula'),
(77, 'Angónia'),
(78, 'Cahora-Bassa'),
(79, 'Changara'),
(80, 'Chifunde'),
(81, 'Chiúta'),
(82, 'Dôa'),
(83, 'Macanga'),
(84, 'Mágoè'),
(85, 'Marara'),
(86, 'Marávia'),
(87, 'Moatize'),
(88, 'Mutarara'),
(89, 'Tete'),
(90, 'Tsangano'),
(91, 'Zumbo'),
(93, 'Alto Molócuè'),
(94, 'Chinde'),
(95, 'Derre'),
(96, 'Gilé'),
(97, 'Gurué'),
(98, 'Ile'),
(99, 'Inhassunge'),
(100, 'Lugela'),
(101, 'Maganja da Costa'),
(102, 'Milange'),
(103, 'Mocuba'),
(104, 'Mocubela'),
(105, 'Molumbo'),
(106, 'Mopeia'),
(107, 'Morrumbala'),
(108, 'Mulevala'),
(109, 'Namacurra'),
(110, 'Namarroi'),
(111, 'Nicoadala'),
(112, 'Pebane'),
(113, 'Quelimane'),
(114, 'Luabo'),
(117, 'Báruè'),
(118, 'Chimoio'),
(119, 'Gondola'),
(120, 'Guro'),
(121, 'Macate'),
(122, 'Machaze'),
(123, 'Macossa'),
(124, 'Manica'),
(125, 'Mossurize'),
(126, 'Sussundenga'),
(127, 'Tambara'),
(128, 'Vanduzi'),
(130, 'Beira'),
(131, 'Búzi'),
(132, 'Caia'),
(133, 'Chemba'),
(134, 'Cheringoma'),
(135, 'Chibabava'),
(136, 'Dondo'),
(137, 'Gorongosa'),
(138, 'Machanga'),
(139, 'Marínguè'),
(140, 'Marromeu'),
(141, 'Muanza'),
(142, 'Nhamatanda'),
(145, 'Bilene'),
(146, 'Chibuto'),
(147, 'Chicualacuala'),
(148, 'Chigubo'),
(149, 'Chókwè'),
(150, 'Guijá'),
(151, 'Mabalane'),
(152, 'Mandlakazi'),
(153, 'Massangena'),
(154, 'Massingir'),
(155, 'Xai-Xai'),
(159, 'Funhalouro'),
(160, 'Govuro'),
(161, 'Homoíne'),
(162, 'Inhambane'),
(163, 'Inharrime'),
(164, 'Inhassoro'),
(165, 'Jangamo'),
(166, 'Mabote'),
(167, 'Massinga'),
(168, 'Maxixe'),
(169, 'Morrumbene'),
(170, 'Panda'),
(171, 'Vilankulo'),
(172, 'Zavala'),
(175, 'KaMphumo'),
(176, 'Nlhamankulu'),
(177, 'KaMaxaqueni'),
(178, 'KaMavota'),
(179, 'KaMubukwana'),
(180, 'KaTembe'),
(181, 'KaNyaka'),
(182, 'Boane'),
(183, 'Magude'),
(184, 'Manhiça'),
(185, 'Marracuene'),
(186, 'Matola'),
(187, 'Matutuíne'),
(188, 'Moamba'),
(189, 'Namaacha'),
(190, 'Chimbonila'),
(191, 'Lione'),
(193, 'Etatara'),
(194, 'Lúrio'),
(195, 'Cobué'),
(196, 'Lunho'),
(197, 'Maniamba'),
(198, 'Metangula'),
(199, 'Malanga'),
(200, 'Muaquia'),
(202, 'Mandimba'),
(203, 'Mitande'),
(204, 'Marangira'),
(205, 'Marrupa'),
(206, 'Nungo'),
(207, 'Maiaca'),
(208, 'Maúa'),
(209, 'Mavago'),
(210, 'M''sawize'),
(211, 'Chiuta'),
(212, 'Insaca'),
(213, 'Matondovela'),
(214, 'Mecula'),
(215, 'Metarica'),
(216, 'Nacumua'),
(217, 'Chiconono'),
(218, 'Muembe'),
(219, 'Itepela'),
(220, 'Massangulo'),
(221, 'Muipite'),
(222, 'Nipepe'),
(223, 'Lussimbesse'),
(224, 'Macaloge'),
(225, 'Matchedje'),
(226, 'Unango'),
(227, 'Ancuabe'),
(228, 'Metoro'),
(229, 'Mesa'),
(230, 'Balama'),
(231, 'Impiri'),
(232, 'Kuékué'),
(233, 'Mavala'),
(234, 'Chiúre'),
(235, 'Chiúre-Velho'),
(236, 'Katapua'),
(238, 'Namogelia'),
(239, 'Ocua'),
(240, 'Ibo'),
(241, 'Quirimba'),
(242, 'Chai'),
(243, 'Macomia'),
(244, 'Mucojo'),
(245, 'Quiterajo'),
(246, 'Mecúfi'),
(247, 'Murrébuè'),
(248, 'Meluco'),
(249, 'Muaguide'),
(250, 'Metuge'),
(252, 'Diaca'),
(253, 'Mbau'),
(254, 'Mocímboa da Praia'),
(255, 'Mapupulo'),
(256, 'Mirate'),
(257, 'Nairoto'),
(258, 'Namanhumbir'),
(259, 'Chapa'),
(260, 'Imbuo'),
(261, 'Mueda'),
(262, 'Negomano'),
(263, 'N''gapa'),
(264, 'Chitunda'),
(265, 'Miteda'),
(266, 'Muidumbe'),
(267, 'Hucula'),
(269, 'Machoca'),
(270, 'Meloco'),
(271, 'Papai'),
(272, 'N''cumpe'),
(273, 'Nangade'),
(274, 'N''tamba'),
(275, 'Olumbi'),
(276, 'Palma'),
(277, 'Pundanhar'),
(278, 'Quionga'),
(279, 'Bilibiza'),
(280, 'Mahate'),
(281, 'Quissanga'),
(282, 'Angoche'),
(283, 'Aube'),
(284, 'Boila'),
(285, 'Namaponda'),
(286, 'Alua'),
(287, 'Namapa'),
(288, 'Namiroa'),
(289, 'Lalaua'),
(290, 'Meti'),
(291, 'Chihulo'),
(292, 'Malema'),
(293, 'Mutuali'),
(294, '7 de Abril'),
(295, 'Corrane'),
(296, 'Meconta'),
(297, 'Namialo'),
(298, 'Mecubúri'),
(299, 'Milhana'),
(300, 'Muite'),
(301, 'Namina'),
(302, 'Chipene'),
(303, 'Lúrio'),
(304, 'Mazua'),
(305, 'Memba'),
(306, 'Chunga'),
(307, 'Namige'),
(309, 'Quixaxe'),
(310, 'Calipo'),
(311, 'Iulúti'),
(312, 'Muatua'),
(313, 'Nametil'),
(314, 'Nanhupo Rio'),
(315, 'Chalaua'),
(316, 'Moma'),
(318, 'Itoculo'),
(319, 'Monapo'),
(320, 'Netia'),
(321, 'Lunga'),
(322, 'Matibane'),
(323, 'Mossuril'),
(324, 'Imala'),
(325, 'Muculuone'),
(326, 'Muecate'),
(327, 'Chinga'),
(328, 'Murrupula'),
(329, 'Nihessiue'),
(330, 'Covo'),
(331, 'Nacala-a-Velha'),
(332, 'Inteta'),
(333, 'Nacarôa'),
(334, 'Saua-Saua'),
(336, 'Mutivaze'),
(337, 'Namaita'),
(338, 'Rapale'),
(339, 'Cunle'),
(340, 'Iapala'),
(341, 'Ribaué'),
(342, 'Urbano Central'),
(343, 'Muatala'),
(344, 'Muhala'),
(345, 'Namikopo'),
(346, 'Napipine'),
(348, 'Alto Molócuè'),
(349, 'Nauela'),
(350, 'Chinde'),
(351, 'Luabo'),
(352, 'Micaune'),
(353, 'Alto Ligonha'),
(354, 'Gilé'),
(355, 'Lioma'),
(356, 'Mepuagiua'),
(357, 'Ile'),
(359, 'Socone'),
(360, 'Gonhane'),
(362, 'Lugela'),
(363, 'Muabanama'),
(364, 'Munhamade'),
(365, 'Tacuane'),
(367, 'Maganja da Costa'),
(369, 'Baixo Licungo'),
(370, 'Majaua'),
(371, 'Milange'),
(373, 'Mongue'),
(374, 'Mocuba'),
(375, 'Mugeba'),
(376, 'Namanjavira'),
(377, 'Campo'),
(378, 'Mopeia'),
(379, 'Chire'),
(381, 'Megaza'),
(382, 'Morrumbala'),
(383, 'Macuse'),
(384, 'Namacurra'),
(385, 'Namarroi'),
(386, 'Regone'),
(387, 'Munhonha'),
(388, 'Namacata'),
(389, 'Mulela'),
(390, 'Naburi'),
(391, 'Pebane'),
(392, 'Domué'),
(393, 'Ulongué'),
(394, 'Chitholo'),
(395, 'Chitima'),
(396, 'Songo'),
(397, 'Chiôco'),
(398, 'Luenha'),
(400, 'Chifunde'),
(401, 'Mualadze'),
(402, 'N''Sadzu'),
(403, 'Kazula'),
(404, 'Manje'),
(405, 'Chidzolomondo'),
(406, 'Furancungo'),
(407, 'Chinthopo'),
(408, 'Mphende'),
(409, 'Mukumbura'),
(410, 'Chipera'),
(411, 'Chiputu'),
(412, 'Fingoé'),
(413, 'Malowera'),
(414, 'Kambulatsitsi'),
(415, 'Moatize'),
(416, 'Zobué'),
(417, 'Charre'),
(418, 'Inhangoma'),
(419, 'Nhamayabué'),
(420, 'Netengo-Wa-Mbalame'),
(421, 'Tsangano'),
(422, 'Muze'),
(423, 'Zâmbuè'),
(424, 'Zumbo'),
(425, 'Catandica-Sede'),
(426, 'Choa'),
(427, 'Nhampassa'),
(428, 'Gondola-Sede'),
(429, 'Amatongas'),
(430, 'Cafumpe'),
(431, 'Inchope'),
(432, 'Guro-Sede'),
(433, 'Mandié'),
(434, 'Mungari'),
(435, 'Nhamansonge'),
(436, 'Chitobe-Sede'),
(437, 'Save'),
(438, 'Macossa-Sede'),
(439, 'Nhamagua'),
(440, 'Nguawala'),
(441, 'Manica-Sede'),
(442, 'Machipanda'),
(443, 'Mavonde'),
(444, 'Messica'),
(445, 'Espungabera-Sede'),
(446, 'Chiuraiure'),
(447, 'Dacata'),
(448, 'Sussundenga-Sede'),
(449, 'Dombe'),
(450, 'Muoha'),
(451, 'Rotanda'),
(452, 'Nhacolo-Sede'),
(453, 'Búzua'),
(454, 'Nhacafula'),
(455, 'Macate'),
(456, 'Zembe'),
(457, 'Vandúzi'),
(458, 'Matsinho'),
(459, 'Búzi-Sede'),
(460, 'Estaquinha'),
(461, 'Sofala'),
(462, 'Caia-Sede'),
(463, 'Murraça'),
(464, 'Sena'),
(465, 'Chemba-Sede'),
(466, 'Chiramba'),
(467, 'Mulima'),
(468, 'Inhaminga-Sede'),
(469, 'Inhamitanga'),
(470, 'Chibabava-Sede'),
(471, 'Goondo'),
(472, 'Muxunguè'),
(473, 'Dondo Sede'),
(474, 'Mafambisse'),
(475, 'Gorongosa-Sede'),
(476, 'Nhamadze'),
(477, 'Vunduzi'),
(478, 'Machanga-Sede'),
(479, 'Divihne'),
(480, 'Marrínguè-Sede'),
(481, 'Canxixe'),
(482, 'Súbwè'),
(483, 'Marromeu-Sede'),
(484, 'Chupanga'),
(485, 'Muanza-Sede'),
(486, 'Galinha'),
(487, 'Nhamatanda-Sede'),
(488, 'Tica'),
(489, 'Funhalouro-Sede'),
(490, 'Tome'),
(491, 'Mavume'),
(492, 'Mambone'),
(493, 'Save'),
(494, 'Pande'),
(495, 'Homoíne-Sede'),
(496, 'Pembe'),
(497, 'Inharrime-Sede'),
(498, 'Mucumbi'),
(499, 'Inhassoro-Sede'),
(500, 'Bazaruto'),
(501, 'Mahimelane'),
(502, 'Jangamo-Sede'),
(503, 'Cumbana'),
(504, 'Mabote-Sede'),
(505, 'Zinave'),
(506, 'Zimane'),
(507, 'Massinga-Sede'),
(508, 'Chicomo'),
(509, 'Lihonzuane'),
(510, 'Morrumbene-Sede'),
(511, 'Mocodoene'),
(512, 'Panda-Sede'),
(513, 'Mawayela'),
(514, 'Urrene'),
(515, 'Vilankulo-Sede'),
(516, 'Mapinhane'),
(517, 'Quewene'),
(518, 'Quissico-Sede'),
(519, 'Zandamela'),
(520, 'Chongoene'),
(521, 'Chicumbane'),
(522, 'Zongoene'),
(523, 'Macia'),
(524, 'Chissano'),
(525, 'Makluane'),
(526, 'Mazivila'),
(527, 'Messano'),
(528, 'Praia do Bilene'),
(529, 'Chibuto-Sede'),
(530, 'Alto Changane'),
(531, 'Chaimite'),
(532, 'Changanine'),
(533, 'Godide'),
(534, 'Malehice'),
(535, 'Chigubo-Sede'),
(536, 'Dindiza'),
(537, 'Eduardo Mondlane'),
(538, 'Mapai'),
(539, 'Pafuri'),
(540, 'Chókwè-Sede'),
(541, 'Xilembene'),
(542, 'Lionde'),
(543, 'Macarretane'),
(544, 'Caniçado-Sede'),
(545, 'Chivongoene'),
(546, 'Mubangoene'),
(547, 'Nalázi'),
(548, 'Mabalane-Sede'),
(549, 'Combomune'),
(550, 'Ntlavene'),
(551, 'Mandlakazi-Sede'),
(552, 'Chibonzane'),
(553, 'Chidenguele'),
(554, 'Macuácuá'),
(555, 'Mazucane'),
(556, 'Nguzene'),
(557, 'Xhalala'),
(558, 'Massingir-Sede'),
(559, 'Mavodze'),
(560, 'Zulu'),
(561, 'Massangena-Sede'),
(562, 'Mávuè'),
(563, 'Boane-Sede'),
(564, 'Matola-Rio'),
(565, 'Magude-Sede'),
(566, 'Mahele'),
(567, 'Mapunguene'),
(568, 'Motaze'),
(569, 'Panjane'),
(570, 'Manhiça-Sede'),
(571, '3 de Fevereiro'),
(572, 'Calanga'),
(573, 'Ilha Josina Machel'),
(574, 'Maluana'),
(575, 'Xinavane'),
(576, 'Marracuene-Sede'),
(577, 'Machubo'),
(578, 'Bela-Vista-Sede'),
(579, 'Catuane'),
(580, 'Machangulo'),
(581, 'Zitundo'),
(582, 'Moamba-Sede'),
(583, 'Pessene'),
(584, 'Ressano Garcia'),
(585, 'Sabié'),
(586, 'Namaacha-Sede'),
(587, 'Changalane'),
(588, 'Infulene'),
(589, 'Machava'),
(590, 'Matola-Sede'),
(591, 'Infantário Público da Matola'),
(592, 'Cidade de Xai-xai'),
(593, 'Infantário Público de Gaza'),
(594, 'Chamanculo ''A'''),
(596, 'Centro de Apóio à Velhice de Messano'),
(597, 'Centro de Apóio à Velhice de Chongoene'),
(598, 'Centro de Apóio à Velhice de Massinga'),
(599, 'Luís Cabral'),
(600, 'Jardim'),
(603, 'Centro de Acolhimento de Mandlakazi'),
(604, 'Centro de Acolhimento de Xai-Xai'),
(606, 'Asa da Criança'),
(607, 'Inanga'),
(608, 'Laura Zicuna'),
(609, 'Posto Campo'),
(610, 'Centro de trânsito de Vilankulo'),
(611, 'Malhangalene ''A'''),
(613, 'Meponda'),
(614, 'Mieze'),
(616, 'Lumbo'),
(618, 'Larde'),
(619, 'Liúpo'),
(620, 'Larde'),
(621, 'Macone'),
(622, 'Mucujua'),
(624, 'Nacala-Porto'),
(625, 'Nacala-Porto'),
(628, 'Mpandula'),
(629, 'Kaunda'),
(630, 'Chueza'),
(632, 'Kachembe'),
(633, 'Ancuaze'),
(635, 'Boroma'),
(636, 'Marara'),
(637, 'Unkanha'),
(638, 'Mutala'),
(639, 'Guerisa'),
(640, 'Derre'),
(641, 'Tetete'),
(642, 'Mepuagiua'),
(643, 'Inhassunge'),
(645, 'Munhiba'),
(646, 'Bajone'),
(647, 'Molumbo'),
(648, 'Molumbo'),
(649, 'Sambalendo'),
(650, 'Mulevala'),
(651, 'Mulevala'),
(652, 'Nicoadala'),
(653, 'Maquival'),
(654, 'Quelimane'),
(655, '25 de Setembro'),
(656, 'Mazeze'),
(657, 'Montepuez'),
(658, 'Larde'),
(659, 'Mucuali'),
(660, 'Dôa'),
(661, 'Mufa Kakonde'),
(662, 'Machindo'),
(663, 'Guerisa'),
(664, 'Gurué'),
(665, 'Mocubela'),
(666, 'Corromane'),
(667, 'Chiraco'),
(668, 'Madal'),
(669, 'Samora Machel'),
(670, 'Derre'),
(671, 'Mbuane'),
(672, 'Ilha de Moçambique'),
(673, 'Quinga'),
(674, 'Gazuzo'),
(675, 'Muhecula'),
(676, 'Riane'),
(677, 'Salima'),
(678, 'Malhangalene ''B'''),
(679, 'Albazine'),
(681, 'Alto Maé ''A'''),
(682, 'Alto Maé ''B'''),
(683, 'Central ''A'''),
(684, 'Central ''B'''),
(685, 'Coop'),
(686, 'Polana ''A'''),
(687, 'Polana ''B'''),
(688, 'Sommershield'),
(689, 'Chamanculo ''B'''),
(690, 'Chamanculo ''C'''),
(691, 'Chamanculo ''D'''),
(692, 'Aeroporto ''A'''),
(693, 'Aeroporto ''B'''),
(694, 'Minkadjune'),
(695, 'Munhuana'),
(696, 'Xipamanine'),
(697, 'Unidade ''7'''),
(698, 'Malanga'),
(700, 'Mafalala'),
(701, 'Urbanização'),
(702, 'Maxaquene ''A'''),
(703, 'Maxaquene ''B'''),
(704, 'Maxaquene ''C'''),
(705, 'Maxaquene ''D'''),
(706, 'Polana Caniço ''A'''),
(707, 'Polana Caniço ''B'''),
(709, 'Central ''C'''),
(710, 'Costa do Sol'),
(711, 'FPLM'),
(712, 'Ferroviário'),
(713, 'Hulene ''A'''),
(714, 'Hulene ''B'''),
(715, 'Laulane'),
(716, 'Mavota'),
(717, '3 de Fevereiro'),
(718, 'Mavalane ''A'''),
(719, 'Mavalane ''B'''),
(720, 'Nsalene'),
(721, 'Inhagoia ''A'''),
(722, 'Inhagoia ''B'''),
(723, '25 de Junho ''A'''),
(724, '25 de Junho ''B'''),
(725, 'Bagamoio'),
(726, 'Geoge Dimitrov'),
(727, 'Malhazine'),
(728, 'Zimpeto'),
(729, 'Magoanine ''A'''),
(730, 'Magoanine ''B'''),
(731, 'Magoanine ''C'''),
(732, 'Incassane'),
(733, 'Chamissava'),
(734, 'Guachene'),
(735, 'Inguide'),
(736, 'Chali'),
(737, 'Inguane'),
(738, 'Ribzeni'),
(739, 'Nhaquene'),
(740, 'Nairrubi'),
(742, 'Nairrubi'),
(743, 'Mapai'),
(744, 'Machaila'),
(745, 'Chongoene'),
(746, 'Limpopo'),
(747, 'Chissano - Chicotane'),
(748, 'Loane - Licilo');

-- --------------------------------------------------------

--
-- Table structure for table `hierarchy_areas_areas`
--

CREATE TABLE `hierarchy_areas_areas` (
  `id` int(11) NOT NULL,
  `id_up` int(11) NOT NULL,
  PRIMARY KEY (`id`)
) ENGINE=InnoDB DEFAULT CHARSET=utf8;

--
-- Dumping data for table `hierarchy_areas_areas`
--

INSERT INTO `hierarchy_areas_areas` (`id`, `id_up`) VALUES
(1, 0),
(2, 1),
(3, 1),
(4, 1),
(5, 1),
(6, 1),
(7, 1),
(8, 1),
(9, 1),
(10, 1),
(11, 1),
(12, 1),
(13, 2),
(14, 2),
(15, 2),
(16, 2),
(17, 2),
(18, 2),
(19, 2),
(20, 2),
(21, 2),
(22, 2),
(23, 2),
(24, 2),
(25, 2),
(26, 2),
(27, 2),
(28, 2),
(31, 3),
(32, 3),
(33, 3),
(34, 3),
(35, 3),
(36, 3),
(37, 3),
(38, 3),
(39, 3),
(40, 3),
(41, 3),
(42, 3),
(43, 3),
(44, 3),
(45, 3),
(46, 3),
(47, 3),
(50, 4),
(51, 4),
(52, 4),
(53, 4),
(54, 4),
(55, 4),
(56, 4),
(57, 4),
(58, 4),
(59, 4),
(60, 4),
(61, 4),
(62, 4),
(63, 4),
(64, 4),
(65, 4),
(66, 4),
(67, 4),
(68, 4),
(69, 4),
(71, 4),
(72, 4),
(76, 4),
(77, 5),
(78, 5),
(79, 5),
(80, 5),
(81, 5),
(82, 5),
(83, 5),
(84, 5),
(85, 5),
(86, 5),
(87, 5),
(88, 5),
(89, 5),
(90, 5),
(91, 5),
(93, 6),
(94, 6),
(95, 6),
(96, 6),
(97, 6),
(98, 6),
(99, 6),
(100, 6),
(101, 6),
(102, 6),
(103, 6),
(104, 6),
(105, 6),
(106, 6),
(107, 6),
(108, 6),
(109, 6),
(110, 6),
(111, 6),
(112, 6),
(113, 6),
(114, 6),
(117, 7),
(118, 7),
(119, 7),
(120, 7),
(121, 7),
(122, 7),
(123, 7),
(124, 7),
(125, 7),
(126, 7),
(127, 7),
(128, 7),
(130, 8),
(131, 8),
(132, 8),
(133, 8),
(134, 8),
(135, 8),
(136, 8),
(137, 8),
(138, 8),
(139, 8),
(140, 8),
(141, 8),
(142, 8),
(145, 9),
(146, 9),
(147, 9),
(148, 9),
(149, 9),
(150, 9),
(151, 9),
(152, 9),
(153, 9),
(154, 9),
(155, 9),
(159, 10),
(160, 10),
(161, 10),
(162, 10),
(163, 10),
(164, 10),
(165, 10),
(166, 10),
(167, 10),
(168, 10),
(169, 10),
(170, 10),
(171, 10),
(172, 10),
(175, 11),
(176, 11),
(177, 11),
(178, 11),
(179, 11),
(180, 11),
(181, 11),
(182, 12),
(183, 12),
(184, 12),
(185, 12),
(186, 12),
(187, 12),
(188, 12),
(189, 12),
(190, 13),
(191, 13),
(193, 14),
(194, 14),
(195, 15),
(196, 15),
(197, 15),
(198, 15),
(199, 17),
(200, 17),
(202, 18),
(203, 18),
(204, 19),
(205, 19),
(206, 19),
(207, 20),
(208, 20),
(209, 21),
(210, 21),
(211, 22),
(212, 22),
(213, 23),
(214, 23),
(215, 24),
(216, 24),
(217, 25),
(218, 25),
(219, 26),
(220, 26),
(221, 27),
(222, 27),
(223, 28),
(224, 28),
(225, 28),
(226, 28),
(227, 31),
(228, 31),
(229, 31),
(230, 32),
(231, 32),
(232, 32),
(233, 32),
(234, 33),
(235, 33),
(236, 33),
(238, 33),
(239, 33),
(240, 34),
(241, 34),
(242, 35),
(243, 35),
(244, 35),
(245, 35),
(246, 36),
(247, 36),
(248, 37),
(249, 37),
(250, 38),
(252, 39),
(253, 39),
(254, 39),
(255, 40),
(256, 40),
(257, 40),
(258, 40),
(259, 41),
(260, 41),
(261, 41),
(262, 41),
(263, 41),
(264, 42),
(265, 42),
(266, 42),
(267, 43),
(269, 43),
(270, 43),
(271, 43),
(272, 43),
(273, 44),
(274, 44),
(275, 45),
(276, 45),
(277, 45),
(278, 45),
(279, 47),
(280, 47),
(281, 47),
(282, 50),
(283, 50),
(284, 50),
(285, 50),
(286, 51),
(287, 51),
(288, 51),
(289, 53),
(290, 53),
(291, 56),
(292, 56),
(293, 56),
(294, 57),
(295, 57),
(296, 57),
(297, 57),
(298, 58),
(299, 58),
(300, 58),
(301, 58),
(302, 59),
(303, 59),
(304, 59),
(305, 59),
(306, 60),
(307, 60),
(309, 60),
(310, 61),
(311, 61),
(312, 61),
(313, 61),
(314, 61),
(315, 62),
(316, 62),
(318, 63),
(319, 63),
(320, 63),
(321, 64),
(322, 64),
(323, 64),
(324, 65),
(325, 65),
(326, 65),
(327, 66),
(328, 66),
(329, 66),
(330, 67),
(331, 67),
(332, 69),
(333, 69),
(334, 69),
(336, 71),
(337, 71),
(338, 71),
(339, 72),
(340, 72),
(341, 72),
(342, 76),
(343, 76),
(344, 76),
(345, 76),
(346, 76),
(348, 93),
(349, 93),
(350, 94),
(351, 114),
(352, 94),
(353, 96),
(354, 96),
(355, 97),
(356, 97),
(357, 98),
(359, 98),
(360, 99),
(362, 100),
(363, 100),
(364, 100),
(365, 100),
(367, 101),
(369, 101),
(370, 102),
(371, 102),
(373, 102),
(374, 103),
(375, 103),
(376, 103),
(377, 106),
(378, 106),
(379, 107),
(381, 107),
(382, 107),
(383, 109),
(384, 109),
(385, 110),
(386, 110),
(387, 111),
(388, 111),
(389, 112),
(390, 112),
(391, 112),
(392, 77),
(393, 77),
(394, 78),
(395, 78),
(396, 78),
(397, 79),
(398, 79),
(400, 80),
(401, 80),
(402, 80),
(403, 81),
(404, 81),
(405, 83),
(406, 83),
(407, 84),
(408, 84),
(409, 84),
(410, 86),
(411, 86),
(412, 86),
(413, 86),
(414, 87),
(415, 87),
(416, 87),
(417, 88),
(418, 88),
(419, 88),
(420, 90),
(421, 90),
(422, 91),
(423, 91),
(424, 91),
(425, 117),
(426, 117),
(427, 117),
(428, 119),
(429, 119),
(430, 119),
(431, 119),
(432, 120),
(433, 120),
(434, 120),
(435, 120),
(436, 122),
(437, 122),
(438, 123),
(439, 123),
(440, 123),
(441, 124),
(442, 124),
(443, 124),
(444, 124),
(445, 125),
(446, 125),
(447, 125),
(448, 126),
(449, 126),
(450, 126),
(451, 126),
(452, 127),
(453, 127),
(454, 127),
(455, 121),
(456, 121),
(457, 128),
(458, 128),
(459, 131),
(460, 131),
(461, 131),
(462, 132),
(463, 132),
(464, 132),
(465, 133),
(466, 133),
(467, 133),
(468, 134),
(469, 134),
(470, 135),
(471, 135),
(472, 135),
(473, 136),
(474, 136),
(475, 137),
(476, 137),
(477, 137),
(478, 138),
(479, 138),
(480, 139),
(481, 139),
(482, 139),
(483, 140),
(484, 140),
(485, 141),
(486, 141),
(487, 142),
(488, 142),
(489, 159),
(490, 159),
(491, 159),
(492, 160),
(493, 160),
(494, 160),
(495, 161),
(496, 161),
(497, 163),
(498, 163),
(499, 164),
(500, 164),
(501, 164),
(502, 165),
(503, 165),
(504, 166),
(505, 166),
(506, 166),
(507, 167),
(508, 167),
(509, 167),
(510, 169),
(511, 169),
(512, 170),
(513, 170),
(514, 170),
(515, 171),
(516, 171),
(517, 171),
(518, 172),
(519, 172),
(520, 745),
(521, 746),
(522, 746),
(523, 145),
(524, 145),
(525, 145),
(526, 145),
(527, 145),
(528, 145),
(529, 146),
(530, 146),
(531, 146),
(532, 146),
(533, 146),
(534, 146),
(535, 148),
(536, 148),
(537, 147),
(538, 743),
(539, 147),
(540, 149),
(541, 149),
(542, 149),
(543, 149),
(544, 150),
(545, 150),
(546, 150),
(547, 150),
(548, 151),
(549, 151),
(550, 151),
(551, 152),
(552, 152),
(553, 152),
(554, 152),
(555, 745),
(556, 745),
(557, 152),
(558, 154),
(559, 154),
(560, 154),
(561, 153),
(562, 153),
(563, 182),
(564, 182),
(565, 183),
(566, 183),
(567, 183),
(568, 183),
(569, 183),
(570, 184),
(571, 184),
(572, 184),
(573, 184),
(574, 184),
(575, 184),
(576, 185),
(577, 185),
(578, 187),
(579, 187),
(580, 187),
(581, 187),
(582, 188),
(583, 188),
(584, 188),
(585, 188),
(586, 189),
(587, 189),
(588, 186),
(589, 186),
(590, 186),
(591, 590),
(592, 155),
(593, 592),
(594, 176),
(596, 527),
(597, 520),
(598, 507),
(599, 179),
(600, 179),
(603, 551),
(604, 592),
(606, 501),
(607, 499),
(608, 497),
(609, 377),
(610, 515),
(611, 175),
(613, 16),
(614, 46),
(616, 52),
(618, 54),
(619, 55),
(620, 618),
(621, 62),
(622, 63),
(624, 68),
(625, 624),
(628, 77),
(629, 81),
(630, 82),
(632, 85),
(633, 82),
(635, 85),
(636, 635),
(637, 86),
(638, 93),
(639, 95),
(640, 639),
(641, 97),
(642, 356),
(643, 99),
(645, 103),
(646, 104),
(647, 105),
(648, 647),
(649, 106),
(650, 108),
(651, 650),
(652, 111),
(653, 113),
(654, 653),
(655, 114),
(656, 36),
(657, 40),
(658, 618),
(659, 54),
(660, 82),
(661, 85),
(662, 95),
(663, 639),
(664, 97),
(665, 104),
(666, 105),
(667, 108),
(668, 113),
(669, 114),
(670, 95),
(671, 108),
(672, 52),
(673, 55),
(674, 66),
(675, 67),
(676, 72),
(677, 82),
(678, 175),
(679, 178),
(681, 175),
(682, 175),
(683, 175),
(684, 175),
(685, 175),
(686, 175),
(687, 175),
(688, 175),
(689, 176),
(690, 176),
(691, 176),
(692, 176),
(693, 176),
(694, 176),
(695, 176),
(696, 176),
(697, 176),
(698, 176),
(700, 177),
(701, 177),
(702, 177),
(703, 177),
(704, 177),
(705, 177),
(706, 177),
(707, 177),
(709, 175),
(710, 178),
(711, 178),
(712, 178),
(713, 178),
(714, 178),
(715, 178),
(716, 178),
(717, 178),
(718, 178),
(719, 178),
(720, 179),
(721, 179),
(722, 179),
(723, 179),
(724, 179),
(725, 179),
(726, 179),
(727, 179),
(728, 179),
(729, 179),
(730, 179),
(731, 179),
(732, 180),
(733, 180),
(734, 180),
(735, 180),
(736, 180),
(737, 181),
(738, 181),
(739, 181),
(740, 201),
(742, 17),
(743, 9),
(744, 743),
(745, 9),
(746, 9),
(747, 746),
(748, 746);

-- --------------------------------------------------------

--
-- Table structure for table `hierarchy_units_areas`
--

CREATE TABLE `hierarchy_units_areas` (
  `id_unit` int(11) NOT NULL,
  `id_area` int(11) NOT NULL,
  PRIMARY KEY (`id_unit`)
) ENGINE=InnoDB DEFAULT CHARSET=utf8;

--
-- Dumping data for table `hierarchy_units_areas`
--

INSERT INTO `hierarchy_units_areas` (`id_unit`, `id_area`) VALUES
(1, 16),
(2, 16),
(3, 16),
(4, 16),
(5, 16),
(6, 16),
(7, 16),
(8, 16),
(9, 16),
(10, 14),
(11, 14),
(12, 14),
(13, 14),
(14, 14),
(15, 14),
(16, 14),
(17, 14),
(18, 14),
(19, 14),
(20, 14),
(21, 14),
(22, 14),
(23, 14),
(24, 14),
(25, 14),
(26, 14),
(27, 14),
(28, 14),
(29, 15),
(30, 15),
(31, 15),
(32, 15),
(33, 15),
(34, 15),
(35, 15),
(36, 15),
(37, 15),
(38, 15),
(39, 15),
(40, 15),
(41, 15),
(42, 16),
(43, 16),
(44, 16),
(45, 16),
(46, 16),
(47, 16),
(48, 16),
(49, 16),
(50, 16),
(51, 16),
(52, 16),
(53, 16),
(54, 16),
(55, 16),
(56, 16),
(57, 16),
(58, 16),
(59, 17),
(60, 17),
(61, 17),
(62, 17),
(63, 17),
(64, 17),
(65, 17),
(66, 17),
(67, 18),
(68, 18),
(69, 18),
(70, 18),
(71, 18),
(72, 18),
(73, 18),
(74, 18),
(75, 18),
(76, 19),
(77, 19),
(78, 19),
(79, 19),
(80, 19),
(81, 19),
(82, 19),
(83, 19),
(84, 19),
(85, 19),
(86, 19),
(87, 20),
(88, 20),
(89, 20),
(90, 20),
(91, 20),
(92, 20),
(93, 20),
(94, 20),
(95, 21),
(96, 21),
(97, 21),
(98, 21),
(99, 22),
(100, 22),
(101, 22),
(102, 22),
(103, 22),
(104, 22),
(105, 22),
(106, 22),
(107, 22),
(108, 22),
(109, 22),
(110, 22),
(111, 23),
(112, 23),
(113, 23),
(114, 23),
(115, 23),
(116, 23),
(117, 23),
(118, 23),
(119, 23),
(120, 23),
(121, 23),
(122, 24),
(123, 24),
(124, 24),
(125, 24),
(126, 24),
(127, 24),
(128, 24),
(129, 24),
(130, 25),
(131, 25),
(132, 25),
(133, 25),
(134, 25),
(135, 26),
(136, 26),
(137, 26),
(138, 26),
(139, 26),
(140, 26),
(141, 26),
(142, 26),
(143, 27),
(144, 27),
(145, 27),
(146, 27),
(147, 27),
(148, 27),
(149, 27),
(150, 28),
(151, 28),
(152, 28),
(153, 28),
(154, 28),
(155, 28),
(156, 28),
(157, 28),
(158, 28),
(159, 28),
(160, 28),
(161, 46),
(162, 46),
(163, 46),
(164, 46),
(165, 46),
(166, 46),
(167, 46),
(168, 46),
(169, 46),
(170, 46),
(171, 46),
(172, 31),
(173, 31),
(174, 31),
(175, 31),
(176, 31),
(177, 31),
(178, 32),
(179, 32),
(180, 32),
(181, 32),
(182, 32),
(183, 32),
(184, 32),
(185, 32),
(186, 33),
(187, 33),
(188, 33),
(189, 33),
(190, 33),
(191, 33),
(192, 33),
(193, 33),
(194, 33),
(195, 33),
(196, 34),
(197, 34),
(198, 34),
(199, 35),
(200, 35),
(201, 35),
(202, 35),
(203, 35),
(204, 35),
(205, 35),
(206, 35),
(207, 35),
(208, 36),
(209, 36),
(210, 36),
(211, 37),
(212, 37),
(213, 37),
(214, 37),
(215, 37),
(216, 39),
(217, 39),
(218, 39),
(219, 39),
(220, 39),
(221, 40),
(222, 40),
(223, 40),
(224, 40),
(225, 40),
(226, 40),
(227, 40),
(228, 40),
(229, 40),
(230, 40),
(231, 41),
(232, 41),
(233, 41),
(234, 41),
(235, 41),
(236, 41),
(237, 41),
(238, 41),
(239, 42),
(240, 42),
(241, 42),
(242, 42),
(243, 42),
(244, 42),
(245, 43),
(246, 43),
(247, 43),
(248, 43),
(249, 43),
(250, 43),
(251, 43),
(252, 44),
(253, 44),
(254, 44),
(255, 44),
(256, 44),
(257, 45),
(258, 45),
(259, 45),
(260, 45),
(261, 45),
(262, 45),
(263, 38),
(264, 38),
(265, 38),
(266, 38),
(267, 38),
(268, 47),
(269, 47),
(270, 47),
(271, 47),
(272, 47),
(273, 47),
(274, 47),
(275, 76),
(276, 76),
(277, 76),
(278, 76),
(279, 76),
(280, 76),
(281, 76),
(282, 76),
(283, 76),
(284, 76),
(285, 76),
(286, 76),
(287, 76),
(288, 76),
(289, 76),
(290, 50),
(291, 50),
(292, 50),
(293, 50),
(294, 50),
(295, 50),
(296, 50),
(297, 50),
(298, 50),
(299, 50),
(300, 50),
(301, 50),
(302, 50),
(303, 50),
(304, 50),
(305, 50),
(306, 50),
(307, 50),
(308, 50),
(309, 51),
(310, 51),
(311, 51),
(312, 51),
(313, 51),
(314, 51),
(315, 51),
(316, 51),
(317, 51),
(318, 51),
(319, 52),
(320, 52),
(321, 52),
(322, 52),
(323, 52),
(324, 53),
(325, 53),
(326, 53),
(327, 53),
(328, 53),
(329, 56),
(330, 56),
(331, 56),
(332, 56),
(333, 56),
(334, 56),
(335, 56),
(336, 56),
(337, 57),
(338, 57),
(339, 57),
(340, 57),
(341, 57),
(342, 57),
(343, 57),
(344, 58),
(345, 58),
(346, 58),
(347, 58),
(348, 58),
(349, 58),
(350, 58),
(351, 58),
(352, 58),
(353, 58),
(354, 58),
(355, 58),
(356, 58),
(357, 59),
(358, 59),
(359, 59),
(360, 59),
(361, 59),
(362, 59),
(363, 59),
(364, 59),
(365, 59),
(366, 59),
(367, 59),
(368, 59),
(369, 60),
(370, 60),
(371, 60),
(372, 60),
(373, 60),
(374, 60),
(375, 60),
(376, 60),
(377, 60),
(378, 61),
(379, 61),
(380, 61),
(381, 61),
(382, 61),
(383, 61),
(384, 61),
(385, 62),
(386, 62),
(387, 62),
(388, 62),
(389, 62),
(390, 62),
(391, 62),
(392, 62),
(393, 62),
(394, 62),
(395, 62),
(396, 62),
(397, 62),
(398, 62),
(399, 62),
(400, 63),
(401, 63),
(402, 63),
(403, 63),
(404, 63),
(405, 63),
(406, 63),
(407, 63),
(408, 63),
(409, 63),
(410, 63),
(411, 63),
(412, 63),
(413, 63),
(414, 64),
(415, 64),
(416, 64),
(417, 64),
(418, 64),
(419, 64),
(420, 64),
(421, 64),
(422, 64),
(423, 64),
(424, 65),
(425, 65),
(426, 65),
(427, 65),
(428, 65),
(429, 65),
(430, 65),
(431, 65),
(432, 65),
(433, 66),
(434, 66),
(435, 66),
(436, 66),
(437, 66),
(438, 66),
(439, 68),
(440, 68),
(441, 68),
(442, 68),
(443, 68),
(444, 68),
(445, 68),
(446, 68),
(447, 68),
(448, 68),
(449, 68),
(450, 68),
(451, 68),
(452, 67),
(453, 67),
(454, 67),
(455, 67),
(456, 67),
(457, 67),
(458, 69),
(459, 69),
(460, 69),
(461, 69),
(462, 69),
(463, 69),
(464, 76),
(465, 76),
(466, 76),
(467, 76),
(468, 76),
(469, 76),
(470, 76),
(471, 76),
(472, 76),
(473, 76),
(474, 76),
(475, 76),
(476, 76),
(477, 76),
(478, 76),
(479, 72),
(480, 72),
(481, 72),
(482, 72),
(483, 72),
(484, 72),
(485, 72),
(486, 72),
(487, 72),
(488, 113),
(489, 113),
(490, 113),
(491, 113),
(492, 113),
(493, 113),
(494, 113),
(495, 113),
(496, 113),
(497, 113),
(498, 113),
(499, 113),
(500, 93),
(501, 93),
(502, 93),
(503, 93),
(504, 93),
(505, 93),
(506, 93),
(507, 93),
(508, 93),
(509, 93),
(510, 93),
(511, 93),
(512, 93),
(513, 93),
(514, 93),
(515, 93),
(516, 94),
(517, 94),
(518, 94),
(519, 94),
(520, 94),
(521, 94),
(522, 94),
(523, 94),
(524, 94),
(525, 94),
(526, 96),
(527, 96),
(528, 96),
(529, 96),
(530, 96),
(531, 96),
(532, 96),
(533, 96),
(534, 96),
(535, 96),
(536, 97),
(537, 97),
(538, 97),
(539, 97),
(540, 97),
(541, 97),
(542, 97),
(543, 97),
(544, 97),
(545, 97),
(546, 97),
(547, 97),
(548, 97),
(549, 98),
(550, 98),
(551, 98),
(552, 98),
(553, 98),
(554, 98),
(555, 98),
(556, 98),
(557, 98),
(558, 98),
(559, 98),
(560, 98),
(561, 98),
(562, 98),
(563, 98),
(564, 98),
(565, 98),
(566, 99),
(567, 99),
(568, 99),
(569, 99),
(570, 99),
(571, 99),
(572, 99),
(573, 100),
(574, 100),
(575, 100),
(576, 100),
(577, 100),
(578, 100),
(579, 100),
(580, 100),
(581, 100),
(582, 100),
(583, 100),
(584, 100),
(585, 101),
(586, 101),
(587, 101),
(588, 101),
(589, 101),
(590, 101),
(591, 101),
(592, 101),
(593, 101),
(594, 101),
(595, 101),
(596, 101),
(597, 101),
(598, 101),
(599, 101),
(600, 101),
(601, 101),
(602, 101),
(603, 101),
(604, 102),
(605, 102),
(606, 102),
(607, 102),
(608, 102),
(609, 102),
(610, 102),
(611, 102),
(612, 102),
(613, 102),
(614, 102),
(615, 102),
(616, 102),
(617, 102),
(618, 102),
(619, 102),
(620, 102),
(621, 102),
(622, 103),
(623, 103),
(624, 103),
(625, 103),
(626, 103),
(627, 103),
(628, 103),
(629, 103),
(630, 103),
(631, 103),
(632, 103),
(633, 103),
(634, 103),
(635, 103),
(636, 103),
(637, 103),
(638, 103),
(639, 106),
(640, 106),
(641, 106),
(642, 106),
(643, 106),
(644, 106),
(645, 106),
(646, 106),
(647, 106),
(648, 106),
(649, 107),
(650, 107),
(651, 107),
(652, 107),
(653, 107),
(654, 107),
(655, 107),
(656, 107),
(657, 107),
(658, 107),
(659, 107),
(660, 107),
(661, 107),
(662, 107),
(663, 107),
(664, 107),
(665, 107),
(666, 107),
(667, 107),
(668, 107),
(669, 109),
(670, 109),
(671, 109),
(672, 109),
(673, 109),
(674, 109),
(675, 109),
(676, 109),
(677, 109),
(678, 109),
(679, 109),
(680, 110),
(681, 110),
(682, 110),
(683, 110),
(684, 110),
(685, 110),
(686, 110),
(687, 110),
(688, 111),
(689, 111),
(690, 111),
(691, 111),
(692, 111),
(693, 111),
(694, 111),
(695, 111),
(696, 111),
(697, 111),
(698, 111),
(699, 111),
(700, 111),
(701, 111),
(702, 111),
(703, 112),
(704, 112),
(705, 112),
(706, 112),
(707, 112),
(708, 112),
(709, 112),
(710, 112),
(711, 112),
(712, 112),
(713, 112),
(714, 112),
(715, 112),
(716, 89),
(717, 89),
(718, 89),
(719, 89),
(720, 89),
(721, 89),
(722, 89),
(723, 89),
(724, 89),
(725, 89),
(726, 89),
(727, 89),
(728, 89),
(729, 89),
(730, 89),
(731, 89),
(732, 89),
(733, 77),
(734, 77),
(735, 77),
(736, 77),
(737, 77),
(738, 77),
(739, 77),
(740, 77),
(741, 77),
(742, 77),
(743, 77),
(744, 78),
(745, 78),
(746, 78),
(747, 78),
(748, 78),
(749, 78),
(750, 78),
(751, 78),
(752, 78),
(753, 78),
(754, 78),
(755, 78),
(756, 78),
(757, 78),
(758, 79),
(759, 79),
(760, 79),
(761, 79),
(762, 79),
(763, 79),
(764, 79),
(765, 79),
(766, 79),
(767, 79),
(768, 79),
(769, 79),
(770, 79),
(771, 79),
(772, 80),
(773, 80),
(774, 80),
(775, 80),
(776, 80),
(777, 80),
(778, 80),
(779, 81),
(780, 81),
(781, 81),
(782, 81),
(783, 81),
(784, 83),
(785, 83),
(786, 83),
(787, 83),
(788, 83),
(789, 83),
(790, 83),
(791, 83),
(792, 84),
(793, 84),
(794, 84),
(795, 84),
(796, 84),
(797, 84),
(798, 84),
(799, 84),
(800, 86),
(801, 86),
(802, 86),
(803, 86),
(804, 86),
(805, 86),
(806, 86),
(807, 87),
(808, 87),
(809, 87),
(810, 87),
(811, 87),
(812, 87),
(813, 87),
(814, 87),
(815, 87),
(816, 87),
(817, 87),
(818, 87),
(819, 87),
(820, 88),
(821, 88),
(822, 88),
(823, 88),
(824, 88),
(825, 88),
(826, 88),
(827, 88),
(828, 88),
(829, 88),
(830, 88),
(831, 90),
(832, 90),
(833, 90),
(834, 90),
(835, 90),
(836, 91),
(837, 91),
(838, 91),
(839, 91),
(840, 91),
(841, 91),
(842, 91),
(843, 91),
(844, 91),
(845, 118),
(846, 118),
(847, 118),
(848, 118),
(849, 118),
(850, 117),
(851, 117),
(852, 117),
(853, 117),
(854, 117),
(855, 117),
(856, 117),
(857, 117),
(858, 117),
(859, 117),
(860, 117),
(861, 117),
(862, 117),
(863, 119),
(864, 119),
(865, 119),
(866, 119),
(867, 119),
(868, 119),
(869, 119),
(870, 119),
(871, 119),
(872, 119),
(873, 119),
(874, 119),
(875, 119),
(876, 119),
(877, 120),
(878, 120),
(879, 120),
(880, 120),
(881, 120),
(882, 120),
(883, 120),
(884, 120),
(885, 120),
(886, 122),
(887, 122),
(888, 122),
(889, 122),
(890, 122),
(891, 122),
(892, 122),
(893, 122),
(894, 122),
(895, 122),
(896, 123),
(897, 123),
(898, 123),
(899, 123),
(900, 123),
(901, 124),
(902, 124),
(903, 124),
(904, 124),
(905, 124),
(906, 124),
(907, 124),
(908, 124),
(909, 124),
(910, 124),
(911, 124),
(912, 124),
(913, 124),
(914, 124),
(915, 124),
(916, 124),
(917, 124),
(918, 124),
(919, 124),
(920, 124),
(921, 124),
(922, 125),
(923, 125),
(924, 125),
(925, 125),
(926, 125),
(927, 125),
(928, 125),
(929, 125),
(930, 125),
(931, 126),
(932, 126),
(933, 126),
(934, 126),
(935, 126),
(936, 126),
(937, 126),
(938, 126),
(939, 126),
(940, 126),
(941, 127),
(942, 127),
(943, 127),
(944, 127),
(945, 127),
(946, 127),
(947, 130),
(948, 130),
(949, 130),
(950, 130),
(951, 130),
(952, 130),
(953, 130),
(954, 130),
(955, 130),
(956, 130),
(957, 130),
(958, 130),
(959, 130),
(960, 130),
(961, 131),
(962, 131),
(963, 131),
(964, 131),
(965, 131),
(966, 131),
(967, 131),
(968, 131),
(969, 131),
(970, 131),
(971, 131),
(972, 131),
(973, 131),
(974, 131),
(975, 131),
(976, 131),
(977, 131),
(978, 131),
(979, 131),
(980, 131),
(981, 131),
(982, 131),
(983, 131),
(984, 131),
(985, 131),
(986, 131),
(987, 131),
(988, 131),
(989, 131),
(990, 131),
(991, 131),
(992, 131),
(993, 132),
(994, 132),
(995, 132),
(996, 132),
(997, 132),
(998, 132),
(999, 132),
(1000, 132),
(1001, 132),
(1002, 132),
(1003, 132),
(1004, 132),
(1005, 132),
(1006, 132),
(1007, 132),
(1008, 132),
(1009, 132),
(1010, 132),
(1011, 133),
(1012, 133),
(1013, 133),
(1014, 133),
(1015, 133),
(1016, 133),
(1017, 133),
(1018, 133),
(1019, 133),
(1020, 133),
(1021, 133),
(1022, 133),
(1023, 133),
(1024, 133),
(1025, 133),
(1026, 134),
(1027, 134),
(1028, 134),
(1029, 134),
(1030, 134),
(1031, 134),
(1032, 134),
(1033, 134),
(1034, 135),
(1035, 135),
(1036, 135),
(1037, 135),
(1038, 135),
(1039, 135),
(1040, 135),
(1041, 135),
(1042, 135),
(1043, 135),
(1044, 135),
(1045, 135),
(1046, 135),
(1047, 135),
(1048, 135),
(1049, 135),
(1050, 135),
(1051, 135),
(1052, 136),
(1053, 136),
(1054, 136),
(1055, 136),
(1056, 136),
(1057, 136),
(1058, 136),
(1059, 136),
(1060, 136),
(1061, 136),
(1062, 136),
(1063, 136),
(1064, 136),
(1065, 136),
(1066, 136),
(1067, 137),
(1068, 137),
(1069, 137),
(1070, 137),
(1071, 137),
(1072, 137),
(1073, 137),
(1074, 137),
(1075, 137),
(1076, 137),
(1077, 137),
(1078, 137),
(1079, 137),
(1080, 137),
(1081, 137),
(1082, 137),
(1083, 137),
(1084, 138),
(1085, 138),
(1086, 138),
(1087, 138),
(1088, 138),
(1089, 138),
(1090, 138),
(1091, 138),
(1092, 138),
(1093, 138),
(1094, 138),
(1095, 139),
(1096, 139),
(1097, 139),
(1098, 139),
(1099, 139),
(1100, 139),
(1101, 139),
(1102, 140),
(1103, 140),
(1104, 140),
(1105, 140),
(1106, 140),
(1107, 140),
(1108, 140),
(1109, 140),
(1110, 140),
(1111, 140),
(1112, 140),
(1113, 140),
(1114, 140),
(1115, 140),
(1116, 140),
(1117, 140),
(1118, 140),
(1119, 140),
(1120, 140),
(1121, 140),
(1122, 140),
(1123, 140),
(1124, 140),
(1125, 140),
(1126, 140),
(1127, 140),
(1128, 140),
(1129, 141),
(1130, 141),
(1131, 141),
(1132, 141),
(1133, 141),
(1134, 141),
(1135, 141),
(1136, 141),
(1137, 141),
(1138, 141),
(1139, 141),
(1140, 141),
(1141, 141),
(1142, 141),
(1143, 141),
(1144, 141),
(1145, 141),
(1146, 141),
(1147, 141),
(1148, 141),
(1149, 141),
(1150, 141),
(1151, 141),
(1152, 141),
(1153, 141),
(1154, 141),
(1155, 141),
(1156, 141),
(1157, 142),
(1158, 142),
(1159, 142),
(1160, 142),
(1161, 142),
(1162, 142),
(1163, 142),
(1164, 142),
(1165, 142),
(1166, 142),
(1167, 142),
(1168, 142),
(1169, 142),
(1170, 142),
(1171, 142),
(1172, 142),
(1173, 142),
(1174, 142),
(1175, 142),
(1176, 142),
(1177, 142),
(1178, 142),
(1179, 162),
(1180, 162),
(1181, 162),
(1182, 162),
(1183, 162),
(1184, 162),
(1185, 162),
(1186, 162),
(1187, 162),
(1188, 159),
(1189, 159),
(1190, 159),
(1191, 159),
(1192, 159),
(1193, 160),
(1194, 160),
(1195, 160),
(1196, 160),
(1197, 160),
(1198, 160),
(1199, 160),
(1200, 161),
(1201, 161),
(1202, 161),
(1203, 161),
(1204, 161),
(1205, 161),
(1206, 161),
(1207, 161),
(1208, 161),
(1209, 161),
(1210, 161),
(1211, 161),
(1212, 161),
(1213, 163),
(1214, 163),
(1215, 163),
(1216, 163),
(1217, 163),
(1218, 163),
(1219, 163),
(1220, 163),
(1221, 163),
(1222, 163),
(1223, 164),
(1224, 164),
(1225, 164),
(1226, 164),
(1227, 164),
(1228, 164),
(1229, 165),
(1230, 165),
(1231, 165),
(1232, 165),
(1233, 165),
(1234, 165),
(1235, 165),
(1236, 166),
(1237, 166),
(1238, 166),
(1239, 166),
(1240, 166),
(1241, 166),
(1242, 167),
(1243, 167),
(1244, 167),
(1245, 167),
(1246, 167),
(1247, 167),
(1248, 167),
(1249, 167),
(1250, 167),
(1251, 167),
(1252, 167),
(1253, 167),
(1254, 167),
(1255, 167),
(1256, 168),
(1257, 168),
(1258, 168),
(1259, 168),
(1260, 168),
(1261, 168),
(1262, 168),
(1263, 168),
(1264, 168),
(1265, 168),
(1266, 168),
(1267, 168),
(1268, 169),
(1269, 169),
(1270, 169),
(1271, 169),
(1272, 169),
(1273, 169),
(1274, 169),
(1275, 169),
(1276, 169),
(1277, 169),
(1278, 170),
(1279, 170),
(1280, 170),
(1281, 170),
(1282, 170),
(1283, 171),
(1284, 171),
(1285, 171),
(1286, 171),
(1287, 171),
(1288, 171),
(1289, 171),
(1290, 171),
(1291, 171),
(1292, 171),
(1293, 172),
(1294, 172),
(1295, 172),
(1296, 172),
(1297, 172),
(1298, 172),
(1299, 172),
(1300, 172),
(1301, 172),
(1302, 172),
(1303, 172),
(1304, 172),
(1305, 155),
(1306, 155),
(1307, 155),
(1308, 155),
(1309, 155),
(1310, 155),
(1311, 145),
(1312, 145),
(1313, 145),
(1314, 145),
(1315, 145),
(1316, 145),
(1317, 145),
(1318, 145),
(1319, 145),
(1320, 145),
(1321, 145),
(1322, 146),
(1323, 146),
(1324, 146),
(1325, 146),
(1326, 146),
(1327, 146),
(1328, 146),
(1329, 146),
(1330, 146),
(1331, 146),
(1332, 146),
(1333, 146),
(1334, 146),
(1335, 146),
(1336, 146),
(1337, 146),
(1338, 146),
(1339, 147),
(1340, 147),
(1341, 147),
(1342, 147),
(1343, 147),
(1344, 147),
(1345, 147),
(1346, 147),
(1347, 148),
(1348, 148),
(1349, 148),
(1350, 148),
(1351, 148),
(1352, 148),
(1353, 152),
(1354, 152),
(1355, 152),
(1356, 152),
(1357, 152),
(1358, 152),
(1359, 152),
(1360, 152),
(1361, 152),
(1362, 152),
(1363, 152),
(1364, 152),
(1365, 152),
(1366, 152),
(1367, 152),
(1368, 152),
(1369, 152),
(1370, 152),
(1371, 152),
(1372, 152),
(1373, 152),
(1374, 150),
(1375, 150),
(1376, 150),
(1377, 150),
(1378, 150),
(1379, 150),
(1380, 150),
(1381, 150),
(1382, 150),
(1383, 151),
(1384, 151),
(1385, 151),
(1386, 151),
(1387, 151),
(1388, 151),
(1389, 151),
(1390, 151),
(1391, 151),
(1392, 151),
(1393, 151),
(1394, 151),
(1395, 151),
(1396, 151),
(1397, 151),
(1398, 151),
(1399, 151),
(1400, 151),
(1401, 151),
(1402, 151),
(1403, 151),
(1404, 151),
(1405, 151),
(1406, 151),
(1407, 151),
(1408, 151),
(1409, 151),
(1410, 151),
(1411, 153),
(1412, 153),
(1413, 153),
(1414, 154),
(1415, 154),
(1416, 154),
(1417, 154),
(1418, 154),
(1419, 154),
(1420, 154),
(1421, 154),
(1422, 155),
(1423, 155),
(1424, 155),
(1425, 155),
(1426, 155),
(1427, 155),
(1428, 155),
(1429, 155),
(1430, 155),
(1431, 155),
(1432, 155),
(1433, 155),
(1434, 155),
(1435, 155),
(1436, 155),
(1437, 186),
(1438, 186),
(1439, 186),
(1440, 186),
(1441, 186),
(1442, 186),
(1443, 186),
(1444, 186),
(1445, 186),
(1446, 186),
(1447, 186),
(1448, 186),
(1449, 186),
(1450, 186),
(1451, 186),
(1452, 186),
(1453, 186),
(1454, 186),
(1455, 186),
(1456, 186),
(1457, 186),
(1458, 186),
(1459, 186),
(1460, 186),
(1461, 186),
(1462, 186),
(1463, 186),
(1464, 182),
(1465, 182),
(1466, 182),
(1467, 182),
(1468, 182),
(1469, 182),
(1470, 182),
(1471, 182),
(1472, 182),
(1473, 182),
(1474, 182),
(1475, 182),
(1476, 182),
(1477, 183),
(1478, 183),
(1479, 183),
(1480, 183),
(1481, 183),
(1482, 183),
(1483, 183),
(1484, 183),
(1485, 183),
(1486, 183),
(1487, 184),
(1488, 184),
(1489, 184),
(1490, 184),
(1491, 184),
(1492, 184),
(1493, 184),
(1494, 184),
(1495, 184),
(1496, 184),
(1497, 184),
(1498, 184),
(1499, 184),
(1500, 184),
(1501, 184),
(1502, 184),
(1503, 185),
(1504, 185),
(1505, 185),
(1506, 185),
(1507, 185),
(1508, 185),
(1509, 185),
(1510, 185),
(1511, 185),
(1512, 185),
(1513, 187),
(1514, 187),
(1515, 187),
(1516, 187),
(1517, 187),
(1518, 187),
(1519, 187),
(1520, 187),
(1521, 187),
(1522, 187),
(1523, 187),
(1524, 187),
(1525, 187),
(1526, 187),
(1527, 187),
(1528, 187),
(1529, 188),
(1530, 188),
(1531, 188),
(1532, 188),
(1533, 188),
(1534, 188),
(1535, 188),
(1536, 188),
(1537, 188),
(1538, 189),
(1539, 189),
(1540, 189),
(1541, 189),
(1542, 189),
(1543, 189),
(1544, 189),
(1545, 189),
(1546, 189),
(1547, 175),
(1548, 175),
(1549, 175),
(1550, 175),
(1551, 175),
(1552, 175),
(1553, 175),
(1554, 175),
(1555, 176),
(1556, 176),
(1557, 176),
(1558, 176),
(1559, 176),
(1560, 176),
(1561, 178),
(1562, 178),
(1563, 179),
(1564, 179),
(1565, 179),
(1566, 179),
(1567, 179),
(1568, 179),
(1569, 179),
(1570, 179),
(1571, 179),
(1572, 179),
(1573, 179),
(1574, 179),
(1575, 179),
(1576, 179),
(1577, 180),
(1578, 180),
(1579, 180),
(1580, 181),
(1581, 181),
(1582, 181),
(1583, 113),
(1584, 118),
(1585, 118),
(1586, 182),
(1587, 186),
(1588, 175),
(1589, 175),
(1590, 175);

-- --------------------------------------------------------

--
-- Table structure for table `units`
--

CREATE TABLE `units` (
  `id` int(11) NOT NULL AUTO_INCREMENT,
  `name` varchar(255) NOT NULL,
  PRIMARY KEY (`id`)
) ENGINE=InnoDB  DEFAULT CHARSET=utf8 AUTO_INCREMENT=1591 ;

--
-- Dumping data for table `units`
--

INSERT INTO `units` (`id`, `name`) VALUES
(1, 'Sambula'),
(2, 'Namacula'),
(3, 'Mitava'),
(4, 'Chiulugo'),
(5, 'Lulumile'),
(6, 'Assumane'),
(7, 'Chiuaula'),
(8, 'Lichinga'),
(9, 'Lichinga'),
(10, 'Namutimbua'),
(11, 'Mepica'),
(12, 'Cadeia Civil'),
(13, 'Meripo'),
(14, 'Macauae '),
(15, 'Titimane'),
(16, 'Etatara'),
(17, 'Muanamunepa'),
(18, 'Mujawa'),
(19, 'Lúrio'),
(20, 'Cuamba'),
(21, 'Cuamba '),
(22, 'Napacala'),
(23, 'Malapa'),
(24, 'Mitucué'),
(25, 'Matias'),
(26, 'Namicova'),
(27, 'Muitetere'),
(28, 'Mucuapa'),
(29, 'Wikihi'),
(30, 'Lupilichi'),
(31, 'Bandeze'),
(32, 'Melulucas'),
(33, 'Mechumua'),
(34, 'Ngôo'),
(35, 'Ngofi'),
(36, 'Metangula'),
(37, 'Cóbuè'),
(38, 'Maniamba'),
(39, 'Tulo'),
(40, 'Liziunga'),
(41, 'Messumba'),
(42, 'Colongo'),
(43, 'Lione'),
(44, 'Luisa'),
(45, 'Malica'),
(46, 'Mussa'),
(47, 'Meponda'),
(48, 'Machumane'),
(49, 'Chimbonila'),
(50, 'Chala'),
(51, 'Nbetazigone'),
(52, 'Machemba'),
(53, 'Cholue'),
(54, 'Mbetazigone '),
(55, 'Magiga'),
(56, 'Matama'),
(57, 'Namuanica'),
(58, 'Mapaco'),
(59, 'Nairubi'),
(60, 'Riate'),
(61, 'Lisombe'),
(62, 'Lugenda'),
(63, 'Mecualo'),
(64, 'Malanga'),
(65, 'Luambala'),
(66, 'Muaquia'),
(67, 'Mandimba'),
(68, 'N''Tembo'),
(69, 'Lipúzia'),
(70, 'Mitande'),
(71, 'Lussangasse'),
(72, 'Lissiete'),
(73, 'Meluluca'),
(74, 'Mepapa'),
(75, 'Mississi'),
(76, 'Marrupa'),
(77, 'Yaranca'),
(78, 'Cumela'),
(79, 'Mucuaiai'),
(80, 'Nungo'),
(81, 'Marangira'),
(82, 'Marrupa'),
(83, 'Mutaparata'),
(84, 'Tumpue '),
(85, 'Apes '),
(86, 'Messenguesse'),
(87, 'Muapula'),
(88, 'Queta'),
(89, 'Muhumbua'),
(90, 'Mugoma '),
(91, 'Maiaca'),
(92, 'Maúa'),
(93, 'Muhoco'),
(94, 'Mugoma'),
(95, 'Mavago'),
(96, 'Milepa'),
(97, 'Nsawize'),
(98, 'Nkalapa'),
(99, 'Chissaua'),
(100, 'Muhurune '),
(101, 'Kumulike'),
(102, 'Candulo'),
(103, 'Nanhumba'),
(104, 'Caronga'),
(105, 'Mecomera '),
(106, 'Chiúta '),
(107, 'Chamba'),
(108, 'Sales'),
(109, 'Mecanhelas'),
(110, 'Entre-Lagos'),
(111, 'Gomba'),
(112, 'Manhir'),
(113, 'Naulala'),
(114, 'Lugenda'),
(115, 'Macalange'),
(116, 'Mbamba'),
(117, 'Mecula '),
(118, 'Mucoria'),
(119, 'Ntimbo'),
(120, 'Mantondovela'),
(121, 'Chamba '),
(122, 'Muhemela '),
(123, 'Nacumua'),
(124, 'Mecunica'),
(125, 'Mepuera'),
(126, 'Namicunde'),
(127, 'Metarica '),
(128, 'Niputa'),
(129, 'Cuvir'),
(130, 'Muembe'),
(131, 'Chuanjota'),
(132, 'Nzizi'),
(133, 'Chiconono'),
(134, 'Lutuezi'),
(135, 'Massangulo'),
(136, 'Chissimbir'),
(137, 'Itepela'),
(138, 'Lupalane'),
(139, 'Lusanga'),
(140, 'Chiguaja'),
(141, 'Luelele'),
(142, 'N''Gaúma'),
(143, 'Napalave'),
(144, 'Metarica-Lurio'),
(145, 'Muluco'),
(146, 'Manlia'),
(147, 'Cheiacheia'),
(148, 'Nipepe'),
(149, 'Natil'),
(150, 'Mbemba'),
(151, 'Chitula'),
(152, '7 De Setembro'),
(153, 'Nansinhenje'),
(154, 'Lumbiza'),
(155, 'Maumbica'),
(156, 'Malemia'),
(157, 'Madjedje(Ii Congresso)'),
(158, 'Macaloge'),
(159, 'Licole'),
(160, 'Unango Velho '),
(161, 'B. Ingonane'),
(162, 'Natite'),
(163, 'Chuiba'),
(164, 'Paquite'),
(165, 'B. Muxara'),
(166, 'Mahate'),
(167, 'B. Eduardo Mondlane'),
(168, 'B. Cariacó'),
(169, 'Pemba'),
(170, 'B. Cimento'),
(171, 'Muxara B'),
(172, 'Ancuabe'),
(173, 'Minhewene'),
(174, 'Mariri'),
(175, 'Ngewe'),
(176, 'Meza'),
(177, 'Metoro'),
(178, 'Impiri'),
(179, 'Kuekué'),
(180, 'Mavala'),
(181, 'Ntete'),
(182, 'Metata'),
(183, 'Balama'),
(184, 'Murripa'),
(185, 'Balama'),
(186, 'Ocúa'),
(187, 'Nakoto'),
(188, 'Muege'),
(189, 'M''Mala'),
(190, 'Mazeze'),
(191, 'Catapua'),
(192, 'Bilibiza'),
(193, 'Chiúre-Velho'),
(194, 'Namogelia'),
(195, 'Chiúre'),
(196, 'Quirimba'),
(197, 'Matemo'),
(198, 'Ibo'),
(199, 'Chai'),
(200, 'Macomia'),
(201, 'Mucojo'),
(202, 'Piquewe'),
(203, 'Quiterajo'),
(204, 'Nguida'),
(205, 'Naunde'),
(206, 'Inguri'),
(207, 'Miteda'),
(208, 'Mecufi'),
(209, 'Murrebue'),
(210, 'Natuco'),
(211, 'Meluco'),
(212, 'Muaguide'),
(213, 'Minhanha'),
(214, 'Ravia'),
(215, 'Imbada'),
(216, 'Mbau'),
(217, 'Mangoma'),
(218, 'Diaca'),
(219, 'Quelimane'),
(220, 'Hospital De Mocímboia Da Praia'),
(221, 'Montepuez'),
(222, 'Nairoto'),
(223, 'Linde'),
(224, 'Niuhula'),
(225, 'Mapupulo'),
(226, 'Nropa'),
(227, 'Namueto'),
(228, 'Namanhumbire'),
(229, 'Mirate'),
(230, 'Hospital De Montepuez'),
(231, 'N''Gapa'),
(232, 'Chilinde'),
(233, 'Negomano'),
(234, 'M''Peme'),
(235, 'Chapa'),
(236, 'Namatil'),
(237, 'Mbuo'),
(238, 'Hospital De Mueda'),
(239, 'Miangalewa'),
(240, 'Namacande'),
(241, 'Miteda'),
(242, 'Muatide'),
(243, 'Chitunda'),
(244, 'Muambula (Sede Do Distrito)'),
(245, 'Nanrapa (Ep2)'),
(246, 'Namuno'),
(247, 'Machoca'),
(248, 'Ncumpe'),
(249, 'Papai'),
(250, 'Hucula'),
(251, 'Meloco'),
(252, 'Nkonga'),
(253, 'N''Tamba'),
(254, 'N''Toli'),
(255, 'Muiha'),
(256, 'Nangade'),
(257, 'Pundanhari'),
(258, 'Quionga'),
(259, 'Palma'),
(260, 'Muite'),
(261, 'Olumbe'),
(262, 'Maganja'),
(263, 'Nacuta'),
(264, 'Mieze'),
(265, 'Nanlia'),
(266, 'Ntessa'),
(267, 'Metuge'),
(268, 'Quissanga'),
(269, 'Mahate'),
(270, 'Namaluco'),
(271, 'Bilibiza'),
(272, 'Tororo'),
(273, 'Nacoba'),
(274, 'Cagembe'),
(275, 'O.T.M.'),
(276, 'Hospital Militar'),
(277, '25 De Setembro Csu1'),
(278, 'Marrere'),
(279, '1 De Maio'),
(280, 'Napipine'),
(281, 'Namicopo'),
(282, 'Penitenciária'),
(283, 'Muhala Expansão CSU1'),
(284, 'Centro De Saúde Mental De Nampula'),
(285, 'Hospital Central Nampula'),
(286, 'Namutequeliua'),
(287, 'Mutavarex'),
(288, 'Niarro '),
(289, 'Mucuache '),
(290, 'Napruma'),
(291, 'Quilua'),
(292, 'Sangage'),
(293, 'Malatane'),
(294, 'Catamoio'),
(295, 'Mirrepe'),
(296, 'Nacopa'),
(297, 'Namaponda'),
(298, 'Inguri'),
(299, 'Angoche'),
(300, 'Gelo'),
(301, 'Quelelene'),
(302, 'Natir'),
(303, 'Aube'),
(304, 'Namitoria'),
(305, 'Merrere'),
(306, 'Mepapata'),
(307, 'Josina Machel'),
(308, 'Mucual'),
(309, 'Alua'),
(310, 'Tubruto(25 De Junho)'),
(311, 'Namapa'),
(312, 'Mirrote'),
(313, 'Kutua'),
(314, 'Odinepa'),
(315, 'Samora Machel'),
(316, 'Nantoge'),
(317, 'Namiroa'),
(318, 'Jacoco'),
(319, 'Ampapa'),
(320, 'Muchelia (Sangage)'),
(321, 'Ilha De Moçambique'),
(322, 'Lumbo'),
(323, 'Macicate'),
(324, 'Naquessa'),
(325, 'Lalaua'),
(326, 'Meti'),
(327, 'Muesseleque'),
(328, 'Lurio'),
(329, 'Murripa'),
(330, 'Malema'),
(331, 'Mutuali'),
(332, 'Chuhulo'),
(333, 'Cunvarre'),
(334, 'Murralelo'),
(335, 'Nataleia'),
(336, 'Nakata'),
(337, 'Teterrene'),
(338, 'Namialo'),
(339, 'Corrane'),
(340, 'Nacavala'),
(341, 'Chapire'),
(342, 'Mecua'),
(343, 'Meconta'),
(344, 'Namina'),
(345, 'Momane'),
(346, 'Mualua'),
(347, 'Muite'),
(348, 'Napai'),
(349, 'Popue'),
(350, 'Milhana'),
(351, 'Nahipa'),
(352, 'Ratane'),
(353, 'Unidade Moçambicana'),
(354, 'Issipe'),
(355, 'Malithe'),
(356, 'Mecuburi'),
(357, 'Namatapa=Caleia'),
(358, 'Baixo Pinda'),
(359, 'Geba'),
(360, 'Cava'),
(361, 'Chipene'),
(362, 'Napila'),
(363, 'Mazua'),
(364, 'Lurio'),
(365, 'Namahaca'),
(366, 'Memba Sede'),
(367, 'Simuco'),
(368, 'Pavala'),
(369, 'Mepeone (Nakira)'),
(370, 'Nakakana'),
(371, 'Xa-Selemane'),
(372, 'Quixaxe'),
(373, 'Quinga'),
(374, 'Namige'),
(375, 'Liupo'),
(376, 'Radanamaga=Perequexo'),
(377, 'Xa-Momade'),
(378, 'Mecutamala'),
(379, 'Nanhupo Rio'),
(380, 'Muatua'),
(381, 'Iuluti'),
(382, 'Calipo'),
(383, 'Nametil'),
(384, 'Murrirrimue'),
(385, 'Metil'),
(386, 'Moma'),
(387, 'Chalaua'),
(388, 'Briganha'),
(389, 'Guarneia'),
(390, 'Larde'),
(391, 'Nambilane'),
(392, 'Pilivili'),
(393, 'Savara'),
(394, 'Uala'),
(395, 'Micane'),
(396, 'Marrupanama'),
(397, 'Ligonha (Mucoroge)'),
(398, 'Mavuco'),
(399, 'Topuito'),
(400, 'Napala'),
(401, 'Itoculo'),
(402, 'Carapira'),
(403, 'Netia'),
(404, 'Monapo'),
(405, 'Natete'),
(406, 'Muatuca'),
(407, 'Mecuco'),
(408, 'Meserpane'),
(409, 'Metocheria'),
(410, 'Ramiane'),
(411, 'Chihiri'),
(412, 'H.R. Monapo '),
(413, 'Mucujua'),
(414, 'Nacuxa'),
(415, 'Cabaceira Grande'),
(416, 'Chocas-Mar'),
(417, 'Matibane'),
(418, 'Namige'),
(419, 'Muaualo'),
(420, 'Lunga'),
(421, 'Mossuril'),
(422, 'Cabeceira Pequena'),
(423, 'Namitatar'),
(424, 'Chereque'),
(425, 'Muecate'),
(426, 'Imala'),
(427, 'Chinamane'),
(428, 'Napala'),
(429, 'Kavula'),
(430, 'Namahia'),
(431, 'Gracio'),
(432, 'Muculuone'),
(433, 'Umuato'),
(434, 'Murrupula'),
(435, 'Chinga'),
(436, 'Gazuzu'),
(437, 'Tiponha'),
(438, 'Nihessiue'),
(439, 'Murrupelane'),
(440, 'Akumi'),
(441, 'C.A.M.I.N.A'),
(442, 'Cife'),
(443, 'Cimentos'),
(444, 'Cfm'),
(445, 'Naherengue'),
(446, 'Quissimajulo'),
(447, 'Mathapue'),
(448, 'Nacala Porto'),
(449, 'A.D.P.P. Muzuane'),
(450, 'Nacala Porto'),
(451, 'Mahelene'),
(452, 'Mueria'),
(453, 'Barragem'),
(454, 'Salina'),
(455, 'Namalala'),
(456, 'Ger-Ger(Covo)'),
(457, 'Nacala-A-Velha'),
(458, 'Nacaroa'),
(459, 'Nachere'),
(460, 'Muchico'),
(461, 'Saua-Saua'),
(462, 'Nahadje'),
(463, 'Mahetha'),
(464, 'Maratane'),
(465, 'Saua Saua'),
(466, 'Mucova'),
(467, 'Muleheia'),
(468, 'Natoa'),
(469, 'Mutolo'),
(470, 'Namiconha'),
(471, 'Naholoco'),
(472, 'Mutivaze'),
(473, 'Caramaja'),
(474, 'Namaita'),
(475, 'Anchilo'),
(476, 'Rapale'),
(477, 'Namucaua'),
(478, 'Namachilo (Momala)'),
(479, 'Iapala Monapo'),
(480, 'Cunle'),
(481, 'Esc.Bas.Agraria'),
(482, 'Riane'),
(483, 'Namiconha'),
(484, 'Mecuasse'),
(485, 'Chica'),
(486, 'Ribaue'),
(487, 'Iapala Estacao(Sede)'),
(488, 'Incidua'),
(489, 'Sangariveira'),
(490, 'Namuinho'),
(491, 'Cadeia Civil'),
(492, '4 De Dezembro'),
(493, 'Coalane'),
(494, 'Micajune'),
(495, 'Chacebo'),
(496, 'Zalala Mar'),
(497, '24 De Julho'),
(498, '17 De Setembro'),
(499, 'Quelimane'),
(500, 'Malua'),
(501, 'Nimala'),
(502, 'Cololo'),
(503, 'Bonifacio Gruveta'),
(504, 'Mouia'),
(505, 'Novanana'),
(506, 'Ecole'),
(507, 'Mugema'),
(508, 'Nivava'),
(509, 'Nauela'),
(510, 'Mutala'),
(511, 'Alto Molocue'),
(512, 'Nacucua'),
(513, 'Alto Molocue'),
(514, 'Caiaia'),
(515, 'Chapala'),
(516, 'Cd De Madal'),
(517, 'Luabo'),
(518, 'Matilde'),
(519, 'Micaune'),
(520, 'Mitange'),
(521, 'Centro Educacional'),
(522, 'Ilha Salia'),
(523, 'Chimbazo'),
(524, 'Chinde-Sede'),
(525, 'Jorge'),
(526, 'Mutequela'),
(527, 'Pury'),
(528, 'Kayane'),
(529, 'Alto Ligonha'),
(530, 'Gile'),
(531, 'Moneia'),
(532, 'Muiane'),
(533, 'Uape'),
(534, 'Namuaca'),
(535, 'Cd De Mamala'),
(536, 'Tetete'),
(537, 'Macuarro'),
(538, 'Muagiua'),
(539, 'Up 10'),
(540, 'Invinha'),
(541, 'Serra'),
(542, 'Ruace'),
(543, 'Mepuagiua'),
(544, 'Lioma'),
(545, 'Gurue'),
(546, 'Gurue'),
(547, 'Up 4'),
(548, 'Nintulo'),
(549, 'Massira'),
(550, 'Curruane'),
(551, 'Mulevala'),
(552, 'Ile-Sede'),
(553, 'Chiraco'),
(554, 'Phalane'),
(555, 'Tebo'),
(556, 'Nipiode'),
(557, 'Socone'),
(558, 'Jajo'),
(559, 'Niboia'),
(560, 'Mugulama'),
(561, 'Mulequela'),
(562, 'Ualasse'),
(563, 'Marropino'),
(564, 'Mucuaba'),
(565, 'Morrua'),
(566, 'Olinda'),
(567, 'Bingagira'),
(568, 'Inhassunge-Sede'),
(569, 'Gonhane'),
(570, 'Chirimane'),
(571, 'Ilova'),
(572, 'Palane-Mucula'),
(573, 'Lugela-Sede'),
(574, 'Muabanama'),
(575, 'Puthine'),
(576, 'Limbue'),
(577, 'Erurune'),
(578, 'Nigau'),
(579, 'Mungulune'),
(580, 'Mucubi'),
(581, 'Mulide'),
(582, 'Munhamade'),
(583, 'Namagoa'),
(584, 'Tacuane'),
(585, 'Vila-Valdez'),
(586, 'Gurai'),
(587, 'Ilha De Idugo'),
(588, 'Mugaua'),
(589, 'Missal'),
(590, 'Moneia'),
(591, 'Cariua'),
(592, 'Mapira'),
(593, 'Tapata'),
(594, 'Nante'),
(595, 'Mocubela'),
(596, 'Matacurro'),
(597, 'Mabala'),
(598, 'Maganja Da Costa'),
(599, 'Alto Mutola'),
(600, 'Bajone'),
(601, 'Muzo'),
(602, 'Maneia'),
(603, 'Naico'),
(604, 'Vulalo'),
(605, 'Milange-Sede'),
(606, 'Milange'),
(607, 'Carico'),
(608, 'Cazimbe'),
(609, 'Corromana'),
(610, 'Majaua'),
(611, 'Tengua'),
(612, 'Liciro'),
(613, 'Mongue'),
(614, 'Dachudua'),
(615, 'Nambuzi'),
(616, 'Molumbo'),
(617, 'Sabelua'),
(618, 'Dulanha'),
(619, 'Nantuto'),
(620, 'Missiasse/Malua'),
(621, 'Namucumua'),
(622, 'Muanaco'),
(623, 'P.Ucerra (Privado)'),
(624, 'Mocuba'),
(625, 'Mocuba Sisal'),
(626, 'Mugeba'),
(627, 'Nhaluanda'),
(628, 'Caiave'),
(629, 'Muloe'),
(630, 'Alto-Benfica'),
(631, 'Muaquiua'),
(632, 'Intome'),
(633, '16 De Junho'),
(634, 'Namanjavira'),
(635, 'Munhiba'),
(636, 'Mogogodo'),
(637, 'Mocuba'),
(638, 'Samora Machel'),
(639, 'Noere'),
(640, 'Chimuara'),
(641, '8 De Março'),
(642, 'Nhacatundo'),
(643, 'Posto Campo'),
(644, 'Mopeia-Sede'),
(645, 'Gulamo'),
(646, 'Catale'),
(647, 'Lua-Lua'),
(648, 'Nzanza'),
(649, 'Muandiua'),
(650, 'Mepinha'),
(651, 'Pinda'),
(652, 'Sabe'),
(653, 'Chire'),
(654, 'Morrumbala'),
(655, 'Megaza'),
(656, 'Fabrica'),
(657, 'Djasse'),
(658, 'Guerissa'),
(659, 'Muerra'),
(660, 'Chilomo'),
(661, 'Mecaula'),
(662, 'Boroma'),
(663, 'Derre'),
(664, 'Morrumbala'),
(665, 'Machindo'),
(666, 'Cumbapo'),
(667, 'Gaute'),
(668, 'Reis'),
(669, 'Malei'),
(670, 'Mugubia'),
(671, 'Muceliua'),
(672, 'Mutange'),
(673, 'Muebele'),
(674, 'Mbawa'),
(675, 'Mexixine'),
(676, 'Furquia'),
(677, 'Cd De Macuse'),
(678, 'Naciaia'),
(679, 'Namacurra-Sede'),
(680, 'Regone'),
(681, 'Namorroi-Sede'),
(682, 'Mutepua'),
(683, 'Marea'),
(684, 'Lipale'),
(685, 'Mutatala'),
(686, 'Mudine'),
(687, 'Rumala'),
(688, 'Varela'),
(689, 'Nicoadala-Sede'),
(690, 'Domela'),
(691, 'Amorro'),
(692, 'Estação Malanha'),
(693, 'Marrongane'),
(694, 'Maquival Sede'),
(695, 'Maquival-Rio'),
(696, 'Licuar'),
(697, 'Longe'),
(698, 'Inhangulue'),
(699, 'Ilalane'),
(700, 'Namacata'),
(701, 'Quinta Girassol'),
(702, 'Madal'),
(703, 'Mulela'),
(704, 'Muligode'),
(705, 'Naburi'),
(706, '7 De Abril'),
(707, 'Impaca'),
(708, 'Tomea'),
(709, 'Malema'),
(710, 'Alto Maganha'),
(711, 'Pele-Pele'),
(712, 'Pebane-Sede'),
(713, 'Txalalane'),
(714, 'Cutal'),
(715, 'Magiga'),
(716, 'Déguè'),
(717, 'Nº 3 - Bairro Manyanga'),
(718, 'Sos'),
(719, 'Mufa-Boroma'),
(720, 'Hospital Provincial De Tete '),
(721, 'Cadeia'),
(722, 'Nº 1 - Bairro Magaia'),
(723, 'Boroma'),
(724, 'Matundo'),
(725, 'Nº 4 - Bairro Muthemba'),
(726, 'M''Padue'),
(727, 'Nº 2 - Bairro Matundo'),
(728, 'Cachembe '),
(729, 'Marara'),
(730, 'M''Saua'),
(731, 'Matambo'),
(732, 'M''Palamabue'),
(733, 'Vila Velha'),
(734, 'Mpandula'),
(735, 'Ulónguè'),
(736, 'Dómue'),
(737, 'Chimwala'),
(738, 'Seze'),
(739, 'Fonte Boa'),
(740, 'Lifidzi'),
(741, 'Mpenha'),
(742, 'Ulónguè'),
(743, 'Catando'),
(744, 'Thaca'),
(745, 'Chinhanda'),
(746, 'Songo'),
(747, 'Chipalapala'),
(748, 'Chintholo'),
(749, 'Maroeira'),
(750, 'Songo'),
(751, 'Inhacapiriri'),
(752, 'Chirodzi-Ponte'),
(753, 'Chitima'),
(754, 'Chipera'),
(755, 'Nhandoa'),
(756, 'Jeque'),
(757, 'Mulingue'),
(758, 'Chiôco'),
(759, 'M''Palamabue'),
(760, 'Matambo'),
(761, 'Cachembe'),
(762, 'Marara'),
(763, 'Ntemangau'),
(764, 'Nachinanga'),
(765, 'Mazoé - Ponte'),
(766, 'Goba'),
(767, 'Chipembere'),
(768, 'Changara'),
(769, 'Dzunga'),
(770, 'Msaua'),
(771, 'Caomba'),
(772, 'Chifunde'),
(773, 'N''Kantha'),
(774, 'Khamande'),
(775, 'Luia'),
(776, 'Nsadzo'),
(777, 'Vila Mualadzi'),
(778, 'Thequesse'),
(779, 'Cazula'),
(780, 'M''Vudzi Ponte'),
(781, 'Manje (Chiuta)'),
(782, 'Caunda'),
(783, 'Matenje'),
(784, 'Miwanga'),
(785, 'Nhamadende'),
(786, 'Macanga'),
(787, 'Mtchoncho'),
(788, 'Chidzolomondo'),
(789, 'Campala'),
(790, 'Bawe'),
(791, 'Walota'),
(792, 'Chinthopo'),
(793, 'Chitete'),
(794, 'Daque'),
(795, 'Mágoè'),
(796, 'Mucumbura'),
(797, 'Mussenguezi'),
(798, 'Cazindira'),
(799, 'Cambototo'),
(800, 'Fingoé (Marávia)'),
(801, 'Chiputo'),
(802, 'Malowera'),
(803, 'Uncanha (Piripiri)'),
(804, 'Cassuende'),
(805, 'Chipera'),
(806, 'Nhenda'),
(807, 'Caphirizange'),
(808, 'Zóbue'),
(809, 'Benga'),
(810, 'Nicunga'),
(811, 'Ncondedzi'),
(812, 'Cfm'),
(813, 'Khanga'),
(814, 'Cambulatsitsi'),
(815, 'Moatize '),
(816, 'Mameme'),
(817, 'Samoa'),
(818, 'Cateme'),
(819, 'Cs De Cadjia'),
(820, 'Mutarara '),
(821, 'Vila Nova Da Fronteira'),
(822, 'Mutarara Velha'),
(823, 'Jardim'),
(824, 'Inhangoma'),
(825, 'Dôa'),
(826, 'Charre'),
(827, 'Ancuaze'),
(828, 'Traquino'),
(829, 'Mutarara'),
(830, 'Sinjal'),
(831, 'Calipale'),
(832, 'N''Tengo Wambalane'),
(833, 'Tsangano'),
(834, 'Maconge'),
(835, 'Chinvano'),
(836, 'Zumbo'),
(837, 'Muze'),
(838, 'Tongue '),
(839, 'Zámbue'),
(840, 'Caembua'),
(841, 'Mugangadze'),
(842, 'Bangura'),
(843, 'Chissavo'),
(844, 'Chiualo'),
(845, 'Nhamaonha'),
(846, 'Eduardo Mondlane'),
(847, 'Chissui'),
(848, '1º Maio'),
(849, '7 De Abril'),
(850, 'Barauro'),
(851, 'Mussianharo'),
(852, 'Chiuala'),
(853, 'Catandica'),
(854, 'Panze'),
(855, 'Nhassacara'),
(856, 'Nhampassa'),
(857, 'Cruzamento De Macossa'),
(858, 'Cagole'),
(859, 'Honde'),
(860, 'Inhazonia'),
(861, 'Serra Choa'),
(862, 'Munene'),
(863, 'Zembe Centro'),
(864, 'Inchope'),
(865, 'Gondola'),
(866, 'Chipindaumwe'),
(867, 'Amatonga'),
(868, 'Iac'),
(869, 'Matsinho'),
(870, 'Macate'),
(871, 'Muda Serração'),
(872, 'Marera'),
(873, 'Chinete'),
(874, 'Mutocoma'),
(875, 'Josina Machel'),
(876, 'Maonequera'),
(877, 'Bunga'),
(878, 'Chivuli'),
(879, 'Guro - Sede'),
(880, 'Mandie'),
(881, 'Mungari'),
(882, 'Nhamassonge'),
(883, 'Nhansana'),
(884, 'Tchetcha'),
(885, 'Thanda'),
(886, 'Chipudji'),
(887, 'Chipopopo'),
(888, 'Timbetimbe'),
(889, 'Chitobe'),
(890, 'Mazvissanga'),
(891, 'Save'),
(892, 'Sambassoca'),
(893, 'Mutefo'),
(894, 'Mavende'),
(895, 'Bassane'),
(896, 'Nguala'),
(897, 'Nhamagua'),
(898, 'Mussangadzi'),
(899, 'Macossa - Sede'),
(900, 'Dunda'),
(901, 'Pungué Sul'),
(902, 'Nhamaxato'),
(903, 'Penhalonga'),
(904, 'Zonué-Tabaco'),
(905, 'Guindingui'),
(906, 'Machipanda'),
(907, 'Vandúzi'),
(908, 'Chinhambúzi'),
(909, 'Manica'),
(910, 'Messica'),
(911, 'Chigodole'),
(912, 'Chitunga'),
(913, 'Jecua Missão'),
(914, 'Mavonde'),
(915, 'Mundonguara'),
(916, 'Munene'),
(917, 'Chicamba'),
(918, 'Chazuca'),
(919, '4 Congresso'),
(920, 'Chinhagore'),
(921, 'Dengalenga '),
(922, 'Espungabera'),
(923, 'Chiuraurue'),
(924, 'Dacata'),
(925, 'Mude'),
(926, 'Mupengo'),
(927, 'Macuo'),
(928, 'Gunhe'),
(929, 'Chaíva'),
(930, 'Garágua'),
(931, 'Mavúzi'),
(932, 'Matarara'),
(933, 'Munhinga'),
(934, 'Nhambamba'),
(935, 'Dombe'),
(936, 'Sembezeia'),
(937, 'Sussundenga Sede'),
(938, 'Rotanda'),
(939, 'Bunga'),
(940, 'Darue'),
(941, 'Sabeta'),
(942, 'Nhacalapo'),
(943, 'Nhacolo'),
(944, 'Nhacafula'),
(945, 'Búzua'),
(946, 'Campange'),
(947, 'Nhangau'),
(948, 'Ponta Gêa'),
(949, 'Beira'),
(950, 'Manga Loforte'),
(951, 'Marrocanhe'),
(952, 'Munhava'),
(953, 'Chingussura'),
(954, 'Cerâmica'),
(955, 'Manga Nhaconjo'),
(956, 'Chamba'),
(957, 'Matadouro'),
(958, 'Manga Mascarenha'),
(959, 'Macurungo'),
(960, 'Chota'),
(961, 'Guenge'),
(962, 'Marongamisse'),
(963, 'Guara-Guara'),
(964, 'Muchenessa'),
(965, 'Maxemedje'),
(966, 'Buine'),
(967, 'Danga'),
(968, 'Begaja'),
(969, 'Bue Ii'),
(970, 'Lusalite'),
(971, 'Grudja'),
(972, 'Bura'),
(973, 'Barada'),
(974, 'Inhamichindo'),
(975, 'Ampara'),
(976, 'Bândua'),
(977, 'Hosp. Rural Buzi'),
(978, 'Inharongue'),
(979, 'Marombe'),
(980, 'Rio Buzi'),
(981, 'Estaquinha'),
(982, 'Chissinguana'),
(983, 'Chicoio'),
(984, 'Chitanda'),
(985, 'Bupira'),
(986, 'Inhavininga'),
(987, 'Chicuecue Ii'),
(988, 'Mararanhe'),
(989, 'Thungo'),
(990, 'Mucaranga'),
(991, 'Nova Sofala'),
(992, 'Nhamatunguro'),
(993, 'Chatala'),
(994, 'Ndoro'),
(995, 'Deve'),
(996, 'Ntopa'),
(997, 'Murraça'),
(998, 'Murrema'),
(999, 'Hosp. Distrital Caia'),
(1000, 'Kapassene'),
(1001, 'Daf - Nhambalo'),
(1002, 'Licoma'),
(1003, 'Sombreiro'),
(1004, 'Chipuazo'),
(1005, 'Chipende'),
(1006, 'Phazo'),
(1007, 'Sena'),
(1008, 'Randinho'),
(1009, 'Nhamatanda'),
(1010, 'Ps Amílcar Cabral'),
(1011, 'Senhambuzua'),
(1012, 'Ndango'),
(1013, 'Cado'),
(1014, 'Quarenta'),
(1015, 'Capanga'),
(1016, 'Chemba-Sede'),
(1017, 'Nhandula'),
(1018, 'Catele'),
(1019, 'Macanga'),
(1020, 'Correia'),
(1021, 'Catulene'),
(1022, '3 Fevereiro'),
(1023, 'Chiramba'),
(1024, 'Mulima'),
(1025, 'Goe'),
(1026, 'Chite'),
(1027, 'Nangue'),
(1028, 'Inhamitanga'),
(1029, 'Pungué'),
(1030, 'Mazamba'),
(1031, 'Nhataca'),
(1032, 'Inhaminga'),
(1033, 'Maciamboza'),
(1034, 'Nhango'),
(1035, 'Muligue'),
(1036, 'Panja'),
(1037, 'Tronga'),
(1038, 'Revue'),
(1039, 'Mucheve'),
(1040, 'Mangunde'),
(1041, 'Goonda'),
(1042, 'Maxiquiri'),
(1043, 'Geromo'),
(1044, 'Esperança Berta Zove'),
(1045, 'Zove'),
(1046, 'G. Madjaca'),
(1047, 'Chinhica'),
(1048, 'Chibabava- Sede'),
(1049, 'Mutindire'),
(1050, 'Hospital De Muxungue'),
(1051, 'Hoode'),
(1052, 'Sengo'),
(1053, 'Bloco 9'),
(1054, 'Igreja Baptista'),
(1055, 'Chibuabuabua'),
(1056, 'Mafambisse'),
(1057, 'Canhandula'),
(1058, 'Samora Machel'),
(1059, 'Chinamacondo'),
(1060, 'Savane'),
(1061, 'Nhamainga'),
(1062, 'Mutua'),
(1063, 'Maxarote'),
(1064, 'Luzalite'),
(1065, 'Dondo '),
(1066, 'Samora Machel'),
(1067, 'Chitengo'),
(1068, 'Piro'),
(1069, 'Cudzo'),
(1070, 'Casa Banana'),
(1071, 'Nhataca'),
(1072, 'Mucodza'),
(1073, 'Púnguè'),
(1074, 'Nhambirira'),
(1075, 'Gorongosa Sede'),
(1076, 'Tazaronda'),
(1077, 'C. Educacional'),
(1078, 'Muera'),
(1079, 'Tsiquiri'),
(1080, 'Nhamissongora'),
(1081, 'Canda'),
(1082, 'Domba'),
(1083, 'Vunduzi'),
(1084, 'Inharingue'),
(1085, 'Zimuala'),
(1086, 'Nhamachire'),
(1087, 'Machanga (Sede)'),
(1088, 'Buene'),
(1089, 'Maropanhe'),
(1090, 'Beiapeia'),
(1091, 'Javane'),
(1092, 'Chiloane'),
(1093, 'Chinhuque'),
(1094, 'Divinhe'),
(1095, 'Nhamacala'),
(1096, 'Subue'),
(1097, 'Senga Senga'),
(1098, 'Maringué-Sede'),
(1099, 'Canxixe'),
(1100, 'Gumbalatsai'),
(1101, 'Phango'),
(1102, 'Miguguni'),
(1103, 'Bauaze'),
(1104, 'Milambe'),
(1105, 'Pambane'),
(1106, 'Nhamijale'),
(1107, 'Chibulibuli'),
(1108, 'Ilha Inglese'),
(1109, 'Nensa'),
(1110, 'Safrique'),
(1111, 'Chupanga'),
(1112, 'Unidade Africana'),
(1113, 'Chueza'),
(1114, 'Kanamua'),
(1115, 'Nhamijale'),
(1116, 'Malingapanse'),
(1117, 'Puade'),
(1118, 'Kúnkué'),
(1119, 'Ermoque'),
(1120, 'Salone Primária'),
(1121, 'Hosp. Rural De Marromeu'),
(1122, 'Maviga'),
(1123, 'Macuere'),
(1124, 'Amambos'),
(1125, 'Ngaze'),
(1126, 'Nhane'),
(1127, 'Sepe'),
(1128, 'Cundue'),
(1129, 'Derunde'),
(1130, 'Nhanssica'),
(1131, 'Bingue'),
(1132, 'Nhangona'),
(1133, 'Sanguze Muana'),
(1134, 'Sanguze-Muana'),
(1135, 'Chenapamimba'),
(1136, 'Gorronga'),
(1137, 'Muanza - Baixa (Pedreira)'),
(1138, 'Muanza - Sede'),
(1139, 'Nhambudo'),
(1140, 'Nhansato'),
(1141, 'Wirikizi'),
(1142, 'Tambane'),
(1143, 'Nsituculo'),
(1144, 'Inhambize'),
(1145, 'Nquezane'),
(1146, 'Galinha'),
(1147, 'Tambane'),
(1148, 'Nhamudima'),
(1149, 'Derunde Linha'),
(1150, 'Mussapassua'),
(1151, 'Chicandamina'),
(1152, 'Zangala'),
(1153, 'Nhambize'),
(1154, 'Derunde Oliveira'),
(1155, 'Nhafungo'),
(1156, 'Zagala'),
(1157, 'Jasse Manguena'),
(1158, 'Jhon Segredo'),
(1159, 'Nharuchonga'),
(1160, 'Siluvo'),
(1161, 'Macorococho'),
(1162, 'Hosp. Rural De Nhamatanda'),
(1163, 'Tica'),
(1164, 'Nhampoca'),
(1165, 'Chiadeia'),
(1166, 'Siluvo Pedreira'),
(1167, 'Mucharuane'),
(1168, 'Metuchira Ermoc'),
(1169, 'Puazi'),
(1170, 'Vinho'),
(1171, 'Mecuzi - Puazi'),
(1172, 'Mbibiri'),
(1173, 'Mutondo'),
(1174, 'Muda'),
(1175, 'Metuchira Lomaco'),
(1176, 'Lamego'),
(1177, 'Jasse'),
(1178, 'Chiro'),
(1179, 'Salela'),
(1180, 'Mucucune'),
(1181, 'Ilha De Inhambane'),
(1182, 'Cruzamento'),
(1183, 'Conguiana'),
(1184, 'Guiúa'),
(1185, 'Balane (Urbano)'),
(1186, 'Inhambane'),
(1187, 'Muéle'),
(1188, 'Tomé'),
(1189, 'Manhiça'),
(1190, 'Mavume'),
(1191, 'Funhalouro'),
(1192, 'Tsenane'),
(1193, 'Save'),
(1194, 'Luido'),
(1195, 'Maluvane'),
(1196, 'Nova Mambone'),
(1197, 'Pande'),
(1198, 'Doane'),
(1199, 'Jofane'),
(1200, 'Benhane'),
(1201, 'Inhamussua'),
(1202, 'Maxamale'),
(1203, 'Madumo'),
(1204, 'Quengue'),
(1205, 'Marrengo'),
(1206, 'Maganda'),
(1207, 'Maiace'),
(1208, 'Mafuiane'),
(1209, 'Chinjinguir'),
(1210, 'Homoine'),
(1211, 'Pembe'),
(1212, 'Inhamangua'),
(1213, 'Nhapadiane'),
(1214, 'Coguno'),
(1215, 'Mocumbi'),
(1216, 'Mejoôte'),
(1217, 'Inharrime'),
(1218, 'Inhamachafo'),
(1219, 'Chacane'),
(1220, 'Chongola'),
(1221, 'Sihane'),
(1222, 'Mafassane'),
(1223, 'Inhassoro'),
(1224, 'Macovane'),
(1225, 'Bazaruto'),
(1226, 'Mangungumete'),
(1227, 'Cometela'),
(1228, 'Nhapele'),
(1229, 'Ligogo'),
(1230, 'Cumbana'),
(1231, 'Jangamo'),
(1232, 'Mutamba'),
(1233, 'Nhancoja'),
(1234, 'Ravene'),
(1235, 'Massavane'),
(1236, 'Mabote'),
(1237, 'Maculuve'),
(1238, 'Tanguane'),
(1239, 'Zimane'),
(1240, 'Mussengue'),
(1241, 'Papatane'),
(1242, 'Massinga'),
(1243, 'Muvamba'),
(1244, 'Mangonha'),
(1245, 'Cangela'),
(1246, 'Balata'),
(1247, 'Massinga-H.Distrital'),
(1248, 'Rio Das Pedras'),
(1249, 'Murie'),
(1250, 'Nhachengue'),
(1251, 'Inhaloi'),
(1252, 'Muchungo'),
(1253, 'Chituane'),
(1254, 'Chicomo'),
(1255, 'Chihunze'),
(1256, 'Agostinho Neto'),
(1257, 'Mabil'),
(1258, 'Chicuque'),
(1259, 'Maxixe'),
(1260, 'Bembe'),
(1261, 'Dambo'),
(1262, 'Teles'),
(1263, 'Cuguana'),
(1264, 'Macuamene'),
(1265, 'Manhala'),
(1266, 'Chicuque'),
(1267, 'Tinga-Tinga'),
(1268, 'Barrane'),
(1269, 'Mocodoene'),
(1270, 'Matacalane'),
(1271, 'Maivene'),
(1272, 'Sitila'),
(1273, 'Mahangue'),
(1274, 'Magumbo'),
(1275, 'Cambine'),
(1276, 'Gotite'),
(1277, 'Morrumbene'),
(1278, 'Jojo'),
(1279, 'Inhassune'),
(1280, 'Massalane'),
(1281, 'Mawayela'),
(1282, 'Panda'),
(1283, 'Vilanculos Hr/G'),
(1284, 'Chibuene'),
(1285, 'Quewene'),
(1286, 'Muabsa'),
(1287, 'Vilanculos-Sede'),
(1288, 'Machaniça'),
(1289, 'Pambarra'),
(1290, 'Belane'),
(1291, 'Mapinhane'),
(1292, 'Macunhe'),
(1293, 'Guilundo'),
(1294, 'Banguza'),
(1295, 'Cala'),
(1296, 'Maundene'),
(1297, 'Zandamela'),
(1298, 'Quissico'),
(1299, 'Chipole'),
(1300, 'Mavila'),
(1301, 'Muane'),
(1302, 'Canda'),
(1303, 'Maculuva'),
(1304, 'Hospital De Quissico'),
(1305, 'Xai Xai'),
(1306, 'Marien Nguabi'),
(1307, 'Cidade De Xai-Xai'),
(1308, 'Patrice Lumumba'),
(1309, 'Praia'),
(1310, 'Marien Nguabi'),
(1311, 'Macia'),
(1312, 'Praia De Bilene'),
(1313, 'Mamonho'),
(1314, 'Chissano'),
(1315, 'Incaia'),
(1316, 'Licilo'),
(1317, 'Mazivila'),
(1318, 'Messano'),
(1319, 'Olombe'),
(1320, 'Tuane'),
(1321, 'Mangol'),
(1322, 'Maqueze'),
(1323, 'Chibuto Hr'),
(1324, 'Cidade Chibuto'),
(1325, 'Alto Changane'),
(1326, 'Chipadja'),
(1327, 'Malehice'),
(1328, 'Muxaxane'),
(1329, 'Maivene'),
(1330, 'Chaimite'),
(1331, 'Chimundo'),
(1332, 'Vila Do Milénio'),
(1333, 'Nwavaquene'),
(1334, 'Celula Mussavene'),
(1335, 'Coca Missava'),
(1336, 'Mukhotwene'),
(1337, 'Changanine'),
(1338, 'Meboi'),
(1339, 'Chidulo'),
(1340, 'Mahatlane'),
(1341, 'Mapai'),
(1342, 'Mapai-Ngala'),
(1343, 'Mepuzi'),
(1344, 'Pafuri'),
(1345, 'Litlatla'),
(1346, 'Chicualacuala'),
(1347, 'Chigubo'),
(1348, 'Zinhane'),
(1349, 'Ndindiza'),
(1350, 'Machaila'),
(1351, 'Cubo'),
(1352, 'Nhanale'),
(1353, 'Manjangue'),
(1354, 'Malhazine'),
(1355, 'Chokwe'),
(1356, 'Cidade De Chokwe'),
(1357, 'Muianga'),
(1358, 'Mapapa'),
(1359, 'Wachicoluane'),
(1360, 'Tlawene'),
(1361, 'Machua'),
(1362, 'Carmelo'),
(1363, 'Bairro'),
(1364, 'Cumba'),
(1365, 'Chalucuane'),
(1366, 'Hokwe'),
(1367, 'Conhane'),
(1368, 'Chiaquelane'),
(1369, 'Xilembene'),
(1370, 'Lionde'),
(1371, '25 De Setembro'),
(1372, 'Massavasse'),
(1373, 'Barragem'),
(1374, 'Guija'),
(1375, 'Nalazi'),
(1376, 'Chibabel'),
(1377, 'Chimbembe'),
(1378, 'Chinhacanine'),
(1379, 'Chivonguene'),
(1380, 'Mpelane'),
(1381, 'Mbalavala'),
(1382, 'Mubanguene'),
(1383, 'Macarale'),
(1384, 'Mabalane'),
(1385, 'Combomune'),
(1386, 'Mabomo'),
(1387, 'Nhimbainwe B'),
(1388, 'Tsocate'),
(1389, 'Pfukwe'),
(1390, 'Mandlakazi'),
(1391, 'Chidenguele'),
(1392, 'Dengoine'),
(1393, 'Betula'),
(1394, 'Mussavelene'),
(1395, 'Banguene'),
(1396, 'Chibondzane'),
(1397, 'Macuacua'),
(1398, 'Macupulane'),
(1399, 'Mangunze'),
(1400, 'Manhique'),
(1401, 'Muzamane'),
(1402, 'Cucuine'),
(1403, 'Matsinhane'),
(1404, 'Mausse'),
(1405, 'Laranjeiras'),
(1406, 'Tavane'),
(1407, 'Chicavane'),
(1408, 'Incadine'),
(1409, 'Macasselane'),
(1410, 'Mandlakazi Cs'),
(1411, 'Massangena'),
(1412, 'Mucambene'),
(1413, 'Mavue'),
(1414, 'Massingir'),
(1415, 'Zulu'),
(1416, 'Chibotane'),
(1417, 'Cubo'),
(1418, 'Machamba'),
(1419, 'Mavodze'),
(1420, 'Mucatine'),
(1421, 'Macaringue'),
(1422, 'Chicumbane Hr'),
(1423, 'Banhine'),
(1424, 'Chilaulene'),
(1425, 'Chipenhe'),
(1426, 'Chongoene'),
(1427, 'Nhacutse'),
(1428, 'Julius Nyerere'),
(1429, 'Maciene'),
(1430, 'Siaia'),
(1431, 'Zongoene'),
(1432, 'Vladimir Lenine'),
(1433, 'Nhamavila'),
(1434, 'Bungane'),
(1435, 'Zimilene'),
(1436, 'Ndambine 2000'),
(1437, 'Machava'),
(1438, 'Zona Verde'),
(1439, 'Dzovo'),
(1440, 'Bo-Machava'),
(1441, 'Cimentos'),
(1442, 'H. Geral Machava '),
(1443, 'Clinica Da Matola'),
(1444, 'Hanhane'),
(1445, 'Unidade A'),
(1446, 'Fomento'),
(1447, 'Clinica Da Liberdade'),
(1448, 'Cadeia Central'),
(1449, 'Muhalaze'),
(1450, 'Policia'),
(1451, 'Bedene'),
(1452, 'Tsalala'),
(1453, 'Matola'),
(1454, 'Matola Gare'),
(1455, 'Ndlavela'),
(1456, 'Liberdade'),
(1457, 'Boquisso'),
(1458, 'T.3'),
(1459, 'Km-25'),
(1460, 'Khongolote'),
(1461, 'Mapinhane'),
(1462, 'Matola Ii'),
(1463, 'Machava I'),
(1464, 'Boane'),
(1465, 'Massaca'),
(1466, 'Beleluane'),
(1467, 'Radio Marconi'),
(1468, 'Matola-Rio'),
(1469, 'Pequenos Libombos'),
(1470, 'Casa Gaiato'),
(1471, 'Água De Maputo'),
(1472, 'Picoco'),
(1473, 'Mulotana'),
(1474, 'Campuane'),
(1475, 'Mahubo'),
(1476, 'Antigos Combatentes'),
(1477, 'Magude'),
(1478, 'Panjane'),
(1479, 'Mahel'),
(1480, 'Mapulanguene'),
(1481, 'Chicutso'),
(1482, 'Moine'),
(1483, 'Motaze'),
(1484, 'Chobela'),
(1485, 'Timanguene'),
(1486, 'Mazimuchope'),
(1487, 'Xinavane'),
(1488, 'Maluana'),
(1489, 'Taninga'),
(1490, 'Munguine'),
(1491, 'Hospital De Xinavane '),
(1492, 'Malavela'),
(1493, 'Manhiça'),
(1494, 'Chibututuine'),
(1495, 'Chibucutso'),
(1496, 'Mirona'),
(1497, '3 De Fevereiro'),
(1498, 'Ilha Josina'),
(1499, 'Nwamatibjana'),
(1500, 'Maragra'),
(1501, 'Calanga'),
(1502, 'Mirrone'),
(1503, 'Nhongonhane (Ed.Mondl.)'),
(1504, 'Mumemo'),
(1505, 'Matalane'),
(1506, 'Michafutane'),
(1507, 'Ricatla'),
(1508, 'Marracuene'),
(1509, 'Machubo'),
(1510, 'Mali'),
(1511, 'Bobole'),
(1512, 'Samora Machel'),
(1513, 'Catuane'),
(1514, 'Mabilibili'),
(1515, 'Ponta Do Ouro'),
(1516, 'Salamanga'),
(1517, 'Zitundo'),
(1518, 'Hindane'),
(1519, 'Gueveza'),
(1520, 'Matutuine'),
(1521, 'Mungazine'),
(1522, 'Ndelane'),
(1523, 'Santa Maria'),
(1524, 'Manhangane'),
(1525, 'Nsine'),
(1526, 'Machangulo'),
(1527, 'Inonganine'),
(1528, 'Manhangane'),
(1529, 'Corrumane'),
(1530, 'Chanculo'),
(1531, 'Chinhanguanine'),
(1532, 'Mahulane'),
(1533, 'Pessene'),
(1534, 'Tenga'),
(1535, 'Sabié'),
(1536, 'Ressano Garcia'),
(1537, 'Moamba'),
(1538, 'Mafuiane'),
(1539, 'Namaacha'),
(1540, 'Changalane'),
(1541, 'Goba'),
(1542, 'Mahelane'),
(1543, 'Dibinduane'),
(1544, 'Kulula'),
(1545, 'Radio Tecnica'),
(1546, 'Odete Mechisso'),
(1547, 'H. Central De Maputo'),
(1548, 'Maxaquene'),
(1549, 'Alto Maé'),
(1550, 'Nº 2 Tribunal'),
(1551, 'Porto'),
(1552, 'Polana Cimento'),
(1553, 'Malhangalene'),
(1554, 'H. Militar'),
(1555, 'Nº 14'),
(1556, 'Chamanculo'),
(1557, 'Chamanculo'),
(1558, 'Xipamanine'),
(1559, 'J.Macamo'),
(1560, 'J.Macamo'),
(1561, '1 De Maio'),
(1562, 'Polana Caniço'),
(1563, '1 De Junho'),
(1564, 'Mavalane'),
(1565, 'Albazine'),
(1566, 'Pescadores'),
(1567, 'Hulene'),
(1568, 'Chiango'),
(1569, 'Romão'),
(1570, 'Mavalane'),
(1571, 'Magoanine Mini Centro'),
(1572, 'Zimpeto'),
(1573, 'Bagamoio'),
(1574, 'Infulene'),
(1575, 'Magoanine Tendas'),
(1576, 'Inhagoia'),
(1577, 'Mutsekua'),
(1578, 'Incassane'),
(1579, 'Catembe'),
(1580, 'Muchina'),
(1581, 'Inhaca'),
(1582, 'Inguane'),
(1583, 'Centro De Saúde Mental Infanto-Juvenil'),
(1584, 'Hospital Psiquiatrico Do Chissui'),
(1585, 'Hospital De Chimoio'),
(1586, 'Hospital Da Matola'),
(1587, 'Matola B'),
(1588, 'Cadeia Civil'),
(1589, 'Benfica'),
(1590, 'Masaka');

-- --------------------------------------------------------

--
-- Table structure for table `units_coord`
--

CREATE TABLE `units_coord` (
  `id_unit` int(11) NOT NULL,
  `lat` float NOT NULL,
  `lon` float NOT NULL,
  PRIMARY KEY (`id_unit`)
) ENGINE=InnoDB DEFAULT CHARSET=utf8;

--
-- Dumping data for table `units_coord`
--

INSERT INTO `units_coord` (`id_unit`, `lat`, `lon`) VALUES
(1, -13.2489, 35.1684),
(2, -13.2901, 35.248),
(3, -13.2942, 35.2368),
(4, -13.2817, 35.3028),
(5, -13.3446, 35.2504),
(6, -13.2516, 35.2593),
(7, -13.3213, 35.2518),
(8, -13.3059, 35.2468),
(9, -13.3108, 35.2511),
(10, -14.8001, 36.5338),
(11, -14.8068, 36.5333),
(12, -14.8021, 36.5356),
(13, -14.6511, 36.5689),
(14, -14.735, 36.435),
(15, -14.9153, 36.3661),
(16, -15.0964, 36.6125),
(17, -15.2428, 36.5022),
(18, -14.7803, 36.5317),
(19, -14.7947, 36.8536),
(20, -14.8014, 36.5331),
(21, -14.8022, 36.5344),
(22, -14.5444, 36.6058),
(23, -14.9831, 36.6164),
(24, -14.7292, 36.6267),
(25, -14.8972, 36.5289),
(26, -14.8097, 36.4944),
(27, -14.6931, 36.9644),
(28, -14.8011, 36.5989),
(29, -11.6156, 34.9613),
(30, -11.7569, 35.2074),
(31, -12.9039, 35.0496),
(32, -12.886, 34.7723),
(33, -12.6113, 34.8329),
(34, -12.4239, 34.7164),
(35, -12.0129, 34.9016),
(36, -12.6947, 34.8088),
(37, -12.1402, 34.761),
(38, -12.7596, 34.9764),
(39, -12.3356, 34.9507),
(40, -13.0238, 34.9547),
(41, -12.4685, 35.0038),
(42, -13.3167, 35.2333),
(43, -13.615, 35.2566),
(44, -13.1918, 35.3146),
(45, -13.1857, 35.1944),
(46, -13.2917, 35.4792),
(47, -13.4216, 34.8726),
(48, -13.3138, 35.5326),
(49, -13.3543, 35.4206),
(50, -13.6332, 35.033),
(51, -13.3226, 35.2249),
(52, -13.4745, 35.2806),
(53, -13.5462, 35.4476),
(54, -13.2889, 35.0499),
(55, -13.1818, 35.1871),
(56, -13.2742, 35.3641),
(57, -13.3323, 35.5105),
(58, -13.3212, 35.2244),
(59, -13.6208, 36.0062),
(60, -13.5042, 36.4389),
(61, -12.8474, 36.0649),
(62, -13.4737, 36.3038),
(63, -13.3583, 36.0572),
(64, -13.4753, 36.1213),
(65, -13.4261, 36.1988),
(66, -13.3498, 36.7427),
(67, -14.3536, 35.6486),
(68, -14.1453, 35.4811),
(69, -14.3175, 35.8589),
(70, -14.1269, 35.9372),
(71, -14.353, 35.651),
(72, -14.2475, 35.625),
(73, -14.3764, 35.8919),
(74, -14.3694, 35.7208),
(75, -14.3194, 36.2331),
(76, -13.1978, 37.4989),
(77, -13.1896, 37.5055),
(78, -12.7406, 37.7212),
(79, -13.0906, 37.5982),
(80, -13.3966, 37.7379),
(81, -12.8836, 37.689),
(82, -13.1924, 37.5059),
(83, -13.1915, 37.5048),
(84, -13.1899, 37.5052),
(85, -13.1897, 37.5052),
(86, -13.19, 37.5057),
(87, -13.8771, 37.1609),
(88, -14.1597, 37.4464),
(89, -13.78, 37.1744),
(90, -13.6697, 37.3367),
(91, -14.3103, 37.5625),
(92, -13.8681, 37.16),
(93, -13.9287, 37.1393),
(94, -13.9301, 37.1372),
(95, -12.5673, 36.2638),
(96, -12.3705, 36.1173),
(97, -12.5667, 36.5378),
(98, -12.48, 36.0606),
(99, -15.3247, 35.9019),
(100, -15.4433, 35.9856),
(101, -15.0303, 36.0267),
(102, -15.2897, 35.9478),
(103, -15.105, 35.9575),
(104, -14.9519, 36.1639),
(105, -15.2686, 36.0014),
(106, -14.6508, 35.9372),
(107, -15.3269, 36.1317),
(108, -15.2867, 36.3508),
(109, -15.1947, 35.87),
(110, -14.9881, 35.8917),
(111, -11.3392, 38.3067),
(112, -12.1433, 37.6706),
(113, -11.7928, 38.0303),
(114, -12.4586, 37.6614),
(115, -12.1471, 37.6673),
(116, -12.1964, 38.015),
(117, -12.1164, 37.6658),
(118, -12.1471, 37.6695),
(119, -12.2775, 37.6611),
(120, -12.0736, 37.0164),
(121, -12.1436, 37.6705),
(122, -14.4628, 36.895),
(123, -14.3625, 37.2564),
(124, -14.3933, 36.7344),
(125, -14.3203, 36.7927),
(126, -14.2181, 36.9206),
(127, -14.3322, 36.7967),
(128, -14.3233, 36.7917),
(129, -14.3205, 36.793),
(130, -13.0854, 35.6419),
(131, -12.949, 35.7464),
(132, -13.0054, 35.5508),
(133, -12.8905, 35.7476),
(134, -13.0897, 35.6445),
(135, -13.9008, 35.4378),
(136, -14.0247, 35.3656),
(137, -13.7772, 35.5294),
(138, -13.7489, 35.6169),
(139, -13.7988, 35.6533),
(140, -13.7631, 35.3108),
(141, -14.0947, 35.4711),
(142, -13.8492, 35.2892),
(143, -13.9714, 37.8933),
(144, -14.0317, 37.8552),
(145, -14.0326, 37.8554),
(146, -13.7906, 37.9356),
(147, -14.1333, 38.3081),
(148, -14.0311, 37.8533),
(149, -14.0319, 37.855),
(150, -13.0793, 35.2075),
(151, -12.978, 35.1524),
(152, -12.9451, 35.4264),
(153, -13.0403, 35.2933),
(154, -12.502, 35.4609),
(155, -12.356, 35.3809),
(156, -13.0116, 35.1869),
(157, -12.5939, 35.2705),
(158, -12.4889, 35.4248),
(159, -13.1279, 35.1758),
(160, -12.8777, 35.4115),
(161, -12.9611, 40.5071),
(162, -12.9619, 40.5089),
(163, -13.0225, 40.5656),
(164, -12.9625, 40.4867),
(165, -13.0597, 40.525),
(166, -13.0192, 40.5294),
(167, -12.9711, 40.5533),
(168, -12.9631, 40.5172),
(169, -12.9658, 40.4953),
(170, -12.9611, 40.5071),
(171, -12.9732, 40.5178),
(172, -12.9669, 39.8572),
(173, -12.9939, 39.4675),
(174, -13.0917, 39.5931),
(175, -12.8603, 39.9492),
(176, -13.0319, 39.5522),
(177, -13.105, 39.8742),
(178, -13.3778, 38.3703),
(179, -13.5469, 38.4244),
(180, -13.2261, 38.4806),
(181, -13.2733, 38.6361),
(182, -13.4286, 38.5947),
(183, -13.3483, 38.5669),
(184, -13.3486, 38.5697),
(185, -13.3509, 38.5764),
(186, -13.6464, 39.7933),
(187, -13.5376, 39.7343),
(188, -13.3294, 40.1008),
(189, -13.4839, 39.915),
(190, -13.3594, 40.1936),
(191, -13.3975, 39.4317),
(192, -13.5795, 39.7356),
(193, -13.3728, 39.9681),
(194, -13.5592, 39.7368),
(195, -13.3825, 39.7844),
(196, -12.403, 40.574),
(197, -12.2045, 40.6049),
(198, -12.3436, 40.5847),
(199, -11.9311, 40.1075),
(200, -12.0433, 40.1453),
(201, -12.0572, 40.136),
(202, -12.0463, 40.1443),
(203, -12.0435, 40.145),
(204, -12.0434, 40.1451),
(205, -12.0433, 40.1453),
(206, -12.0435, 40.1451),
(207, -12.0433, 40.1452),
(208, -13.2908, 40.5556),
(209, -13.1302, 40.5503),
(210, -13.4164, 40.5267),
(211, -12.5403, 39.6408),
(212, -12.4589, 40.0292),
(213, -12.2775, 39.6644),
(214, -12.5151, 39.5692),
(215, -12.3964, 40.1075),
(216, -11.6269, 40.1778),
(217, -11.3536, 40.3522),
(218, -11.5358, 39.9367),
(219, -11.2308, 40.2728),
(220, -11.3494, 40.3586),
(221, -13.1167, 39),
(222, -12.5511, 39.0019),
(223, -13.304, 38.9211),
(224, -13.1167, 39),
(225, -13.2233, 38.8808),
(226, -13.1886, 38.7431),
(227, -13.1311, 39.0356),
(228, -13.1167, 39),
(229, -12.9681, 38.8011),
(230, -13.1272, 38.9986),
(231, -11.3058, 39.3103),
(232, -11.2958, 39.4422),
(233, -11.4253, 38.4897),
(234, -11.6003, 39.6842),
(235, -11.8225, 39.4167),
(236, -11.1153, 39.4739),
(237, -11.53, 39.7186),
(238, -11.6628, 39.5536),
(239, -11.891, 39.7343),
(240, -11.7794, 39.9006),
(241, -11.7614, 39.7356),
(242, -11.76, 39.8053),
(243, -11.7053, 39.9856),
(244, -11.8236, 39.8122),
(245, -13.6881, 38.7753),
(246, -13.6186, 38.8161),
(247, -13.9653, 38.8056),
(248, -13.7094, 38.6006),
(249, -14.0364, 38.6767),
(250, -13.83, 39.1228),
(251, -13.4744, 39.1742),
(252, -11.153, 39.7343),
(253, -11.4267, 39.7414),
(254, -11.3864, 39.595),
(255, -11.1834, 39.7358),
(256, -11.0614, 39.6697),
(257, -10.8908, 40.0575),
(258, -10.5928, 40.5078),
(259, -10.7808, 40.4731),
(260, -10.965, 40.3558),
(261, -10.9903, 40.4792),
(262, -10.8569, 40.5894),
(263, -12.9347, 40.3497),
(264, -13.1075, 40.4539),
(265, -12.9366, 40.3619),
(266, -12.9343, 40.3484),
(267, -12.9346, 40.3503),
(268, -12.4322, 40.4833),
(269, -12.5236, 40.2553),
(270, -12.3442, 40.3139),
(271, -12.5639, 40.2853),
(272, -12.5958, 40.1522),
(273, -12.5184, 40.3905),
(274, -12.38, 40.2642),
(275, -15.1153, 39.2619),
(276, -15.1167, 39.2667),
(277, -15.1114, 39.2536),
(278, -15.1194, 39.1894),
(279, -15.1142, 39.2681),
(280, -15.1078, 39.2581),
(281, -15.1106, 39.2728),
(282, -15.123, 39.2702),
(283, -15.1188, 39.2701),
(284, -15.1179, 39.269),
(285, -15.1231, 39.2619),
(286, -15.1186, 39.2789),
(287, -15.1172, 39.2677),
(288, -15.1168, 39.2669),
(289, -15.1169, 39.2666),
(290, -16.075, 39.6186),
(291, -16.244, 39.907),
(292, -16.0325, 40.1022),
(293, -16.1914, 39.9286),
(294, -16.3597, 39.8056),
(295, -16.2506, 39.6525),
(296, -15.9953, 39.7375),
(297, -15.9011, 39.8644),
(298, -16.2189, 39.8992),
(299, -16.2294, 39.9078),
(300, -16.2481, 39.9078),
(301, -16.3442, 39.92),
(302, -16.0919, 39.6606),
(303, -16.3658, 39.75),
(304, -16.0592, 39.7275),
(305, -16.1831, 39.6406),
(306, -15.8703, 39.7428),
(307, -16.2469, 39.9056),
(308, -16.244, 39.907),
(309, -13.9356, 39.9251),
(310, -13.8999, 39.8167),
(311, -13.7163, 39.8226),
(312, -13.8452, 39.5437),
(313, -13.8886, 39.9046),
(314, -13.6004, 40.0273),
(315, -14.0091, 39.6695),
(316, -13.9815, 39.2316),
(317, -14.0637, 39.4516),
(318, -13.8942, 39.7873),
(319, -15.0151, 40.6502),
(320, -15.0875, 40.5769),
(321, -15.0351, 40.687),
(322, -15.0214, 40.6703),
(323, -15.0381, 40.7317),
(324, -14.7167, 37.835),
(325, -14.3764, 37.7708),
(326, -14.4664, 38.0631),
(327, -14.225, 38.3219),
(328, -14.1775, 38.5994),
(329, -14.8855, 37.7723),
(330, -14.9578, 37.4069),
(331, -14.85, 37.0042),
(332, -14.6817, 37.4592),
(333, -14.8925, 37.7706),
(334, -15.0286, 37.5142),
(335, -14.8698, 37.4997),
(336, -14.9375, 37.1767),
(337, -14.9692, 39.8853),
(338, -14.9289, 40.0019),
(339, -15.4694, 39.6273),
(340, -15.0083, 39.6809),
(341, -15.4878, 39.4728),
(342, -15.4997, 39.3339),
(343, -14.9889, 39.8458),
(344, -14.9394, 38.6897),
(345, -14.5989, 38.7952),
(346, -14.6414, 39.105),
(347, -14.025, 39.0306),
(348, -14.1723, 38.74),
(349, -14.5211, 38.8958),
(350, -14.1667, 39.1711),
(351, -14.8164, 38.9658),
(352, -14.2414, 39.0044),
(353, -14.927, 38.6633),
(354, -14.3709, 38.8067),
(355, -14.2352, 39.2703),
(356, -14.6586, 38.888),
(357, -14.1336, 40.1489),
(358, -14.2118, 40.7085),
(359, -14.1814, 40.2759),
(360, -13.7669, 40.2958),
(361, -14.3266, 40.5282),
(362, -14.0194, 40.3456),
(363, -13.5383, 40.5034),
(364, -14.3513, 40.4417),
(365, -14.1796, 40.5249),
(366, -13.9286, 40.5963),
(367, -14.183, 40.526),
(368, -15.3003, 39.8703),
(369, -15.7533, 39.9905),
(370, -15.6605, 40.1453),
(371, -15.5478, 40.4161),
(372, -15.2872, 40.1139),
(373, -15.825, 40.2256),
(374, -15.5686, 40.4089),
(375, -15.7088, 40.1253),
(376, -15.1597, 40.198),
(377, -15.6888, 40.1392),
(378, -15.6711, 39.46),
(379, -15.9647, 39.5117),
(380, -15.7195, 39.6936),
(381, -15.8352, 38.9725),
(382, -15.6239, 39.1019),
(383, -15.7089, 39.3378),
(384, -15.8833, 39.0714),
(385, -16.4072, 39.0364),
(386, -16.7625, 39.2228),
(387, -16.0914, 39.1581),
(388, -16.7111, 39.3189),
(389, -16.4802, 39.7174),
(390, -16.4781, 39.715),
(391, -16.4139, 39.4278),
(392, -16.6392, 39.4961),
(393, -16.5639, 39.0775),
(394, -16.4256, 39.2197),
(395, -16.4009, 39.2376),
(396, -16.401, 39.2373),
(397, -16.8686, 39.1372),
(398, -16.4913, 39.2242),
(399, -16.4236, 39.2418),
(400, -14.8035, 40.2271),
(401, -14.7186, 40.3341),
(402, -14.9153, 40.2286),
(403, -14.7467, 39.9767),
(404, -14.9206, 40.2986),
(405, -14.7402, 39.9178),
(406, -14.6658, 39.8441),
(407, -14.727, 40.0703),
(408, -14.9745, 40.0964),
(409, -14.8558, 40.0853),
(410, -14.8075, 40.2811),
(411, -14.5547, 40.3005),
(412, -14.9097, 40.3333),
(413, -14.7812, 40.0986),
(414, -14.7756, 40.7295),
(415, -14.9906, 40.7395),
(416, -14.9525, 40.74),
(417, -14.8633, 40.7675),
(418, -14.7859, 40.5809),
(419, -15.1923, 40.3597),
(420, -15.1881, 40.52),
(421, -14.9525, 40.6656),
(422, -14.8865, 40.5534),
(423, -14.9511, 40.5308),
(424, -14.3749, 39.4147),
(425, -14.8725, 39.6378),
(426, -14.5775, 39.5761),
(427, -14.5818, 39.7408),
(428, -14.7657, 39.7885),
(429, -14.9049, 39.3235),
(430, -14.5803, 39.378),
(431, -14.4319, 39.3945),
(432, -14.9423, 39.4154),
(433, -15.4209, 38.7919),
(434, -15.4583, 38.6773),
(435, -15.2042, 38.6911),
(436, -15.3455, 38.8911),
(437, -15.5866, 38.5748),
(438, -15.6011, 38.7352),
(439, -14.6611, 40.68),
(440, -14.489, 40.7361),
(441, -14.5096, 40.7495),
(442, -14.4922, 40.7067),
(443, -14.5026, 40.7411),
(444, -14.5514, 40.6722),
(445, -14.4731, 40.7006),
(446, -14.5225, 40.7867),
(447, -14.5586, 40.7),
(448, -14.4924, 40.7324),
(449, -14.5106, 40.6817),
(450, -14.4909, 40.7336),
(451, -14.4893, 40.7366),
(452, -14.5834, 40.5027),
(453, -14.7275, 40.5369),
(454, -14.6114, 40.6094),
(455, -14.4686, 40.6219),
(456, -14.4572, 40.3719),
(457, -14.5511, 40.6216),
(458, -14.3695, 39.9231),
(459, -14.3907, 40.079),
(460, -14.3002, 39.7509),
(461, -14.3093, 39.6523),
(462, -14.4218, 39.9247),
(463, -14.4891, 40.7361),
(464, -15.2544, 39.2483),
(465, -14.9997, 39.345),
(466, -14.975, 38.8156),
(467, -15.2306, 38.9742),
(468, -15.2286, 39.1183),
(469, -15.375, 39.0344),
(470, -15.2036, 39.3881),
(471, -15.1736, 39.4631),
(472, -14.9972, 38.9519),
(473, -15.1383, 39.0358),
(474, -15.2744, 39.0411),
(475, -15.0994, 39.4244),
(476, -15.0142, 39.1289),
(477, -15.3297, 39.1519),
(478, -15.3367, 39.34),
(479, -14.9828, 38.0714),
(480, -15.1011, 38.23),
(481, -14.993, 38.2695),
(482, -15.0036, 37.7633),
(483, -15.0411, 38.3389),
(484, -14.7947, 38.3706),
(485, -15.0033, 38.5103),
(486, -14.9464, 38.3209),
(487, -15.0289, 38.0477),
(488, -17.8878, 36.9156),
(489, -17.8675, 36.9239),
(490, -17.8192, 36.9466),
(491, -17.8786, 36.8883),
(492, -17.8803, 36.8916),
(493, -17.8611, 36.9081),
(494, -17.8469, 36.9006),
(495, -17.8763, 36.8872),
(496, -17.8762, 36.8883),
(497, -17.8753, 36.8811),
(498, -17.8617, 36.8955),
(499, -17.8822, 36.8872),
(500, -15.7069, 37.6417),
(501, -15.6268, 37.7502),
(502, -15.5678, 37.3592),
(503, -15.6749, 37.704),
(504, -15.2847, 37.44),
(505, -15.7639, 37.7556),
(506, -15.3861, 37.7678),
(507, -15.398, 37.6047),
(508, -15.67, 37.5731),
(509, -15.4339, 37.4433),
(510, -15.9181, 37.8525),
(511, -15.6467, 37.7277),
(512, -15.6744, 37.704),
(513, -15.6306, 37.6836),
(514, -15.565, 37.7905),
(515, -15.8631, 37.6377),
(516, -18.2683, 36.65),
(517, -18.405, 36.1081),
(518, -18.6656, 36.2425),
(519, -18.3678, 36.5683),
(520, -18.2942, 36.7136),
(521, -18.6114, 36.4314),
(522, -18.5861, 36.4639),
(523, -18.5833, 36.4667),
(524, -18.5833, 36.4644),
(525, -18.5938, 36.463),
(526, -16.0507, 38.4953),
(527, -16.0176, 38.485),
(528, -16.2141, 38.6588),
(529, -15.5119, 38.2572),
(530, -16.1464, 38.3725),
(531, -15.9625, 38.4416),
(532, -15.5126, 38.2574),
(533, -16.132, 38.0975),
(534, -16.2, 38.66),
(535, -16.0649, 38.6562),
(536, -15.3864, 36.5264),
(537, -15.7714, 37.0844),
(538, -15.5403, 36.8841),
(539, -15.488, 37.1402),
(540, -15.5567, 37.0553),
(541, -15.315, 36.6589),
(542, -15.1989, 36.7025),
(543, -15.54, 37.193),
(544, -15.172, 36.805),
(545, -15.4628, 36.9828),
(546, -15.4625, 36.9836),
(547, -15.4564, 36.9556),
(548, -15.4678, 36.9829),
(549, -16.0936, 37.3366),
(550, -16.1215, 37.3395),
(551, -16.4341, 37.5889),
(552, -16.0378, 37.1683),
(553, -16.3586, 37.767),
(554, -15.9902, 37.3572),
(555, -16.2811, 37.3214),
(556, -16.1416, 37.3833),
(557, -15.7844, 37.1633),
(558, -16.2692, 37.5161),
(559, -16.1693, 37.3843),
(560, -16.0361, 37.5239),
(561, -16.3644, 37.3307),
(562, -16.3583, 37.338),
(563, -16.301, 37.3522),
(564, -16.2875, 37.355),
(565, -16.0099, 37.3327),
(566, -18.0764, 36.9278),
(567, -18.0292, 36.7361),
(568, -18.01, 36.8108),
(569, -18.1114, 36.7581),
(570, -18.0781, 36.8961),
(571, -18.0826, 36.825),
(572, -17.9767, 36.8578),
(573, -16.4256, 36.7433),
(574, -16.0167, 36.4866),
(575, -16.3511, 36.8533),
(576, -16.3633, 36.3789),
(577, -16.3944, 36.9803),
(578, -16.5525, 36.8617),
(579, -16.2186, 36.9364),
(580, -16.2178, 37.0011),
(581, -16.3691, 36.782),
(582, -16.5927, 36.9723),
(583, -16.7503, 36.943),
(584, -16.367, 36.5153),
(585, -17.6092, 37.3972),
(586, -17.3092, 37.9742),
(587, -16.9822, 37.0779),
(588, -17.4295, 37.5695),
(589, -17.2306, 37.7764),
(590, -17.1816, 37.4681),
(591, -17.1816, 37.4681),
(592, -17.0522, 37.7161),
(593, -17.2636, 37.8936),
(594, -17.4383, 37.2855),
(595, -16.8972, 37.8972),
(596, -17.5877, 37.4817),
(597, -17.5206, 37.5514),
(598, -17.3094, 37.5089),
(599, -17.33, 37.1997),
(600, -17.2076, 37.3128),
(601, -17.1625, 37.7495),
(602, -16.767, 37.5958),
(603, -17.1899, 37.7306),
(604, -16.2175, 35.6259),
(605, -16.0981, 35.7814),
(606, -16.0986, 35.7692),
(607, -16.0564, 36.0289),
(608, -15.4875, 35.8875),
(609, -15.7759, 36.0164),
(610, -16.2173, 35.4795),
(611, -16.2103, 35.7997),
(612, -16.4491, 36.0464),
(613, -16.4386, 35.4997),
(614, -16.1684, 35.4533),
(615, -16.0969, 35.7721),
(616, -16.0968, 35.772),
(617, -16.1315, 35.8688),
(618, -15.4869, 36.2714),
(619, -16.0969, 35.7721),
(620, -16.097, 35.7721),
(621, -16.0963, 35.7721),
(622, -16.8505, 36.9833),
(623, -16.8424, 36.972),
(624, -16.8389, 36.9799),
(625, -16.8806, 37.0097),
(626, -16.5173, 37.1673),
(627, -17.1195, 36.9706),
(628, -17.0025, 36.7706),
(629, -16.6877, 37.2375),
(630, -16.6447, 36.3211),
(631, -16.6922, 37.3714),
(632, -16.5575, 37.2925),
(633, -16.8505, 36.9831),
(634, -16.8003, 36.5792),
(635, -17.1466, 36.9372),
(636, -16.8461, 36.9791),
(637, -16.8406, 36.9875),
(638, -16.8424, 36.972),
(639, -17.9801, 35.715),
(640, -17.7847, 35.4058),
(641, -17.9801, 35.715),
(642, -17.9801, 35.715),
(643, -17.5839, 36.0161),
(644, -17.9795, 35.7128),
(645, -17.6905, 35.6661),
(646, -17.8973, 35.6672),
(647, -17.5278, 36.2964),
(648, -17.9802, 35.715),
(649, -17.0931, 35.7224),
(650, -17.2047, 35.7803),
(651, -17.3592, 35.3542),
(652, -17.6161, 35.5234),
(653, -16.6933, 35.3497),
(654, -16.8997, 35.7407),
(655, -17.1416, 35.3217),
(656, -16.8998, 35.7407),
(657, -17.2411, 35.8405),
(658, -17.3181, 35.9553),
(659, -16.8998, 35.7407),
(660, -16.8998, 35.7407),
(661, -16.8998, 35.7407),
(662, -17.4156, 35.6111),
(663, -16.9681, 36.1181),
(664, -17.3278, 35.577),
(665, -16.6478, 36.2097),
(666, -17.2571, 35.6241),
(667, -17.0162, 35.7012),
(668, -17.109, 35.76),
(669, -17.2281, 37.0247),
(670, -17.5753, 37.1589),
(671, -17.5138, 37.04),
(672, -17.5594, 36.9377),
(673, -17.4094, 37.1192),
(674, -17.64, 37.2717),
(675, -17.6355, 37.1217),
(676, -17.4823, 37.1997),
(677, -17.7153, 37.1925),
(678, -17.3189, 37.052),
(679, -17.4944, 37.0265),
(680, -15.7491, 36.7891),
(681, -15.9539, 36.8658),
(682, -16.0725, 36.9926),
(683, -15.9748, 37.0439),
(684, -16.0883, 36.9592),
(685, -15.8717, 37.0223),
(686, -16.1153, 37.0789),
(687, -15.8327, 36.6957),
(688, -17.7786, 37.0586),
(689, -17.6031, 36.8195),
(690, -17.5968, 36.7577),
(691, -17.5932, 36.7416),
(692, -17.5786, 36.8156),
(693, -17.7022, 37.0097),
(694, -17.5883, 36.6956),
(695, -17.7311, 37.0756),
(696, -17.5811, 36.6958),
(697, -17.7003, 37.1131),
(698, -17.9358, 36.9433),
(699, -17.7847, 36.8106),
(700, -17.7855, 36.9067),
(701, -17.5142, 36.8427),
(702, -17.6107, 36.6752),
(703, -16.8944, 38.2916),
(704, -16.9927, 38.4814),
(705, -16.7889, 38.8723),
(706, -17.2667, 38.1433),
(707, -16.9673, 38.0494),
(708, -16.8942, 39.0668),
(709, -16.8248, 38.5036),
(710, -16.6906, 38.6797),
(711, -17.1519, 38.2792),
(712, -17.2745, 38.1781),
(713, -16.5377, 38.4179),
(714, -17.0298, 38.067),
(715, -17.1173, 38.1303),
(716, -16.1298, 33.4955),
(717, -16.1717, 33.5933),
(718, -16.1667, 33.6),
(719, -16.1687, 33.6),
(720, -16.1525, 33.5839),
(721, -16.1729, 33.595),
(722, -16.1477, 33.5786),
(723, -16.1695, 33.5998),
(724, -16.1572, 33.6064),
(725, -16.1586, 33.5656),
(726, -16.2022, 33.5994),
(727, -16.143, 33.6086),
(728, -16.1436, 33.5844),
(729, -16.1307, 33.5548),
(730, -16.1694, 33.6142),
(731, -16.1855, 33.6037),
(732, -16.177, 33.6083),
(733, -14.5739, 34.3058),
(734, -14.6083, 33.8561),
(735, -14.7231, 34.3631),
(736, -14.5306, 34.0855),
(737, -14.7714, 34.2792),
(738, -14.4922, 34.1617),
(739, -14.8495, 34.5278),
(740, -14.5547, 34.2386),
(741, -14.5933, 34.4231),
(742, -14.7361, 34.3694),
(743, -14.6461, 34.3277),
(744, -15.6577, 32.5365),
(745, -15.7116, 32.6834),
(746, -15.599, 32.7674),
(747, -15.6807, 32.3985),
(748, -16.097, 32.4745),
(749, -15.6613, 32.8099),
(750, -15.5987, 32.7675),
(751, -15.7002, 32.5477),
(752, -15.85, 32.9667),
(753, -15.7396, 32.7691),
(754, -15.6445, 32.6867),
(755, -15.5664, 32.6027),
(756, -15.6387, 32.689),
(757, -15.6182, 32.7305),
(758, -16.4174, 32.8263),
(759, -16.4204, 33.599),
(760, -16.2542, 33.4433),
(761, -15.9687, 33.1591),
(762, -16.0047, 33.2313),
(763, -16.6118, 33.1935),
(764, -16.7043, 33.0626),
(765, -16.5476, 33.3786),
(766, -16.3929, 33.3082),
(767, -16.4617, 33.0924),
(768, -16.8363, 33.2774),
(769, -16.96, 32.9193),
(770, -16.3516, 33.4563),
(771, -16.3895, 33.2588),
(772, -14.8803, 32.8361),
(773, -14.0897, 33.0952),
(774, -14.7177, 32.9158),
(775, -15.1333, 32.8964),
(776, -14.3372, 32.3553),
(777, -14.1619, 32.985),
(778, -14.6175, 32.4902),
(779, -15.3833, 33.6286),
(780, -15.8064, 33.4698),
(781, -15.3789, 33.2014),
(782, -15.6544, 33.3664),
(783, -15.405, 33.2588),
(784, -15.0789, 33.6798),
(785, -14.6239, 33.5542),
(786, -14.9033, 33.6119),
(787, -14.9416, 33.9259),
(788, -15.0228, 33.3955),
(789, -14.79, 33.528),
(790, -14.79, 33.528),
(791, -14.8088, 33.5273),
(792, -15.853, 30.5877),
(793, -15.9975, 30.5645),
(794, -15.8439, 32.1414),
(795, -15.8061, 31.7511),
(796, -16.1922, 31.689),
(797, -15.9328, 31.0943),
(798, -15.7723, 31.6468),
(799, -15.7995, 31.3542),
(800, -15.1603, 31.8922),
(801, -14.9847, 32.2833),
(802, -14.5761, 31.7397),
(803, -14.9525, 31.41),
(804, -14.4092, 32.0142),
(805, -15.48, 32.4897),
(806, -15.1181, 31.9928),
(807, -15.8072, 34.25),
(808, -15.6016, 34.3359),
(809, -16.1914, 33.6309),
(810, -16.1726, 34.2632),
(811, -15.5314, 34.3107),
(812, -16.1168, 33.7333),
(813, -16.1166, 33.7332),
(814, -15.9853, 34.192),
(815, -16.1245, 33.746),
(816, -15.9099, 34.0834),
(817, -15.7717, 34.1247),
(818, -16.1256, 33.7599),
(819, -16.1167, 33.7333),
(820, -17.4514, 35.0788),
(821, -17.1369, 35.1932),
(822, -17.3939, 35.0534),
(823, -17.6352, 35.2121),
(824, -17.4878, 35.2442),
(825, -16.6439, 34.6812),
(826, -17.3473, 35.138),
(827, -16.7844, 34.5543),
(828, -17.4749, 35.2158),
(829, -17.4508, 35.0785),
(830, -17.1833, 35.0667),
(831, -14.9019, 34.5698),
(832, -14.8489, 34.5245),
(833, -15.1611, 34.5611),
(834, -15.3724, 34.4444),
(835, -14.9869, 34.3322),
(836, -15.6147, 30.4394),
(837, -15.0075, 31.0028),
(838, -15.3792, 30.7317),
(839, -15.1139, 30.8022),
(840, -15.616, 30.4489),
(841, -15.4902, 30.7782),
(842, -15.6167, 30.45),
(843, -15.5367, 30.615),
(844, -15.6167, 30.45),
(845, -19.1236, 33.4994),
(846, -19.1111, 33.4764),
(847, -19.1431, 33.4478),
(848, -19.1144, 33.4583),
(849, -19.1167, 33.45),
(850, -17.8375, 33.0667),
(851, -18.0438, 33.2588),
(852, -18.4072, 33.2397),
(853, -18.0547, 33.1711),
(854, -18.3303, 33.1156),
(855, -17.6033, 33.2536),
(856, -17.7978, 33.2189),
(857, -17.7167, 33.2564),
(858, -18.1167, 33.3561),
(859, -18.3247, 33.2022),
(860, -17.9478, 33.1942),
(861, -17.951, 33.245),
(862, -18.1333, 33.2227),
(863, -19.2644, 33.3878),
(864, -19.2028, 33.9258),
(865, -19.0772, 33.6417),
(866, -19.0522, 33.7853),
(867, -19.1, 33.81),
(868, -19.0725, 33.3636),
(869, -18.9994, 33.3875),
(870, -19.4153, 33.5131),
(871, -19.3283, 33.8336),
(872, -19.2675, 33.4803),
(873, -19.0939, 33.653),
(874, -19.0941, 33.653),
(875, -19.0898, 33.7147),
(876, -19.0993, 33.7582),
(877, -16.8567, 33.2903),
(878, -17.0472, 33.6922),
(879, -17.42, 33.3494),
(880, -16.4811, 33.5611),
(881, -17.1663, 33.5539),
(882, -16.7897, 33.5419),
(883, -17.4875, 33.3639),
(884, -17.1247, 33.2903),
(885, -17.4198, 33.3542),
(886, -20.6703, 33.5333),
(887, -21.0261, 33.5356),
(888, -21.4581, 32.9136),
(889, -20.8244, 33.3697),
(890, -21.3703, 32.6278),
(891, -21.3181, 33.2828),
(892, -21.4492, 33.0839),
(893, -21.0499, 33.2588),
(894, -21.2906, 33.4597),
(895, -20.9544, 33.2725),
(896, -18.4578, 33.6069),
(897, -17.8408, 33.455),
(898, -17.7086, 33.9717),
(899, -17.9, 33.9392),
(900, -17.9038, 33.975),
(901, -18.5561, 33.2789),
(902, -18.8633, 32.8261),
(903, -18.8622, 32.7597),
(904, -19.1014, 32.9958),
(905, -19.1089, 32.9281),
(906, -18.9956, 32.7267),
(907, -18.9531, 33.2647),
(908, -18.9994, 33.3875),
(909, -18.9406, 32.8753),
(910, -18.9864, 33.0811),
(911, -19.0314, 32.9167),
(912, -18.8161, 33.0386),
(913, -18.9753, 32.8256),
(914, -18.6244, 33.0392),
(915, -18.9294, 32.7978),
(916, -18.9636, 32.7725),
(917, -19.1547, 33.1472),
(918, -18.9344, 32.8756),
(919, -18.9498, 32.8874),
(920, -18.9454, 32.8855),
(921, -18.9344, 32.8756),
(922, -20.4528, 32.7722),
(923, -20.5778, 32.7733),
(924, -20.3197, 32.9939),
(925, -20.5672, 32.6817),
(926, -20.2478, 32.9108),
(927, -20.7344, 32.5594),
(928, -20.2281, 33.3294),
(929, -20.5225, 32.8125),
(930, -20.5533, 32.9226),
(931, -19.5458, 33.5089),
(932, -19.4117, 33.2932),
(933, -19.4892, 33.2856),
(934, -19.3136, 33.2483),
(935, -19.9758, 33.3981),
(936, -19.413, 33.2953),
(937, -19.4097, 33.2939),
(938, -19.5444, 32.8947),
(939, -19.4312, 33.2995),
(940, -19.3761, 33.3131),
(941, -16.8219, 34.4475),
(942, -16.7238, 34.2505),
(943, -16.7238, 34.2505),
(944, -16.8706, 34.0761),
(945, -17.2508, 34.1786),
(946, -16.7196, 34.2549),
(947, -19.7164, 35.0092),
(948, -19.8027, 34.9498),
(949, -19.8499, 34.8767),
(950, -19.8333, 34.85),
(951, -19.8334, 34.85),
(952, -19.8373, 34.8543),
(953, -19.7333, 34.85),
(954, -19.8456, 34.8413),
(955, -19.7678, 34.8697),
(956, -19.7461, 34.8472),
(957, -19.7331, 34.8378),
(958, -19.8025, 34.8958),
(959, -19.8333, 34.8833),
(960, -19.8, 34.8667),
(961, -20.1506, 34.3289),
(962, -20.1561, 34.321),
(963, -19.8689, 34.4689),
(964, -20.1665, 34.3142),
(965, -19.9503, 34.0631),
(966, -20.1504, 34.3294),
(967, -20.1497, 34.1497),
(968, -20.1498, 34.33),
(969, -20.1482, 34.3308),
(970, -20.1471, 34.3311),
(971, -20.2653, 34.6692),
(972, -20.0253, 34.7178),
(973, -20.0415, 34.7396),
(974, -19.7886, 34.1844),
(975, -20.3586, 34.6342),
(976, -19.9644, 34.4183),
(977, -19.8828, 34.5928),
(978, -20.1465, 34.3311),
(979, -20.1464, 34.331),
(980, -19.8847, 34.5844),
(981, -19.9769, 34.1397),
(982, -20.2047, 34.1567),
(983, -20.1461, 34.331),
(984, -20.146, 34.331),
(985, -20.147, 34.3303),
(986, -20.1466, 34.3307),
(987, -20.1612, 34.0346),
(988, -20.1463, 34.3311),
(989, -20.1462, 34.3311),
(990, -20.1467, 34.3314),
(991, -19.924, 34.563),
(992, -20.0598, 34.4555),
(993, -17.6686, 34.9422),
(994, -18.125, 34.9481),
(995, -17.6658, 35.1608),
(996, -17.7911, 35.025),
(997, -17.7236, 35.2561),
(998, -17.5836, 35.0819),
(999, -17.8356, 35.3431),
(1000, -17.6328, 35.0503),
(1001, -17.8333, 35.3333),
(1002, -17.8333, 35.3334),
(1003, -17.8669, 35.3117),
(1004, -17.8503, 35.3986),
(1005, -17.7828, 35.2469),
(1006, -17.8419, 35.2386),
(1007, -17.4517, 35.0381),
(1008, -17.6844, 35.0389),
(1009, -17.8703, 34.9069),
(1010, -17.8333, 35.3334),
(1011, -17.1639, 34.8886),
(1012, -17.1639, 34.8886),
(1013, -17.1639, 34.8887),
(1014, -17.1643, 34.889),
(1015, -17.1644, 34.8888),
(1016, -17.15, 34.8833),
(1017, -17.1641, 34.8884),
(1018, -17.1628, 34.8898),
(1019, -17.1629, 34.8898),
(1020, -17.1537, 34.8171),
(1021, -17.1667, 34.4167),
(1022, -17.2333, 34.9167),
(1023, -16.8901, 34.6563),
(1024, -17.3333, 34.6167),
(1025, -17.4167, 34.7333),
(1026, -18.3167, 34.8667),
(1027, -18.5349, 35.3027),
(1028, -18.2167, 35.15),
(1029, -17.9667, 35.1333),
(1030, -18.4833, 34.7667),
(1031, -18.2, 34.9667),
(1032, -18.4167, 35.0167),
(1033, -18.6542, 35.1083),
(1034, -20.3274, 33.8858),
(1035, -20.3274, 33.8858),
(1036, -20.3275, 33.8858),
(1037, -20.3275, 33.8857),
(1038, -20.4314, 33.9868),
(1039, -20.3274, 33.8857),
(1040, -20.4314, 33.9868),
(1041, -20.4314, 33.9868),
(1042, -20.3274, 33.8858),
(1043, -20.3274, 33.8858),
(1044, -20.3274, 33.8858),
(1045, -20.3274, 33.8858),
(1046, -20.3354, 33.8896),
(1047, -20.3274, 33.8858),
(1048, -20.2897, 33.6572),
(1049, -20.4314, 33.9867),
(1050, -20.3902, 33.935),
(1051, -20.4979, 33.6165),
(1052, -19.6167, 34.75),
(1053, -19.5694, 34.6403),
(1054, -19.6167, 34.75),
(1055, -19.365, 34.5742),
(1056, -19.5436, 34.6258),
(1057, -19.6869, 34.7604),
(1058, -19.6167, 34.75),
(1059, -19.5872, 35.1214),
(1060, -19.3911, 34.7119),
(1061, -19.6506, 34.7658),
(1062, -19.5031, 34.5933),
(1063, -19.63, 34.7172),
(1064, -19.6319, 34.76),
(1065, -19.6186, 34.7467),
(1066, -19.7433, 34.8462),
(1067, -18.9906, 34.3544),
(1068, -18.3611, 34.3944),
(1069, -18.6153, 33.8786),
(1070, -18.4969, 34.4172),
(1071, -18.6816, 34.1495),
(1072, -18.5989, 34.1375),
(1073, -18.8687, 34.194),
(1074, -18.6833, 34.0667),
(1075, -18.6931, 34.0728),
(1076, -18.5475, 34.1769),
(1077, -18.6823, 34.1495),
(1078, -18.2703, 34.0536),
(1079, -18.6831, 34.1372),
(1080, -18.75, 34.0964),
(1081, -18.4783, 33.9783),
(1082, -18.3578, 33.9994),
(1083, -18.4858, 34.2167),
(1084, -20.7411, 34.9264),
(1085, -20.8902, 34.4171),
(1086, -20.8732, 34.4198),
(1087, -20.975, 35.005),
(1088, -20.8732, 34.4198),
(1089, -20.8219, 34.8528),
(1090, -20.8757, 34.4198),
(1091, -20.8733, 34.4198),
(1092, -20.6314, 34.9039),
(1093, -21.0133, 34.8975),
(1094, -20.7011, 34.7933),
(1095, -18.2003, 34.5967),
(1096, -18.1175, 34.4567),
(1097, -17.3197, 34.2894),
(1098, -17.9661, 34.4144),
(1099, -17.5839, 34.315),
(1100, -17.6997, 34.5844),
(1101, -17.9131, 34.356),
(1102, -18.2908, 35.9453),
(1103, -18.2894, 35.7611),
(1104, -18.2901, 35.9415),
(1105, -18.2901, 35.9415),
(1106, -18.2913, 35.9444),
(1107, -18.2901, 35.9419),
(1108, -18.2902, 35.9419),
(1109, -18.1928, 35.74),
(1110, -18.2902, 35.9419),
(1111, -18.0461, 35.6133),
(1112, -18.2903, 35.9419),
(1113, -18.4433, 35.7903),
(1114, -18.2902, 35.9419),
(1115, -18.2903, 35.9419),
(1116, -18.6752, 36.1046),
(1117, -18.2904, 35.9398),
(1118, -18.29, 35.9413),
(1119, -18.29, 35.9451),
(1120, -18.2908, 35.9453),
(1121, -18.2989, 35.9544),
(1122, -18.2908, 35.9453),
(1123, -18.2863, 35.9437),
(1124, -18.5756, 35.7214),
(1125, -18.5463, 35.8934),
(1126, -18.5463, 35.8934),
(1127, -18.483, 35.9052),
(1128, -18.483, 35.9052),
(1129, -18.8972, 34.7928),
(1130, -18.8972, 34.7928),
(1131, -18.8974, 34.7928),
(1132, -18.8932, -18.8932),
(1133, -18.9003, 34.7867),
(1134, -18.8972, 34.7927),
(1135, -18.898, 34.7917),
(1136, -18.8974, 34.7927),
(1137, -18.8214, 34.7464),
(1138, -18.9069, 34.7956),
(1139, -18.8973, 34.7927),
(1140, -19.275, 34.8939),
(1141, -18.8964, 34.7927),
(1142, -18.8973, 34.7926),
(1143, -19.0261, 35.1097),
(1144, -18.8973, 34.7926),
(1145, -18.8973, 34.7926),
(1146, -19.2372, 35.0436),
(1147, -18.8975, 34.7927),
(1148, -18.896, 34.7937),
(1149, -18.8961, 34.7937),
(1150, -18.8962, 34.7935),
(1151, -18.8976, 34.7923),
(1152, -18.8973, 34.7927),
(1153, -18.9284, 34.8695),
(1154, -18.8942, 34.8798),
(1155, -18.8972, 34.7931),
(1156, -18.8981, 34.7942),
(1157, -19.2504, 34.159),
(1158, -19.3631, 34.3581),
(1159, -19.2522, 34.1289),
(1160, -19.2461, 34.0356),
(1161, -19.5717, 33.9739),
(1162, -19.2713, 34.2043),
(1163, -19.4072, 34.4381),
(1164, -19.2422, 34.4728),
(1165, -19.5928, 34.2729),
(1166, -19.2522, 34.0583),
(1167, -19.2542, 34.2422),
(1168, -19.1364, 34.0394),
(1169, -19.2545, 34.2422),
(1170, -19.2504, 34.159),
(1171, -19.35, 34.0633),
(1172, -19.5394, 34.0575),
(1173, -19.2404, 34.319),
(1174, -19.3908, 34.4119),
(1175, -19.1681, 34.2044),
(1176, -19.3356, 34.3242),
(1177, -19.2244, 34.0033),
(1178, -19.0603, 34.1031),
(1179, -23.8858, 35.4703),
(1180, -23.8506, 35.3967),
(1181, -23.8734, 35.3882),
(1182, -23.8447, 35.5019),
(1183, -23.8011, 35.5128),
(1184, -23.8652, 35.3828),
(1185, -23.8666, 35.3833),
(1186, -23.8792, 35.4325),
(1187, -23.8667, 35.3833),
(1188, -22.5419, 34.2117),
(1189, -23.1253, 34.6394),
(1190, -23.4256, 34.4981),
(1191, -23.0914, 34.3806),
(1192, -23.1418, 34.479),
(1193, -21.1492, 34.5686),
(1194, -21.4106, 34.6436),
(1195, -21.1897, 34.8467),
(1196, -21.3302, 34.5971),
(1197, -21.3681, 34.8647),
(1198, -21.0069, 34.9678),
(1199, -21.3344, 34.2825),
(1200, -23.7025, 35.0594),
(1201, -23.8817, 35.2292),
(1202, -23.9119, 35.0317),
(1203, -24.0989, 35.0133),
(1204, -23.8522, 34.9311),
(1205, -23.9072, 35.1939),
(1206, -23.7302, 34.9507),
(1207, -24.0436, 35.0886),
(1208, -24.0122, 35.1633),
(1209, -23.9225, 35.1619),
(1210, -23.8814, 35.1528),
(1211, -23.7392, 34.9769),
(1212, -23.8914, 35.1082),
(1213, -24.4769, 35.0303),
(1214, -24.3914, 34.5503),
(1215, -24.5333, 34.7736),
(1216, -24.4933, 34.6478),
(1217, -24.4761, 35.0175),
(1218, -24.4614, 34.9828),
(1219, -24.3228, 34.915),
(1220, -24.4022, 35.1344),
(1221, -24.4769, 35.0303),
(1222, -24.477, 35.0303),
(1223, -21.5392, 35.1886),
(1224, -21.4892, 35.0556),
(1225, -21.6642, 35.4389),
(1226, -21.7175, 35.0947),
(1227, -21.5329, 35.1992),
(1228, -21.5333, 35.2),
(1229, -24.2424, 35.3219),
(1230, -24.1447, 35.2175),
(1231, -24.1108, 35.3172),
(1232, -24.0517, 35.3222),
(1233, -24.3025, 35.1139),
(1234, -24.2653, 35.2372),
(1235, -24.1342, 35.3027),
(1236, -22.0239, 34.1442),
(1237, -21.7417, 33.8797),
(1238, -21.6842, 33.5044),
(1239, -22.1389, 33.5361),
(1240, -21.8944, 34.1875),
(1241, -21.9743, 33.6176),
(1242, -23.3336, 35.3797),
(1243, -22.8739, 35.3019),
(1244, -23.2869, 35.4294),
(1245, -23.4294, 35.3375),
(1246, -22.4356, 34.6528),
(1247, -23.332, 35.382),
(1248, -23.1947, 35.3819),
(1249, -22.9461, 35.4461),
(1250, -22.8556, 35.1806),
(1251, -23.1003, 35.2531),
(1252, -23.3327, 35.382),
(1253, -23.332, 35.382),
(1254, -22.7664, 35.0203),
(1255, -23.3303, 35.3793),
(1256, -24.0322, 35.2606),
(1257, -23.9353, 35.2986),
(1258, -23.8178, 35.3483),
(1259, -23.8617, 35.3433),
(1260, -23.8661, 35.2858),
(1261, -24.0044, 35.2861),
(1262, -23.7614, 35.3183),
(1263, -23.8614, 35.342),
(1264, -23.8611, 35.3411),
(1265, -23.851, 35.3652),
(1266, -23.8179, 35.3477),
(1267, -23.7169, 35.3619),
(1268, -23.4668, 35.1709),
(1269, -23.6594, 35.1617),
(1270, -23.7281, 35.1886),
(1271, -23.5539, 35.3406),
(1272, -23.1722, 35.0583),
(1273, -23.7881, 35.2686),
(1274, -23.6731, 35.4033),
(1275, -23.6189, 35.2489),
(1276, -23.4394, 35.2333),
(1277, -23.6561, 35.3428),
(1278, -23.7875, 34.7256),
(1279, -24.2083, 34.8625),
(1280, -24.0281, 34.8772),
(1281, -24.3575, 34.1131),
(1282, -24.0664, 34.7289),
(1283, -21.9844, 35.3211),
(1284, -22.017, 35.3126),
(1285, -22.3106, 35.4267),
(1286, -22.2269, 34.785),
(1287, -21.9928, 35.3197),
(1288, -22.6275, 35.1633),
(1289, -21.9861, 35.1619),
(1290, -22.6578, 35.2583),
(1291, -22.2522, 35.1119),
(1292, -22, 35.3167),
(1293, -24.5283, 34.4189),
(1294, -24.7953, 34.5728),
(1295, -24.59, 35.0164),
(1296, -24.7156, 34.4322),
(1297, -24.7627, 34.3502),
(1298, -24.715, 34.7478),
(1299, -24.5825, 34.8036),
(1300, -24.6319, 34.5722),
(1301, -24.5975, 34.9211),
(1302, -24.5889, 34.8486),
(1303, -24.6972, 34.4197),
(1304, -24.7122, 34.4399),
(1305, -25.0683, 33.6583),
(1306, -25.0469, 33.6917),
(1307, -25.0532, 33.644),
(1308, -25.0819, 33.6664),
(1309, -25.1156, 33.7294),
(1310, -25.0597, 33.7089),
(1311, -25.0297, 33.3628),
(1312, -25.2817, 33.2519),
(1313, -24.9533, 33.0644),
(1314, -24.9333, 33.3628),
(1315, -25.0319, 33.0988),
(1316, -24.8608, 33.4117),
(1317, -24.8711, 33.12),
(1318, -25.0092, 32.9847),
(1319, -24.8606, 33.2836),
(1320, -25.0811, 33.2578),
(1321, -25.1219, 33.0894),
(1322, -24.6843, 33.5324),
(1323, -24.6894, 33.5328),
(1324, -24.6906, 33.5406),
(1325, -24.3097, 33.63),
(1326, -24.5731, 33.7569),
(1327, -24.7522, 33.67),
(1328, -24.7042, 33.7042),
(1329, -24.68, 33.7872),
(1330, -24.6625, 33.3458),
(1331, -24.7017, 33.5739),
(1332, -24.6867, 33.5334),
(1333, -24.8175, 33.7662),
(1334, -24.6833, 33.5333),
(1335, -24.6751, 33.5612),
(1336, -24.6927, 33.5269),
(1337, -24.1128, 33.7797),
(1338, -24.6924, 33.5276),
(1339, -22.2653, 32.5283),
(1340, -21.9694, 32.1147),
(1341, -22.7322, 32.0608),
(1342, -22.8467, 31.9656),
(1343, -23.0672, 32.2219),
(1344, -22.4572, 31.33),
(1345, -22.2031, 31.6383),
(1346, -22.0775, 31.6783),
(1347, -22.8322, 33.5433),
(1348, -22.355, 33.0761),
(1349, -23.4575, 33.4253),
(1350, -22.2547, 32.9147),
(1351, -22.9576, 33.3487),
(1352, -23.5167, 33.5067),
(1353, -24.53, 32.9869),
(1354, -24.4287, 32.9795),
(1355, -24.5274, 33.0051),
(1356, -24.5668, 32.9186),
(1357, -24.6369, 33.1778),
(1358, -24.7392, 33.1261),
(1359, -24.6794, 33.0183),
(1360, -24.7536, 32.8836),
(1361, -24.17, 32.6411),
(1362, -24.5404, 32.9991),
(1363, -24.5331, 32.9974),
(1364, -24.5394, 32.7508),
(1365, -24.7128, 33.3736),
(1366, -24.7069, 33.18),
(1367, -24.6681, 33.0953),
(1368, -24.6768, 33.3257),
(1369, -24.6881, 33.2586),
(1370, -24.5858, 33.0639),
(1371, -24.3073, 32.6514),
(1372, -24.6228, 33.1103),
(1373, -24.5864, 33.0517),
(1374, -24.4992, 33.0144),
(1375, -24.0498, 33.3274),
(1376, -24.5875, 33.2331),
(1377, -24.3667, 33.2028),
(1378, -24.3628, 32.9033),
(1379, -24.5115, 33.1033),
(1380, -24.2375, 32.8375),
(1381, -23.7759, 33.571),
(1382, -24.7392, 33.1261),
(1383, -23.8488, 32.621),
(1384, -23.8508, 32.6228),
(1385, -23.4281, 32.5547),
(1386, -23.6972, 32.5214),
(1387, -23.8392, 32.5297),
(1388, -24.0714, 32.6439),
(1389, -24.1422, 32.7256),
(1390, -24.7122, 33.8861),
(1391, -24.9206, 34.1911),
(1392, -24.8597, 34.4117),
(1393, -24.7961, 34.1875),
(1394, -24.8881, 34.315),
(1395, -24.6339, 33.8375),
(1396, -24.6722, 34.0692),
(1397, -24.4889, 33.9569),
(1398, -24.8072, 33.9817),
(1399, -24.8719, 33.8717),
(1400, -24.5947, 34.3961),
(1401, -24.7133, 33.8838),
(1402, -24.8831, 33.9781),
(1403, -24.7547, 34.0256),
(1404, -24.6756, 33.9258),
(1405, -24.5753, 33.9153),
(1406, -24.5869, 34.0697),
(1407, -24.8011, 33.8158),
(1408, -24.9108, 34.0406),
(1409, -24.6858, 33.9664),
(1410, -24.7162, 33.8829),
(1411, -21.5839, 32.9375),
(1412, -21.55, 32.8117),
(1413, -21.3599, 32.4284),
(1414, -23.9186, 32.1625),
(1415, -24.0314, 32.4344),
(1416, -23.8564, 32.2242),
(1417, -23.9192, 32.0303),
(1418, -23.5619, 31.92),
(1419, -23.8122, 32.0439),
(1420, -24.1675, 32.4961),
(1421, -24.1233, 32.5931),
(1422, -24.9944, 33.5506),
(1423, -24.8706, 33.8306),
(1424, -25.1272, 33.555),
(1425, -24.9425, 33.4456),
(1426, -25.0084, 33.7899),
(1427, -24.8922, 33.7306),
(1428, -24.8747, 33.5089),
(1429, -25.0667, 33.8583),
(1430, -24.964, 33.7834),
(1431, -25.1525, 33.4853),
(1432, -25.0314, 33.485),
(1433, -24.9942, 33.9328),
(1434, -24.8544, 33.6919),
(1435, -25.135, 33.5864),
(1436, -25.0269, 33.7081),
(1437, -25.9108, 32.4927),
(1438, -25.8859, 32.5484),
(1439, -26.8083, 32.7542),
(1440, -25.9102, 32.5297),
(1441, -25.9534, 32.487),
(1442, -25.9142, 32.5328),
(1443, -25.9661, 32.4523),
(1444, -25.9502, 32.4578),
(1445, -25.9106, 32.5175),
(1446, -25.9341, 32.4759),
(1447, -25.8768, 32.4834),
(1448, -25.9083, 32.5292),
(1449, -25.7812, 32.5344),
(1450, -25.9306, 32.4804),
(1451, -25.9197, 32.5289),
(1452, -25.8949, 32.4615),
(1453, -25.9669, 32.4667),
(1454, -25.8267, 32.4525),
(1455, -25.8875, 32.5341),
(1456, -25.9103, 32.4597),
(1457, -25.7389, 32.5392),
(1458, -25.8983, 32.5391),
(1459, -25.7908, 32.4366),
(1460, -25.8405, 32.5419),
(1461, -25.9064, 32.5164),
(1462, -25.9394, 32.4553),
(1463, -25.9561, 32.4329),
(1464, -26.0489, 32.3253),
(1465, -26.0644, 32.2861),
(1466, -25.9189, 32.3941),
(1467, -26.0003, 32.2922),
(1468, -25.96, 32.4173),
(1469, -26.0883, 32.2592),
(1470, -26.0756, 32.2767),
(1471, -26.0471, 32.3349),
(1472, -26.0086, 32.3366),
(1473, -25.8408, 32.3636),
(1474, -26.0131, 32.4186),
(1475, -26.1589, 32.3461),
(1476, -26.0667, 32.325),
(1477, -25.0289, 32.6497),
(1478, -24.9008, 32.3494),
(1479, -24.6667, 32.5833),
(1480, -25.0094, 32.6964),
(1481, -24.5692, 32.6619),
(1482, -24.8864, 32.5286),
(1483, -24.7994, 32.8589),
(1484, -25.0231, 32.648),
(1485, -25.075, 32.5542),
(1486, -25.0195, 32.6495),
(1487, -25.0469, 32.7855),
(1488, -25.4961, 32.6525),
(1489, -25.1792, 32.8522),
(1490, -25.5106, 32.7264),
(1491, -25.0456, 32.8053),
(1492, -25.3092, 32.8331),
(1493, -25.4092, 32.8081),
(1494, -25.2784, 32.8069),
(1495, -25.2872, 32.7406),
(1496, -25.2247, 32.6644),
(1497, -25.1572, 32.8006),
(1498, -25.0936, 32.9175),
(1499, -25.2622, 32.8647),
(1500, -25.4561, 32.7753),
(1501, -25.3539, 32.9336),
(1502, -25.25, 32.7361),
(1503, -25.6619, 32.6725),
(1504, -25.7083, 32.6125),
(1505, -25.7494, 32.6632),
(1506, -25.7395, 32.6743),
(1507, -25.7847, 32.6339),
(1508, -25.7297, 32.6733),
(1509, -25.5644, 32.7994),
(1510, -25.725, 32.5833),
(1511, -25.6, 32.6667),
(1512, -25.6752, 32.6667),
(1513, -26.84, 32.2852),
(1514, -26.3684, 32.6189),
(1515, -26.8372, 32.8839),
(1516, -26.4745, 32.6511),
(1517, -26.7508, 32.8267),
(1518, -26.3281, 32.4158),
(1519, -26.8167, 32.4167),
(1520, -25.9694, 32.6915),
(1521, -26.6018, 32.5372),
(1522, -26.2156, 32.8858),
(1523, -26.602, 32.5371),
(1524, -26.672, 32.1823),
(1525, -26.0855, 32.6245),
(1526, -26.1916, 32.9335),
(1527, -26.4883, 32.5747),
(1528, -26.6733, 32.1783),
(1529, -25.2392, 32.1375),
(1530, -25.4956, 32.0794),
(1531, -25.8597, 32.1542),
(1532, -25.6456, 32.4967),
(1533, -25.6961, 32.345),
(1534, -25.7511, 32.395),
(1535, -25.3217, 32.2553),
(1536, -25.4442, 31.9897),
(1537, -25.5986, 32.245),
(1538, -26.04, 32.2575),
(1539, -25.9911, 32.0133),
(1540, -26.2958, 32.1877),
(1541, -26.2014, 32.1389),
(1542, -26.1941, 32.2175),
(1543, -26.4333, 32.243),
(1544, -25.8647, 32.2864),
(1545, -25.9866, 32.0326),
(1546, -25.9868, 32.0325),
(1547, -25.9673, 32.5899),
(1548, -25.9739, 32.5833),
(1549, -25.9606, 32.57),
(1550, -25.9512, 32.5554),
(1551, -25.9771, 32.5874),
(1552, -25.9628, 32.5944),
(1553, -25.9511, 32.5822),
(1554, -25.9581, 32.5913),
(1555, -25.9464, 32.5625),
(1556, -25.9507, 32.557),
(1557, -25.9511, 32.5556),
(1558, -25.9378, 32.5664),
(1559, -25.9478, 32.545),
(1560, -25.9467, 32.5436),
(1561, -25.9483, 32.59),
(1562, -25.935, 32.605),
(1563, -25.9144, 32.6097),
(1564, -25.9317, 32.5858),
(1565, -25.8422, 32.6414),
(1566, -25.9061, 32.6561),
(1567, -25.9147, 32.5961),
(1568, -25.8603, 32.6703),
(1569, -25.8719, 32.6303),
(1570, -25.9303, 32.5864),
(1571, -25.8742, 32.5986),
(1572, -25.8287, 32.5713),
(1573, -25.8975, 32.5706),
(1574, -25.8594, 32.5664),
(1575, -25.8461, 32.5972),
(1576, -25.9164, 32.5594),
(1577, -26.0112, 32.5675),
(1578, -25.9961, 32.5308),
(1579, -26.0231, 32.5789),
(1580, -26.0569, 32.9125),
(1581, -26.0031, 32.9203),
(1582, -26.017, 32.9501),
(1583, -17.8751, 36.8875),
(1584, -19.116, 33.4494),
(1585, -19.1157, 33.449),
(1586, -26.0467, 32.3341),
(1587, -25.9668, 32.4667),
(1588, -25.9401, 32.581),
(1589, -25.9397, 32.5808),
(1590, -25.9391, 32.5805);