-- phpMyAdmin SQL Dump
-- version 4.1.12
-- http://www.phpmyadmin.net
--
-- Host: localhost:8889
-- Generation Time: Sep 23, 2016 at 01:44 PM
-- Server version: 5.5.34
-- PHP Version: 5.5.10

SET SQL_MODE = "NO_AUTO_VALUE_ON_ZERO";
SET time_zone = "+00:00";

--
-- Database: `sara`
--

-- --------------------------------------------------------

--
-- Table structure for table `areas`
--

CREATE TABLE `areas` (
  `id` int(11) NOT NULL AUTO_INCREMENT,
  `name` varchar(255) NOT NULL,
  PRIMARY KEY (`id`)
) ENGINE=InnoDB  DEFAULT CHARSET=utf8 AUTO_INCREMENT=749 ;

--
-- Dumping data for table `areas`
--

INSERT INTO `areas` (`id`, `name`) VALUES
(1, 'MISAU'),
(2, 'Niassa'),
(3, 'Cabo Delgado'),
(4, 'Nampula'),
(5, 'Tete'),
(6, 'Zambezia'),
(7, 'Manica'),
(8, 'Sofala'),
(9, 'Gaza'),
(10, 'Inhambane'),
(11, 'Maputo cidade'),
(12, 'Maputo'),
(13, 'Chimbonila'),
(14, 'Cuamba'),
(15, 'Lago'),
(16, 'Lichinga'),
(17, 'Majune'),
(18, 'Mandimba'),
(19, 'Marrupa'),
(20, 'Maúa'),
(21, 'Mavago'),
(22, 'Mecanhelas'),
(23, 'Mecula'),
(24, 'Metarica'),
(25, 'Muembe'),
(26, 'N''gaúma'),
(27, 'Nipepe'),
(28, 'Sanga'),
(31, 'Ancuabe'),
(32, 'Balama'),
(33, 'Chiúre'),
(34, 'Ibo'),
(35, 'Macomia'),
(36, 'Mecúfi'),
(37, 'Meluco'),
(38, 'Metuge'),
(39, 'Mocímboa da Praia'),
(40, 'Montepuez'),
(41, 'Mueda'),
(42, 'Muidumbe'),
(43, 'Namuno'),
(44, 'Nangade'),
(45, 'Palma'),
(46, 'Pemba'),
(47, 'Quissanga'),
(50, 'Angoche'),
(51, 'Eráti'),
(52, 'Ilha de Moçambique'),
(53, 'Lalaua'),
(54, 'Larde'),
(55, 'Liúpo'),
(56, 'Malema'),
(57, 'Meconta'),
(58, 'Mecubúri'),
(59, 'Memba'),
(60, 'Mogincual'),
(61, 'Mogovolas'),
(62, 'Moma'),
(63, 'Monapo'),
(64, 'Mossuril'),
(65, 'Muecate'),
(66, 'Murrupula'),
(67, 'Nacala-a-Velha'),
(68, 'Nacala'),
(69, 'Nacarôa'),
(71, 'Rapale'),
(72, 'Ribáuè'),
(76, 'Nampula'),
(77, 'Angónia'),
(78, 'Cahora-Bassa'),
(79, 'Changara'),
(80, 'Chifunde'),
(81, 'Chiúta'),
(82, 'Dôa'),
(83, 'Macanga'),
(84, 'Mágoè'),
(85, 'Marara'),
(86, 'Marávia'),
(87, 'Moatize'),
(88, 'Mutarara'),
(89, 'Tete'),
(90, 'Tsangano'),
(91, 'Zumbo'),
(93, 'Alto Molócuè'),
(94, 'Chinde'),
(95, 'Derre'),
(96, 'Gilé'),
(97, 'Gurué'),
(98, 'Ile'),
(99, 'Inhassunge'),
(100, 'Lugela'),
(101, 'Maganja da Costa'),
(102, 'Milange'),
(103, 'Mocuba'),
(104, 'Mocubela'),
(105, 'Molumbo'),
(106, 'Mopeia'),
(107, 'Morrumbala'),
(108, 'Mulevala'),
(109, 'Namacurra'),
(110, 'Namarroi'),
(111, 'Nicoadala'),
(112, 'Pebane'),
(113, 'Quelimane'),
(114, 'Luabo'),
(117, 'Báruè'),
(118, 'Chimoio'),
(119, 'Gondola'),
(120, 'Guro'),
(121, 'Macate'),
(122, 'Machaze'),
(123, 'Macossa'),
(124, 'Manica'),
(125, 'Mossurize'),
(126, 'Sussundenga'),
(127, 'Tambara'),
(128, 'Vanduzi'),
(130, 'Beira'),
(131, 'Búzi'),
(132, 'Caia'),
(133, 'Chemba'),
(134, 'Cheringoma'),
(135, 'Chibabava'),
(136, 'Dondo'),
(137, 'Gorongosa'),
(138, 'Machanga'),
(139, 'Marínguè'),
(140, 'Marromeu'),
(141, 'Muanza'),
(142, 'Nhamatanda'),
(145, 'Bilene'),
(146, 'Chibuto'),
(147, 'Chicualacuala'),
(148, 'Chigubo'),
(149, 'Chókwè'),
(150, 'Guijá'),
(151, 'Mabalane'),
(152, 'Mandlakazi'),
(153, 'Massangena'),
(154, 'Massingir'),
(155, 'Xai-Xai'),
(159, 'Funhalouro'),
(160, 'Govuro'),
(161, 'Homoíne'),
(162, 'Inhambane'),
(163, 'Inharrime'),
(164, 'Inhassoro'),
(165, 'Jangamo'),
(166, 'Mabote'),
(167, 'Massinga'),
(168, 'Maxixe'),
(169, 'Morrumbene'),
(170, 'Panda'),
(171, 'Vilankulo'),
(172, 'Zavala'),
(175, 'KaMphumo'),
(176, 'Nlhamankulu'),
(177, 'KaMaxaqueni'),
(178, 'KaMavota'),
(179, 'KaMubukwana'),
(180, 'KaTembe'),
(181, 'KaNyaka'),
(182, 'Boane'),
(183, 'Magude'),
(184, 'Manhiça'),
(185, 'Marracuene'),
(186, 'Matola'),
(187, 'Matutuíne'),
(188, 'Moamba'),
(189, 'Namaacha'),
(190, 'Chimbonila'),
(191, 'Lione'),
(193, 'Etatara'),
(194, 'Lúrio'),
(195, 'Cobué'),
(196, 'Lunho'),
(197, 'Maniamba'),
(198, 'Metangula'),
(199, 'Malanga'),
(200, 'Muaquia'),
(202, 'Mandimba'),
(203, 'Mitande'),
(204, 'Marangira'),
(205, 'Marrupa'),
(206, 'Nungo'),
(207, 'Maiaca'),
(208, 'Maúa'),
(209, 'Mavago'),
(210, 'M''sawize'),
(211, 'Chiuta'),
(212, 'Insaca'),
(213, 'Matondovela'),
(214, 'Mecula'),
(215, 'Metarica'),
(216, 'Nacumua'),
(217, 'Chiconono'),
(218, 'Muembe'),
(219, 'Itepela'),
(220, 'Massangulo'),
(221, 'Muipite'),
(222, 'Nipepe'),
(223, 'Lussimbesse'),
(224, 'Macaloge'),
(225, 'Matchedje'),
(226, 'Unango'),
(227, 'Ancuabe'),
(228, 'Metoro'),
(229, 'Mesa'),
(230, 'Balama'),
(231, 'Impiri'),
(232, 'Kuékué'),
(233, 'Mavala'),
(234, 'Chiúre'),
(235, 'Chiúre-Velho'),
(236, 'Katapua'),
(238, 'Namogelia'),
(239, 'Ocua'),
(240, 'Ibo'),
(241, 'Quirimba'),
(242, 'Chai'),
(243, 'Macomia'),
(244, 'Mucojo'),
(245, 'Quiterajo'),
(246, 'Mecúfi'),
(247, 'Murrébuè'),
(248, 'Meluco'),
(249, 'Muaguide'),
(250, 'Metuge'),
(252, 'Diaca'),
(253, 'Mbau'),
(254, 'Mocímboa da Praia'),
(255, 'Mapupulo'),
(256, 'Mirate'),
(257, 'Nairoto'),
(258, 'Namanhumbir'),
(259, 'Chapa'),
(260, 'Imbuo'),
(261, 'Mueda'),
(262, 'Negomano'),
(263, 'N''gapa'),
(264, 'Chitunda'),
(265, 'Miteda'),
(266, 'Muidumbe'),
(267, 'Hucula'),
(269, 'Machoca'),
(270, 'Meloco'),
(271, 'Papai'),
(272, 'N''cumpe'),
(273, 'Nangade'),
(274, 'N''tamba'),
(275, 'Olumbi'),
(276, 'Palma'),
(277, 'Pundanhar'),
(278, 'Quionga'),
(279, 'Bilibiza'),
(280, 'Mahate'),
(281, 'Quissanga'),
(282, 'Angoche'),
(283, 'Aube'),
(284, 'Boila'),
(285, 'Namaponda'),
(286, 'Alua'),
(287, 'Namapa'),
(288, 'Namiroa'),
(289, 'Lalaua'),
(290, 'Meti'),
(291, 'Chihulo'),
(292, 'Malema'),
(293, 'Mutuali'),
(294, '7 de Abril'),
(295, 'Corrane'),
(296, 'Meconta'),
(297, 'Namialo'),
(298, 'Mecubúri'),
(299, 'Milhana'),
(300, 'Muite'),
(301, 'Namina'),
(302, 'Chipene'),
(303, 'Lúrio'),
(304, 'Mazua'),
(305, 'Memba'),
(306, 'Chunga'),
(307, 'Namige'),
(309, 'Quixaxe'),
(310, 'Calipo'),
(311, 'Iulúti'),
(312, 'Muatua'),
(313, 'Nametil'),
(314, 'Nanhupo Rio'),
(315, 'Chalaua'),
(316, 'Moma'),
(318, 'Itoculo'),
(319, 'Monapo'),
(320, 'Netia'),
(321, 'Lunga'),
(322, 'Matibane'),
(323, 'Mossuril'),
(324, 'Imala'),
(325, 'Muculuone'),
(326, 'Muecate'),
(327, 'Chinga'),
(328, 'Murrupula'),
(329, 'Nihessiue'),
(330, 'Covo'),
(331, 'Nacala-a-Velha'),
(332, 'Inteta'),
(333, 'Nacarôa'),
(334, 'Saua-Saua'),
(336, 'Mutivaze'),
(337, 'Namaita'),
(338, 'Rapale'),
(339, 'Cunle'),
(340, 'Iapala'),
(341, 'Ribaué'),
(342, 'Urbano Central'),
(343, 'Muatala'),
(344, 'Muhala'),
(345, 'Namikopo'),
(346, 'Napipine'),
(348, 'Alto Molócuè'),
(349, 'Nauela'),
(350, 'Chinde'),
(351, 'Luabo'),
(352, 'Micaune'),
(353, 'Alto Ligonha'),
(354, 'Gilé'),
(355, 'Lioma'),
(356, 'Mepuagiua'),
(357, 'Ile'),
(359, 'Socone'),
(360, 'Gonhane'),
(362, 'Lugela'),
(363, 'Muabanama'),
(364, 'Munhamade'),
(365, 'Tacuane'),
(367, 'Maganja da Costa'),
(369, 'Baixo Licungo'),
(370, 'Majaua'),
(371, 'Milange'),
(373, 'Mongue'),
(374, 'Mocuba'),
(375, 'Mugeba'),
(376, 'Namanjavira'),
(377, 'Campo'),
(378, 'Mopeia'),
(379, 'Chire'),
(381, 'Megaza'),
(382, 'Morrumbala'),
(383, 'Macuse'),
(384, 'Namacurra'),
(385, 'Namarroi'),
(386, 'Regone'),
(387, 'Munhonha'),
(388, 'Namacata'),
(389, 'Mulela'),
(390, 'Naburi'),
(391, 'Pebane'),
(392, 'Domué'),
(393, 'Ulongué'),
(394, 'Chitholo'),
(395, 'Chitima'),
(396, 'Songo'),
(397, 'Chiôco'),
(398, 'Luenha'),
(400, 'Chifunde'),
(401, 'Mualadze'),
(402, 'N''Sadzu'),
(403, 'Kazula'),
(404, 'Manje'),
(405, 'Chidzolomondo'),
(406, 'Furancungo'),
(407, 'Chinthopo'),
(408, 'Mphende'),
(409, 'Mukumbura'),
(410, 'Chipera'),
(411, 'Chiputu'),
(412, 'Fingoé'),
(413, 'Malowera'),
(414, 'Kambulatsitsi'),
(415, 'Moatize'),
(416, 'Zobué'),
(417, 'Charre'),
(418, 'Inhangoma'),
(419, 'Nhamayabué'),
(420, 'Netengo-Wa-Mbalame'),
(421, 'Tsangano'),
(422, 'Muze'),
(423, 'Zâmbuè'),
(424, 'Zumbo'),
(425, 'Catandica-Sede'),
(426, 'Choa'),
(427, 'Nhampassa'),
(428, 'Gondola-Sede'),
(429, 'Amatongas'),
(430, 'Cafumpe'),
(431, 'Inchope'),
(432, 'Guro-Sede'),
(433, 'Mandié'),
(434, 'Mungari'),
(435, 'Nhamansonge'),
(436, 'Chitobe-Sede'),
(437, 'Save'),
(438, 'Macossa-Sede'),
(439, 'Nhamagua'),
(440, 'Nguawala'),
(441, 'Manica-Sede'),
(442, 'Machipanda'),
(443, 'Mavonde'),
(444, 'Messica'),
(445, 'Espungabera-Sede'),
(446, 'Chiuraiure'),
(447, 'Dacata'),
(448, 'Sussundenga-Sede'),
(449, 'Dombe'),
(450, 'Muoha'),
(451, 'Rotanda'),
(452, 'Nhacolo-Sede'),
(453, 'Búzua'),
(454, 'Nhacafula'),
(455, 'Macate'),
(456, 'Zembe'),
(457, 'Vandúzi'),
(458, 'Matsinho'),
(459, 'Búzi-Sede'),
(460, 'Estaquinha'),
(461, 'Sofala'),
(462, 'Caia-Sede'),
(463, 'Murraça'),
(464, 'Sena'),
(465, 'Chemba-Sede'),
(466, 'Chiramba'),
(467, 'Mulima'),
(468, 'Inhaminga-Sede'),
(469, 'Inhamitanga'),
(470, 'Chibabava-Sede'),
(471, 'Goondo'),
(472, 'Muxunguè'),
(473, 'Dondo Sede'),
(474, 'Mafambisse'),
(475, 'Gorongosa-Sede'),
(476, 'Nhamadze'),
(477, 'Vunduzi'),
(478, 'Machanga-Sede'),
(479, 'Divihne'),
(480, 'Marrínguè-Sede'),
(481, 'Canxixe'),
(482, 'Súbwè'),
(483, 'Marromeu-Sede'),
(484, 'Chupanga'),
(485, 'Muanza-Sede'),
(486, 'Galinha'),
(487, 'Nhamatanda-Sede'),
(488, 'Tica'),
(489, 'Funhalouro-Sede'),
(490, 'Tome'),
(491, 'Mavume'),
(492, 'Mambone'),
(493, 'Save'),
(494, 'Pande'),
(495, 'Homoíne-Sede'),
(496, 'Pembe'),
(497, 'Inharrime-Sede'),
(498, 'Mucumbi'),
(499, 'Inhassoro-Sede'),
(500, 'Bazaruto'),
(501, 'Mahimelane'),
(502, 'Jangamo-Sede'),
(503, 'Cumbana'),
(504, 'Mabote-Sede'),
(505, 'Zinave'),
(506, 'Zimane'),
(507, 'Massinga-Sede'),
(508, 'Chicomo'),
(509, 'Lihonzuane'),
(510, 'Morrumbene-Sede'),
(511, 'Mocodoene'),
(512, 'Panda-Sede'),
(513, 'Mawayela'),
(514, 'Urrene'),
(515, 'Vilankulo-Sede'),
(516, 'Mapinhane'),
(517, 'Quewene'),
(518, 'Quissico-Sede'),
(519, 'Zandamela'),
(520, 'Chongoene'),
(521, 'Chicumbane'),
(522, 'Zongoene'),
(523, 'Macia'),
(524, 'Chissano'),
(525, 'Makluane'),
(526, 'Mazivila'),
(527, 'Messano'),
(528, 'Praia do Bilene'),
(529, 'Chibuto-Sede'),
(530, 'Alto Changane'),
(531, 'Chaimite'),
(532, 'Changanine'),
(533, 'Godide'),
(534, 'Malehice'),
(535, 'Chigubo-Sede'),
(536, 'Dindiza'),
(537, 'Eduardo Mondlane'),
(538, 'Mapai'),
(539, 'Pafuri'),
(540, 'Chókwè-Sede'),
(541, 'Xilembene'),
(542, 'Lionde'),
(543, 'Macarretane'),
(544, 'Caniçado-Sede'),
(545, 'Chivongoene'),
(546, 'Mubangoene'),
(547, 'Nalázi'),
(548, 'Mabalane-Sede'),
(549, 'Combomune'),
(550, 'Ntlavene'),
(551, 'Mandlakazi-Sede'),
(552, 'Chibonzane'),
(553, 'Chidenguele'),
(554, 'Macuácuá'),
(555, 'Mazucane'),
(556, 'Nguzene'),
(557, 'Xhalala'),
(558, 'Massingir-Sede'),
(559, 'Mavodze'),
(560, 'Zulu'),
(561, 'Massangena-Sede'),
(562, 'Mávuè'),
(563, 'Boane-Sede'),
(564, 'Matola-Rio'),
(565, 'Magude-Sede'),
(566, 'Mahele'),
(567, 'Mapunguene'),
(568, 'Motaze'),
(569, 'Panjane'),
(570, 'Manhiça-Sede'),
(571, '3 de Fevereiro'),
(572, 'Calanga'),
(573, 'Ilha Josina Machel'),
(574, 'Maluana'),
(575, 'Xinavane'),
(576, 'Marracuene-Sede'),
(577, 'Machubo'),
(578, 'Bela-Vista-Sede'),
(579, 'Catuane'),
(580, 'Machangulo'),
(581, 'Zitundo'),
(582, 'Moamba-Sede'),
(583, 'Pessene'),
(584, 'Ressano Garcia'),
(585, 'Sabié'),
(586, 'Namaacha-Sede'),
(587, 'Changalane'),
(588, 'Infulene'),
(589, 'Machava'),
(590, 'Matola-Sede'),
(591, 'Infantário Público da Matola'),
(592, 'Cidade de Xai-xai'),
(593, 'Infantário Público de Gaza'),
(594, 'Chamanculo ''A'''),
(596, 'Centro de Apóio à Velhice de Messano'),
(597, 'Centro de Apóio à Velhice de Chongoene'),
(598, 'Centro de Apóio à Velhice de Massinga'),
(599, 'Luís Cabral'),
(600, 'Jardim'),
(603, 'Centro de Acolhimento de Mandlakazi'),
(604, 'Centro de Acolhimento de Xai-Xai'),
(606, 'Asa da Criança'),
(607, 'Inanga'),
(608, 'Laura Zicuna'),
(609, 'Posto Campo'),
(610, 'Centro de trânsito de Vilankulo'),
(611, 'Malhangalene ''A'''),
(613, 'Meponda'),
(614, 'Mieze'),
(616, 'Lumbo'),
(618, 'Larde'),
(619, 'Liúpo'),
(620, 'Larde'),
(621, 'Macone'),
(622, 'Mucujua'),
(624, 'Nacala-Porto'),
(625, 'Nacala-Porto'),
(628, 'Mpandula'),
(629, 'Kaunda'),
(630, 'Chueza'),
(632, 'Kachembe'),
(633, 'Ancuaze'),
(635, 'Boroma'),
(636, 'Marara'),
(637, 'Unkanha'),
(638, 'Mutala'),
(639, 'Guerisa'),
(640, 'Derre'),
(641, 'Tetete'),
(642, 'Mepuagiua'),
(643, 'Inhassunge'),
(645, 'Munhiba'),
(646, 'Bajone'),
(647, 'Molumbo'),
(648, 'Molumbo'),
(649, 'Sambalendo'),
(650, 'Mulevala'),
(651, 'Mulevala'),
(652, 'Nicoadala'),
(653, 'Maquival'),
(654, 'Quelimane'),
(655, '25 de Setembro'),
(656, 'Mazeze'),
(657, 'Montepuez'),
(658, 'Larde'),
(659, 'Mucuali'),
(660, 'Dôa'),
(661, 'Mufa Kakonde'),
(662, 'Machindo'),
(663, 'Guerisa'),
(664, 'Gurué'),
(665, 'Mocubela'),
(666, 'Corromane'),
(667, 'Chiraco'),
(668, 'Madal'),
(669, 'Samora Machel'),
(670, 'Derre'),
(671, 'Mbuane'),
(672, 'Ilha de Moçambique'),
(673, 'Quinga'),
(674, 'Gazuzo'),
(675, 'Muhecula'),
(676, 'Riane'),
(677, 'Salima'),
(678, 'Malhangalene ''B'''),
(679, 'Albazine'),
(681, 'Alto Maé ''A'''),
(682, 'Alto Maé ''B'''),
(683, 'Central ''A'''),
(684, 'Central ''B'''),
(685, 'Coop'),
(686, 'Polana ''A'''),
(687, 'Polana ''B'''),
(688, 'Sommershield'),
(689, 'Chamanculo ''B'''),
(690, 'Chamanculo ''C'''),
(691, 'Chamanculo ''D'''),
(692, 'Aeroporto ''A'''),
(693, 'Aeroporto ''B'''),
(694, 'Minkadjune'),
(695, 'Munhuana'),
(696, 'Xipamanine'),
(697, 'Unidade ''7'''),
(698, 'Malanga'),
(700, 'Mafalala'),
(701, 'Urbanização'),
(702, 'Maxaquene ''A'''),
(703, 'Maxaquene ''B'''),
(704, 'Maxaquene ''C'''),
(705, 'Maxaquene ''D'''),
(706, 'Polana Caniço ''A'''),
(707, 'Polana Caniço ''B'''),
(709, 'Central ''C'''),
(710, 'Costa do Sol'),
(711, 'FPLM'),
(712, 'Ferroviário'),
(713, 'Hulene ''A'''),
(714, 'Hulene ''B'''),
(715, 'Laulane'),
(716, 'Mavota'),
(717, '3 de Fevereiro'),
(718, 'Mavalane ''A'''),
(719, 'Mavalane ''B'''),
(720, 'Nsalene'),
(721, 'Inhagoia ''A'''),
(722, 'Inhagoia ''B'''),
(723, '25 de Junho ''A'''),
(724, '25 de Junho ''B'''),
(725, 'Bagamoio'),
(726, 'Geoge Dimitrov'),
(727, 'Malhazine'),
(728, 'Zimpeto'),
(729, 'Magoanine ''A'''),
(730, 'Magoanine ''B'''),
(731, 'Magoanine ''C'''),
(732, 'Incassane'),
(733, 'Chamissava'),
(734, 'Guachene'),
(735, 'Inguide'),
(736, 'Chali'),
(737, 'Inguane'),
(738, 'Ribzeni'),
(739, 'Nhaquene'),
(740, 'Nairrubi'),
(742, 'Nairrubi'),
(743, 'Mapai'),
(744, 'Machaila'),
(745, 'Chongoene'),
(746, 'Limpopo'),
(747, 'Chissano - Chicotane'),
(748, 'Loane - Licilo');

-- --------------------------------------------------------

--
-- Table structure for table `area_code`
--

CREATE TABLE `area_code` (
  `id_area` int(11) NOT NULL,
  `code` varchar(2) NOT NULL,
  `date` date NOT NULL,
  PRIMARY KEY (`id_area`)
) ENGINE=InnoDB DEFAULT CHARSET=utf8;

-- --------------------------------------------------------

--
-- Table structure for table `contact`
--

CREATE TABLE `contact` (
  `id` int(11) NOT NULL AUTO_INCREMENT,
  `id_type` int(11) NOT NULL,
  `info` varchar(255) NOT NULL,
  PRIMARY KEY (`id`)
) ENGINE=InnoDB DEFAULT CHARSET=utf8 AUTO_INCREMENT=1 ;

-- --------------------------------------------------------

--
-- Table structure for table `contact_type`
--

CREATE TABLE `contact_type` (
  `id` int(11) NOT NULL AUTO_INCREMENT,
  `type` varchar(20) NOT NULL,
  PRIMARY KEY (`id`)
) ENGINE=InnoDB DEFAULT CHARSET=utf8 AUTO_INCREMENT=1 ;

-- --------------------------------------------------------

--
-- Table structure for table `hierarchy_areas_areas`
--

CREATE TABLE `hierarchy_areas_areas` (
  `id` int(11) NOT NULL,
  `id_up` int(11) NOT NULL,
  PRIMARY KEY (`id`)
) ENGINE=InnoDB DEFAULT CHARSET=utf8;

--
-- Dumping data for table `hierarchy_areas_areas`
--

INSERT INTO `hierarchy_areas_areas` (`id`, `id_up`) VALUES
(1, 0),
(2, 1),
(3, 1),
(4, 1),
(5, 1),
(6, 1),
(7, 1),
(8, 1),
(9, 1),
(10, 1),
(11, 1),
(12, 1),
(13, 2),
(14, 2),
(15, 2),
(16, 2),
(17, 2),
(18, 2),
(19, 2),
(20, 2),
(21, 2),
(22, 2),
(23, 2),
(24, 2),
(25, 2),
(26, 2),
(27, 2),
(28, 2),
(31, 3),
(32, 3),
(33, 3),
(34, 3),
(35, 3),
(36, 3),
(37, 3),
(38, 3),
(39, 3),
(40, 3),
(41, 3),
(42, 3),
(43, 3),
(44, 3),
(45, 3),
(46, 3),
(47, 3),
(50, 4),
(51, 4),
(52, 4),
(53, 4),
(54, 4),
(55, 4),
(56, 4),
(57, 4),
(58, 4),
(59, 4),
(60, 4),
(61, 4),
(62, 4),
(63, 4),
(64, 4),
(65, 4),
(66, 4),
(67, 4),
(68, 4),
(69, 4),
(71, 4),
(72, 4),
(76, 4),
(77, 5),
(78, 5),
(79, 5),
(80, 5),
(81, 5),
(82, 5),
(83, 5),
(84, 5),
(85, 5),
(86, 5),
(87, 5),
(88, 5),
(89, 5),
(90, 5),
(91, 5),
(93, 6),
(94, 6),
(95, 6),
(96, 6),
(97, 6),
(98, 6),
(99, 6),
(100, 6),
(101, 6),
(102, 6),
(103, 6),
(104, 6),
(105, 6),
(106, 6),
(107, 6),
(108, 6),
(109, 6),
(110, 6),
(111, 6),
(112, 6),
(113, 6),
(114, 6),
(117, 7),
(118, 7),
(119, 7),
(120, 7),
(121, 7),
(122, 7),
(123, 7),
(124, 7),
(125, 7),
(126, 7),
(127, 7),
(128, 7),
(130, 8),
(131, 8),
(132, 8),
(133, 8),
(134, 8),
(135, 8),
(136, 8),
(137, 8),
(138, 8),
(139, 8),
(140, 8),
(141, 8),
(142, 8),
(145, 9),
(146, 9),
(147, 9),
(148, 9),
(149, 9),
(150, 9),
(151, 9),
(152, 9),
(153, 9),
(154, 9),
(155, 9),
(159, 10),
(160, 10),
(161, 10),
(162, 10),
(163, 10),
(164, 10),
(165, 10),
(166, 10),
(167, 10),
(168, 10),
(169, 10),
(170, 10),
(171, 10),
(172, 10),
(175, 11),
(176, 11),
(177, 11),
(178, 11),
(179, 11),
(180, 11),
(181, 11),
(182, 12),
(183, 12),
(184, 12),
(185, 12),
(186, 12),
(187, 12),
(188, 12),
(189, 12),
(190, 13),
(191, 13),
(193, 14),
(194, 14),
(195, 15),
(196, 15),
(197, 15),
(198, 15),
(199, 17),
(200, 17),
(202, 18),
(203, 18),
(204, 19),
(205, 19),
(206, 19),
(207, 20),
(208, 20),
(209, 21),
(210, 21),
(211, 22),
(212, 22),
(213, 23),
(214, 23),
(215, 24),
(216, 24),
(217, 25),
(218, 25),
(219, 26),
(220, 26),
(221, 27),
(222, 27),
(223, 28),
(224, 28),
(225, 28),
(226, 28),
(227, 31),
(228, 31),
(229, 31),
(230, 32),
(231, 32),
(232, 32),
(233, 32),
(234, 33),
(235, 33),
(236, 33),
(238, 33),
(239, 33),
(240, 34),
(241, 34),
(242, 35),
(243, 35),
(244, 35),
(245, 35),
(246, 36),
(247, 36),
(248, 37),
(249, 37),
(250, 38),
(252, 39),
(253, 39),
(254, 39),
(255, 40),
(256, 40),
(257, 40),
(258, 40),
(259, 41),
(260, 41),
(261, 41),
(262, 41),
(263, 41),
(264, 42),
(265, 42),
(266, 42),
(267, 43),
(269, 43),
(270, 43),
(271, 43),
(272, 43),
(273, 44),
(274, 44),
(275, 45),
(276, 45),
(277, 45),
(278, 45),
(279, 47),
(280, 47),
(281, 47),
(282, 50),
(283, 50),
(284, 50),
(285, 50),
(286, 51),
(287, 51),
(288, 51),
(289, 53),
(290, 53),
(291, 56),
(292, 56),
(293, 56),
(294, 57),
(295, 57),
(296, 57),
(297, 57),
(298, 58),
(299, 58),
(300, 58),
(301, 58),
(302, 59),
(303, 59),
(304, 59),
(305, 59),
(306, 60),
(307, 60),
(309, 60),
(310, 61),
(311, 61),
(312, 61),
(313, 61),
(314, 61),
(315, 62),
(316, 62),
(318, 63),
(319, 63),
(320, 63),
(321, 64),
(322, 64),
(323, 64),
(324, 65),
(325, 65),
(326, 65),
(327, 66),
(328, 66),
(329, 66),
(330, 67),
(331, 67),
(332, 69),
(333, 69),
(334, 69),
(336, 71),
(337, 71),
(338, 71),
(339, 72),
(340, 72),
(341, 72),
(342, 76),
(343, 76),
(344, 76),
(345, 76),
(346, 76),
(348, 93),
(349, 93),
(350, 94),
(351, 114),
(352, 94),
(353, 96),
(354, 96),
(355, 97),
(356, 97),
(357, 98),
(359, 98),
(360, 99),
(362, 100),
(363, 100),
(364, 100),
(365, 100),
(367, 101),
(369, 101),
(370, 102),
(371, 102),
(373, 102),
(374, 103),
(375, 103),
(376, 103),
(377, 106),
(378, 106),
(379, 107),
(381, 107),
(382, 107),
(383, 109),
(384, 109),
(385, 110),
(386, 110),
(387, 111),
(388, 111),
(389, 112),
(390, 112),
(391, 112),
(392, 77),
(393, 77),
(394, 78),
(395, 78),
(396, 78),
(397, 79),
(398, 79),
(400, 80),
(401, 80),
(402, 80),
(403, 81),
(404, 81),
(405, 83),
(406, 83),
(407, 84),
(408, 84),
(409, 84),
(410, 86),
(411, 86),
(412, 86),
(413, 86),
(414, 87),
(415, 87),
(416, 87),
(417, 88),
(418, 88),
(419, 88),
(420, 90),
(421, 90),
(422, 91),
(423, 91),
(424, 91),
(425, 117),
(426, 117),
(427, 117),
(428, 119),
(429, 119),
(430, 119),
(431, 119),
(432, 120),
(433, 120),
(434, 120),
(435, 120),
(436, 122),
(437, 122),
(438, 123),
(439, 123),
(440, 123),
(441, 124),
(442, 124),
(443, 124),
(444, 124),
(445, 125),
(446, 125),
(447, 125),
(448, 126),
(449, 126),
(450, 126),
(451, 126),
(452, 127),
(453, 127),
(454, 127),
(455, 121),
(456, 121),
(457, 128),
(458, 128),
(459, 131),
(460, 131),
(461, 131),
(462, 132),
(463, 132),
(464, 132),
(465, 133),
(466, 133),
(467, 133),
(468, 134),
(469, 134),
(470, 135),
(471, 135),
(472, 135),
(473, 136),
(474, 136),
(475, 137),
(476, 137),
(477, 137),
(478, 138),
(479, 138),
(480, 139),
(481, 139),
(482, 139),
(483, 140),
(484, 140),
(485, 141),
(486, 141),
(487, 142),
(488, 142),
(489, 159),
(490, 159),
(491, 159),
(492, 160),
(493, 160),
(494, 160),
(495, 161),
(496, 161),
(497, 163),
(498, 163),
(499, 164),
(500, 164),
(501, 164),
(502, 165),
(503, 165),
(504, 166),
(505, 166),
(506, 166),
(507, 167),
(508, 167),
(509, 167),
(510, 169),
(511, 169),
(512, 170),
(513, 170),
(514, 170),
(515, 171),
(516, 171),
(517, 171),
(518, 172),
(519, 172),
(520, 745),
(521, 746),
(522, 746),
(523, 145),
(524, 145),
(525, 145),
(526, 145),
(527, 145),
(528, 145),
(529, 146),
(530, 146),
(531, 146),
(532, 146),
(533, 146),
(534, 146),
(535, 148),
(536, 148),
(537, 147),
(538, 743),
(539, 147),
(540, 149),
(541, 149),
(542, 149),
(543, 149),
(544, 150),
(545, 150),
(546, 150),
(547, 150),
(548, 151),
(549, 151),
(550, 151),
(551, 152),
(552, 152),
(553, 152),
(554, 152),
(555, 745),
(556, 745),
(557, 152),
(558, 154),
(559, 154),
(560, 154),
(561, 153),
(562, 153),
(563, 182),
(564, 182),
(565, 183),
(566, 183),
(567, 183),
(568, 183),
(569, 183),
(570, 184),
(571, 184),
(572, 184),
(573, 184),
(574, 184),
(575, 184),
(576, 185),
(577, 185),
(578, 187),
(579, 187),
(580, 187),
(581, 187),
(582, 188),
(583, 188),
(584, 188),
(585, 188),
(586, 189),
(587, 189),
(588, 186),
(589, 186),
(590, 186),
(591, 590),
(592, 155),
(593, 592),
(594, 176),
(596, 527),
(597, 520),
(598, 507),
(599, 179),
(600, 179),
(603, 551),
(604, 592),
(606, 501),
(607, 499),
(608, 497),
(609, 377),
(610, 515),
(611, 175),
(613, 16),
(614, 46),
(616, 52),
(618, 54),
(619, 55),
(620, 618),
(621, 62),
(622, 63),
(624, 68),
(625, 624),
(628, 77),
(629, 81),
(630, 82),
(632, 85),
(633, 82),
(635, 85),
(636, 635),
(637, 86),
(638, 93),
(639, 95),
(640, 639),
(641, 97),
(642, 356),
(643, 99),
(645, 103),
(646, 104),
(647, 105),
(648, 647),
(649, 106),
(650, 108),
(651, 650),
(652, 111),
(653, 113),
(654, 653),
(655, 114),
(656, 36),
(657, 40),
(658, 618),
(659, 54),
(660, 82),
(661, 85),
(662, 95),
(663, 639),
(664, 97),
(665, 104),
(666, 105),
(667, 108),
(668, 113),
(669, 114),
(670, 95),
(671, 108),
(672, 52),
(673, 55),
(674, 66),
(675, 67),
(676, 72),
(677, 82),
(678, 175),
(679, 178),
(681, 175),
(682, 175),
(683, 175),
(684, 175),
(685, 175),
(686, 175),
(687, 175),
(688, 175),
(689, 176),
(690, 176),
(691, 176),
(692, 176),
(693, 176),
(694, 176),
(695, 176),
(696, 176),
(697, 176),
(698, 176),
(700, 177),
(701, 177),
(702, 177),
(703, 177),
(704, 177),
(705, 177),
(706, 177),
(707, 177),
(709, 175),
(710, 178),
(711, 178),
(712, 178),
(713, 178),
(714, 178),
(715, 178),
(716, 178),
(717, 178),
(718, 178),
(719, 178),
(720, 179),
(721, 179),
(722, 179),
(723, 179),
(724, 179),
(725, 179),
(726, 179),
(727, 179),
(728, 179),
(729, 179),
(730, 179),
(731, 179),
(732, 180),
(733, 180),
(734, 180),
(735, 180),
(736, 180),
(737, 181),
(738, 181),
(739, 181),
(740, 201),
(742, 17),
(743, 9),
(744, 743),
(745, 9),
(746, 9),
(747, 746),
(748, 746);

-- --------------------------------------------------------

--
-- Table structure for table `hierarchy_units_areas`
--

CREATE TABLE `hierarchy_units_areas` (
  `id_unit` int(11) NOT NULL,
  `id_area` int(11) NOT NULL,
  PRIMARY KEY (`id_unit`)
) ENGINE=InnoDB DEFAULT CHARSET=utf8;

--
-- Dumping data for table `hierarchy_units_areas`
--

INSERT INTO `hierarchy_units_areas` (`id_unit`, `id_area`) VALUES
(1, 16),
(2, 16),
(3, 16),
(4, 16),
(5, 16),
(6, 16),
(7, 16),
(8, 16),
(9, 16),
(10, 14),
(11, 14),
(12, 14),
(13, 14),
(14, 14),
(15, 14),
(16, 14),
(17, 14),
(18, 14),
(19, 14),
(20, 14),
(21, 14),
(22, 14),
(23, 14),
(24, 14),
(25, 14),
(26, 14),
(27, 14),
(28, 14),
(29, 15),
(30, 15),
(31, 15),
(32, 15),
(33, 15),
(34, 15),
(35, 15),
(36, 15),
(37, 15),
(38, 15),
(39, 15),
(40, 15),
(41, 15),
(42, 16),
(43, 16),
(44, 16),
(45, 16),
(46, 16),
(47, 16),
(48, 16),
(49, 16),
(50, 16),
(51, 16),
(52, 16),
(53, 16),
(54, 16),
(55, 16),
(56, 16),
(57, 16),
(58, 16),
(59, 17),
(60, 17),
(61, 17),
(62, 17),
(63, 17),
(64, 17),
(65, 17),
(66, 17),
(67, 18),
(68, 18),
(69, 18),
(70, 18),
(71, 18),
(72, 18),
(73, 18),
(74, 18),
(75, 18),
(76, 19),
(77, 19),
(78, 19),
(79, 19),
(80, 19),
(81, 19),
(82, 19),
(83, 19),
(84, 19),
(85, 19),
(86, 19),
(87, 20),
(88, 20),
(89, 20),
(90, 20),
(91, 20),
(92, 20),
(93, 20),
(94, 20),
(95, 21),
(96, 21),
(97, 21),
(98, 21),
(99, 22),
(100, 22),
(101, 22),
(102, 22),
(103, 22),
(104, 22),
(105, 22),
(106, 22),
(107, 22),
(108, 22),
(109, 22),
(110, 22),
(111, 23),
(112, 23),
(113, 23),
(114, 23),
(115, 23),
(116, 23),
(117, 23),
(118, 23),
(119, 23),
(120, 23),
(121, 23),
(122, 24),
(123, 24),
(124, 24),
(125, 24),
(126, 24),
(127, 24),
(128, 24),
(129, 24),
(130, 25),
(131, 25),
(132, 25),
(133, 25),
(134, 25),
(135, 26),
(136, 26),
(137, 26),
(138, 26),
(139, 26),
(140, 26),
(141, 26),
(142, 26),
(143, 27),
(144, 27),
(145, 27),
(146, 27),
(147, 27),
(148, 27),
(149, 27),
(150, 28),
(151, 28),
(152, 28),
(153, 28),
(154, 28),
(155, 28),
(156, 28),
(157, 28),
(158, 28),
(159, 28),
(160, 28),
(161, 46),
(162, 46),
(163, 46),
(164, 46),
(165, 46),
(166, 46),
(167, 46),
(168, 46),
(169, 46),
(170, 46),
(171, 46),
(172, 31),
(173, 31),
(174, 31),
(175, 31),
(176, 31),
(177, 31),
(178, 32),
(179, 32),
(180, 32),
(181, 32),
(182, 32),
(183, 32),
(184, 32),
(185, 32),
(186, 33),
(187, 33),
(188, 33),
(189, 33),
(190, 33),
(191, 33),
(192, 33),
(193, 33),
(194, 33),
(195, 33),
(196, 34),
(197, 34),
(198, 34),
(199, 35),
(200, 35),
(201, 35),
(202, 35),
(203, 35),
(204, 35),
(205, 35),
(206, 35),
(207, 35),
(208, 36),
(209, 36),
(210, 36),
(211, 37),
(212, 37),
(213, 37),
(214, 37),
(215, 37),
(216, 39),
(217, 39),
(218, 39),
(219, 39),
(220, 39),
(221, 40),
(222, 40),
(223, 40),
(224, 40),
(225, 40),
(226, 40),
(227, 40),
(228, 40),
(229, 40),
(230, 40),
(231, 41),
(232, 41),
(233, 41),
(234, 41),
(235, 41),
(236, 41),
(237, 41),
(238, 41),
(239, 42),
(240, 42),
(241, 42),
(242, 42),
(243, 42),
(244, 42),
(245, 43),
(246, 43),
(247, 43),
(248, 43),
(249, 43),
(250, 43),
(251, 43),
(252, 44),
(253, 44),
(254, 44),
(255, 44),
(256, 44),
(257, 45),
(258, 45),
(259, 45),
(260, 45),
(261, 45),
(262, 45),
(263, 38),
(264, 38),
(265, 38),
(266, 38),
(267, 38),
(268, 47),
(269, 47),
(270, 47),
(271, 47),
(272, 47),
(273, 47),
(274, 47),
(275, 76),
(276, 76),
(277, 76),
(278, 76),
(279, 76),
(280, 76),
(281, 76),
(282, 76),
(283, 76),
(284, 76),
(285, 76),
(286, 76),
(287, 76),
(288, 76),
(289, 76),
(290, 50),
(291, 50),
(292, 50),
(293, 50),
(294, 50),
(295, 50),
(296, 50),
(297, 50),
(298, 50),
(299, 50),
(300, 50),
(301, 50),
(302, 50),
(303, 50),
(304, 50),
(305, 50),
(306, 50),
(307, 50),
(308, 50),
(309, 51),
(310, 51),
(311, 51),
(312, 51),
(313, 51),
(314, 51),
(315, 51),
(316, 51),
(317, 51),
(318, 51),
(319, 52),
(320, 52),
(321, 52),
(322, 52),
(323, 52),
(324, 53),
(325, 53),
(326, 53),
(327, 53),
(328, 53),
(329, 56),
(330, 56),
(331, 56),
(332, 56),
(333, 56),
(334, 56),
(335, 56),
(336, 56),
(337, 57),
(338, 57),
(339, 57),
(340, 57),
(341, 57),
(342, 57),
(343, 57),
(344, 58),
(345, 58),
(346, 58),
(347, 58),
(348, 58),
(349, 58),
(350, 58),
(351, 58),
(352, 58),
(353, 58),
(354, 58),
(355, 58),
(356, 58),
(357, 59),
(358, 59),
(359, 59),
(360, 59),
(361, 59),
(362, 59),
(363, 59),
(364, 59),
(365, 59),
(366, 59),
(367, 59),
(368, 59),
(369, 60),
(370, 60),
(371, 60),
(372, 60),
(373, 60),
(374, 60),
(375, 60),
(376, 60),
(377, 60),
(378, 61),
(379, 61),
(380, 61),
(381, 61),
(382, 61),
(383, 61),
(384, 61),
(385, 62),
(386, 62),
(387, 62),
(388, 62),
(389, 62),
(390, 62),
(391, 62),
(392, 62),
(393, 62),
(394, 62),
(395, 62),
(396, 62),
(397, 62),
(398, 62),
(399, 62),
(400, 63),
(401, 63),
(402, 63),
(403, 63),
(404, 63),
(405, 63),
(406, 63),
(407, 63),
(408, 63),
(409, 63),
(410, 63),
(411, 63),
(412, 63),
(413, 63),
(414, 64),
(415, 64),
(416, 64),
(417, 64),
(418, 64),
(419, 64),
(420, 64),
(421, 64),
(422, 64),
(423, 64),
(424, 65),
(425, 65),
(426, 65),
(427, 65),
(428, 65),
(429, 65),
(430, 65),
(431, 65),
(432, 65),
(433, 66),
(434, 66),
(435, 66),
(436, 66),
(437, 66),
(438, 66),
(439, 68),
(440, 68),
(441, 68),
(442, 68),
(443, 68),
(444, 68),
(445, 68),
(446, 68),
(447, 68),
(448, 68),
(449, 68),
(450, 68),
(451, 68),
(452, 67),
(453, 67),
(454, 67),
(455, 67),
(456, 67),
(457, 67),
(458, 69),
(459, 69),
(460, 69),
(461, 69),
(462, 69),
(463, 69),
(464, 76),
(465, 76),
(466, 76),
(467, 76),
(468, 76),
(469, 76),
(470, 76),
(471, 76),
(472, 76),
(473, 76),
(474, 76),
(475, 76),
(476, 76),
(477, 76),
(478, 76),
(479, 72),
(480, 72),
(481, 72),
(482, 72),
(483, 72),
(484, 72),
(485, 72),
(486, 72),
(487, 72),
(488, 113),
(489, 113),
(490, 113),
(491, 113),
(492, 113),
(493, 113),
(494, 113),
(495, 113),
(496, 113),
(497, 113),
(498, 113),
(499, 113),
(500, 93),
(501, 93),
(502, 93),
(503, 93),
(504, 93),
(505, 93),
(506, 93),
(507, 93),
(508, 93),
(509, 93),
(510, 93),
(511, 93),
(512, 93),
(513, 93),
(514, 93),
(515, 93),
(516, 94),
(517, 94),
(518, 94),
(519, 94),
(520, 94),
(521, 94),
(522, 94),
(523, 94),
(524, 94),
(525, 94),
(526, 96),
(527, 96),
(528, 96),
(529, 96),
(530, 96),
(531, 96),
(532, 96),
(533, 96),
(534, 96),
(535, 96),
(536, 97),
(537, 97),
(538, 97),
(539, 97),
(540, 97),
(541, 97),
(542, 97),
(543, 97),
(544, 97),
(545, 97),
(546, 97),
(547, 97),
(548, 97),
(549, 98),
(550, 98),
(551, 98),
(552, 98),
(553, 98),
(554, 98),
(555, 98),
(556, 98),
(557, 98),
(558, 98),
(559, 98),
(560, 98),
(561, 98),
(562, 98),
(563, 98),
(564, 98),
(565, 98),
(566, 99),
(567, 99),
(568, 99),
(569, 99),
(570, 99),
(571, 99),
(572, 99),
(573, 100),
(574, 100),
(575, 100),
(576, 100),
(577, 100),
(578, 100),
(579, 100),
(580, 100),
(581, 100),
(582, 100),
(583, 100),
(584, 100),
(585, 101),
(586, 101),
(587, 101),
(588, 101),
(589, 101),
(590, 101),
(591, 101),
(592, 101),
(593, 101),
(594, 101),
(595, 101),
(596, 101),
(597, 101),
(598, 101),
(599, 101),
(600, 101),
(601, 101),
(602, 101),
(603, 101),
(604, 102),
(605, 102),
(606, 102),
(607, 102),
(608, 102),
(609, 102),
(610, 102),
(611, 102),
(612, 102),
(613, 102),
(614, 102),
(615, 102),
(616, 102),
(617, 102),
(618, 102),
(619, 102),
(620, 102),
(621, 102),
(622, 103),
(623, 103),
(624, 103),
(625, 103),
(626, 103),
(627, 103),
(628, 103),
(629, 103),
(630, 103),
(631, 103),
(632, 103),
(633, 103),
(634, 103),
(635, 103),
(636, 103),
(637, 103),
(638, 103),
(639, 106),
(640, 106),
(641, 106),
(642, 106),
(643, 106),
(644, 106),
(645, 106),
(646, 106),
(647, 106),
(648, 106),
(649, 107),
(650, 107),
(651, 107),
(652, 107),
(653, 107),
(654, 107),
(655, 107),
(656, 107),
(657, 107),
(658, 107),
(659, 107),
(660, 107),
(661, 107),
(662, 107),
(663, 107),
(664, 107),
(665, 107),
(666, 107),
(667, 107),
(668, 107),
(669, 109),
(670, 109),
(671, 109),
(672, 109),
(673, 109),
(674, 109),
(675, 109),
(676, 109),
(677, 109),
(678, 109),
(679, 109),
(680, 110),
(681, 110),
(682, 110),
(683, 110),
(684, 110),
(685, 110),
(686, 110),
(687, 110),
(688, 111),
(689, 111),
(690, 111),
(691, 111),
(692, 111),
(693, 111),
(694, 111),
(695, 111),
(696, 111),
(697, 111),
(698, 111),
(699, 111),
(700, 111),
(701, 111),
(702, 111),
(703, 112),
(704, 112),
(705, 112),
(706, 112),
(707, 112),
(708, 112),
(709, 112),
(710, 112),
(711, 112),
(712, 112),
(713, 112),
(714, 112),
(715, 112),
(716, 89),
(717, 89),
(718, 89),
(719, 89),
(720, 89),
(721, 89),
(722, 89),
(723, 89),
(724, 89),
(725, 89),
(726, 89),
(727, 89),
(728, 89),
(729, 89),
(730, 89),
(731, 89),
(732, 89),
(733, 77),
(734, 77),
(735, 77),
(736, 77),
(737, 77),
(738, 77),
(739, 77),
(740, 77),
(741, 77),
(742, 77),
(743, 77),
(744, 78),
(745, 78),
(746, 78),
(747, 78),
(748, 78),
(749, 78),
(750, 78),
(751, 78),
(752, 78),
(753, 78),
(754, 78),
(755, 78),
(756, 78),
(757, 78),
(758, 79),
(759, 79),
(760, 79),
(761, 79),
(762, 79),
(763, 79),
(764, 79),
(765, 79),
(766, 79),
(767, 79),
(768, 79),
(769, 79),
(770, 79),
(771, 79),
(772, 80),
(773, 80),
(774, 80),
(775, 80),
(776, 80),
(777, 80),
(778, 80),
(779, 81),
(780, 81),
(781, 81),
(782, 81),
(783, 81),
(784, 83),
(785, 83),
(786, 83),
(787, 83),
(788, 83),
(789, 83),
(790, 83),
(791, 83),
(792, 84),
(793, 84),
(794, 84),
(795, 84),
(796, 84),
(797, 84),
(798, 84),
(799, 84),
(800, 86),
(801, 86),
(802, 86),
(803, 86),
(804, 86),
(805, 86),
(806, 86),
(807, 87),
(808, 87),
(809, 87),
(810, 87),
(811, 87),
(812, 87),
(813, 87),
(814, 87),
(815, 87),
(816, 87),
(817, 87),
(818, 87),
(819, 87),
(820, 88),
(821, 88),
(822, 88),
(823, 88),
(824, 88),
(825, 88),
(826, 88),
(827, 88),
(828, 88),
(829, 88),
(830, 88),
(831, 90),
(832, 90),
(833, 90),
(834, 90),
(835, 90),
(836, 91),
(837, 91),
(838, 91),
(839, 91),
(840, 91),
(841, 91),
(842, 91),
(843, 91),
(844, 91),
(845, 118),
(846, 118),
(847, 118),
(848, 118),
(849, 118),
(850, 117),
(851, 117),
(852, 117),
(853, 117),
(854, 117),
(855, 117),
(856, 117),
(857, 117),
(858, 117),
(859, 117),
(860, 117),
(861, 117),
(862, 117),
(863, 119),
(864, 119),
(865, 119),
(866, 119),
(867, 119),
(868, 119),
(869, 119),
(870, 119),
(871, 119),
(872, 119),
(873, 119),
(874, 119),
(875, 119),
(876, 119),
(877, 120),
(878, 120),
(879, 120),
(880, 120),
(881, 120),
(882, 120),
(883, 120),
(884, 120),
(885, 120),
(886, 122),
(887, 122),
(888, 122),
(889, 122),
(890, 122),
(891, 122),
(892, 122),
(893, 122),
(894, 122),
(895, 122),
(896, 123),
(897, 123),
(898, 123),
(899, 123),
(900, 123),
(901, 124),
(902, 124),
(903, 124),
(904, 124),
(905, 124),
(906, 124),
(907, 124),
(908, 124),
(909, 124),
(910, 124),
(911, 124),
(912, 124),
(913, 124),
(914, 124),
(915, 124),
(916, 124),
(917, 124),
(918, 124),
(919, 124),
(920, 124),
(921, 124),
(922, 125),
(923, 125),
(924, 125),
(925, 125),
(926, 125),
(927, 125),
(928, 125),
(929, 125),
(930, 125),
(931, 126),
(932, 126),
(933, 126),
(934, 126),
(935, 126),
(936, 126),
(937, 126),
(938, 126),
(939, 126),
(940, 126),
(941, 127),
(942, 127),
(943, 127),
(944, 127),
(945, 127),
(946, 127),
(947, 130),
(948, 130),
(949, 130),
(950, 130),
(951, 130),
(952, 130),
(953, 130),
(954, 130),
(955, 130),
(956, 130),
(957, 130),
(958, 130),
(959, 130),
(960, 130),
(961, 131),
(962, 131),
(963, 131),
(964, 131),
(965, 131),
(966, 131),
(967, 131),
(968, 131),
(969, 131),
(970, 131),
(971, 131),
(972, 131),
(973, 131),
(974, 131),
(975, 131),
(976, 131),
(977, 131),
(978, 131),
(979, 131),
(980, 131),
(981, 131),
(982, 131),
(983, 131),
(984, 131),
(985, 131),
(986, 131),
(987, 131),
(988, 131),
(989, 131),
(990, 131),
(991, 131),
(992, 131),
(993, 132),
(994, 132),
(995, 132),
(996, 132),
(997, 132),
(998, 132),
(999, 132),
(1000, 132),
(1001, 132),
(1002, 132),
(1003, 132),
(1004, 132),
(1005, 132),
(1006, 132),
(1007, 132),
(1008, 132),
(1009, 132),
(1010, 132),
(1011, 133),
(1012, 133),
(1013, 133),
(1014, 133),
(1015, 133),
(1016, 133),
(1017, 133),
(1018, 133),
(1019, 133),
(1020, 133),
(1021, 133),
(1022, 133),
(1023, 133),
(1024, 133),
(1025, 133),
(1026, 134),
(1027, 134),
(1028, 134),
(1029, 134),
(1030, 134),
(1031, 134),
(1032, 134),
(1033, 134),
(1034, 135),
(1035, 135),
(1036, 135),
(1037, 135),
(1038, 135),
(1039, 135),
(1040, 135),
(1041, 135),
(1042, 135),
(1043, 135),
(1044, 135),
(1045, 135),
(1046, 135),
(1047, 135),
(1048, 135),
(1049, 135),
(1050, 135),
(1051, 135),
(1052, 136),
(1053, 136),
(1054, 136),
(1055, 136),
(1056, 136),
(1057, 136),
(1058, 136),
(1059, 136),
(1060, 136),
(1061, 136),
(1062, 136),
(1063, 136),
(1064, 136),
(1065, 136),
(1066, 136),
(1067, 137),
(1068, 137),
(1069, 137),
(1070, 137),
(1071, 137),
(1072, 137),
(1073, 137),
(1074, 137),
(1075, 137),
(1076, 137),
(1077, 137),
(1078, 137),
(1079, 137),
(1080, 137),
(1081, 137),
(1082, 137),
(1083, 137),
(1084, 138),
(1085, 138),
(1086, 138),
(1087, 138),
(1088, 138),
(1089, 138),
(1090, 138),
(1091, 138),
(1092, 138),
(1093, 138),
(1094, 138),
(1095, 139),
(1096, 139),
(1097, 139),
(1098, 139),
(1099, 139),
(1100, 139),
(1101, 139),
(1102, 140),
(1103, 140),
(1104, 140),
(1105, 140),
(1106, 140),
(1107, 140),
(1108, 140),
(1109, 140),
(1110, 140),
(1111, 140),
(1112, 140),
(1113, 140),
(1114, 140),
(1115, 140),
(1116, 140),
(1117, 140),
(1118, 140),
(1119, 140),
(1120, 140),
(1121, 140),
(1122, 140),
(1123, 140),
(1124, 140),
(1125, 140),
(1126, 140),
(1127, 140),
(1128, 140),
(1129, 141),
(1130, 141),
(1131, 141),
(1132, 141),
(1133, 141),
(1134, 141),
(1135, 141),
(1136, 141),
(1137, 141),
(1138, 141),
(1139, 141),
(1140, 141),
(1141, 141),
(1142, 141),
(1143, 141),
(1144, 141),
(1145, 141),
(1146, 141),
(1147, 141),
(1148, 141),
(1149, 141),
(1150, 141),
(1151, 141),
(1152, 141),
(1153, 141),
(1154, 141),
(1155, 141),
(1156, 141),
(1157, 142),
(1158, 142),
(1159, 142),
(1160, 142),
(1161, 142),
(1162, 142),
(1163, 142),
(1164, 142),
(1165, 142),
(1166, 142),
(1167, 142),
(1168, 142),
(1169, 142),
(1170, 142),
(1171, 142),
(1172, 142),
(1173, 142),
(1174, 142),
(1175, 142),
(1176, 142),
(1177, 142),
(1178, 142),
(1179, 162),
(1180, 162),
(1181, 162),
(1182, 162),
(1183, 162),
(1184, 162),
(1185, 162),
(1186, 162),
(1187, 162),
(1188, 159),
(1189, 159),
(1190, 159),
(1191, 159),
(1192, 159),
(1193, 160),
(1194, 160),
(1195, 160),
(1196, 160),
(1197, 160),
(1198, 160),
(1199, 160),
(1200, 161),
(1201, 161),
(1202, 161),
(1203, 161),
(1204, 161),
(1205, 161),
(1206, 161),
(1207, 161),
(1208, 161),
(1209, 161),
(1210, 161),
(1211, 161),
(1212, 161),
(1213, 163),
(1214, 163),
(1215, 163),
(1216, 163),
(1217, 163),
(1218, 163),
(1219, 163),
(1220, 163),
(1221, 163),
(1222, 163),
(1223, 164),
(1224, 164),
(1225, 164),
(1226, 164),
(1227, 164),
(1228, 164),
(1229, 165),
(1230, 165),
(1231, 165),
(1232, 165),
(1233, 165),
(1234, 165),
(1235, 165),
(1236, 166),
(1237, 166),
(1238, 166),
(1239, 166),
(1240, 166),
(1241, 166),
(1242, 167),
(1243, 167),
(1244, 167),
(1245, 167),
(1246, 167),
(1247, 167),
(1248, 167),
(1249, 167),
(1250, 167),
(1251, 167),
(1252, 167),
(1253, 167),
(1254, 167),
(1255, 167),
(1256, 168),
(1257, 168),
(1258, 168),
(1259, 168),
(1260, 168),
(1261, 168),
(1262, 168),
(1263, 168),
(1264, 168),
(1265, 168),
(1266, 168),
(1267, 168),
(1268, 169),
(1269, 169),
(1270, 169),
(1271, 169),
(1272, 169),
(1273, 169),
(1274, 169),
(1275, 169),
(1276, 169),
(1277, 169),
(1278, 170),
(1279, 170),
(1280, 170),
(1281, 170),
(1282, 170),
(1283, 171),
(1284, 171),
(1285, 171),
(1286, 171),
(1287, 171),
(1288, 171),
(1289, 171),
(1290, 171),
(1291, 171),
(1292, 171),
(1293, 172),
(1294, 172),
(1295, 172),
(1296, 172),
(1297, 172),
(1298, 172),
(1299, 172),
(1300, 172),
(1301, 172),
(1302, 172),
(1303, 172),
(1304, 172),
(1305, 155),
(1306, 155),
(1307, 155),
(1308, 155),
(1309, 155),
(1310, 155),
(1311, 145),
(1312, 145),
(1313, 145),
(1314, 145),
(1315, 145),
(1316, 145),
(1317, 145),
(1318, 145),
(1319, 145),
(1320, 145),
(1321, 145),
(1322, 146),
(1323, 146),
(1324, 146),
(1325, 146),
(1326, 146),
(1327, 146),
(1328, 146),
(1329, 146),
(1330, 146),
(1331, 146),
(1332, 146),
(1333, 146),
(1334, 146),
(1335, 146),
(1336, 146),
(1337, 146),
(1338, 146),
(1339, 147),
(1340, 147),
(1341, 147),
(1342, 147),
(1343, 147),
(1344, 147),
(1345, 147),
(1346, 147),
(1347, 148),
(1348, 148),
(1349, 148),
(1350, 148),
(1351, 148),
(1352, 148),
(1353, 152),
(1354, 152),
(1355, 152),
(1356, 152),
(1357, 152),
(1358, 152),
(1359, 152),
(1360, 152),
(1361, 152),
(1362, 152),
(1363, 152),
(1364, 152),
(1365, 152),
(1366, 152),
(1367, 152),
(1368, 152),
(1369, 152),
(1370, 152),
(1371, 152),
(1372, 152),
(1373, 152),
(1374, 150),
(1375, 150),
(1376, 150),
(1377, 150),
(1378, 150),
(1379, 150),
(1380, 150),
(1381, 150),
(1382, 150),
(1383, 151),
(1384, 151),
(1385, 151),
(1386, 151),
(1387, 151),
(1388, 151),
(1389, 151),
(1390, 151),
(1391, 151),
(1392, 151),
(1393, 151),
(1394, 151),
(1395, 151),
(1396, 151),
(1397, 151),
(1398, 151),
(1399, 151),
(1400, 151),
(1401, 151),
(1402, 151),
(1403, 151),
(1404, 151),
(1405, 151),
(1406, 151),
(1407, 151),
(1408, 151),
(1409, 151),
(1410, 151),
(1411, 153),
(1412, 153),
(1413, 153),
(1414, 154),
(1415, 154),
(1416, 154),
(1417, 154),
(1418, 154),
(1419, 154),
(1420, 154),
(1421, 154),
(1422, 155),
(1423, 155),
(1424, 155),
(1425, 155),
(1426, 155),
(1427, 155),
(1428, 155),
(1429, 155),
(1430, 155),
(1431, 155),
(1432, 155),
(1433, 155),
(1434, 155),
(1435, 155),
(1436, 155),
(1437, 186),
(1438, 186),
(1439, 186),
(1440, 186),
(1441, 186),
(1442, 186),
(1443, 186),
(1444, 186),
(1445, 186),
(1446, 186),
(1447, 186),
(1448, 186),
(1449, 186),
(1450, 186),
(1451, 186),
(1452, 186),
(1453, 186),
(1454, 186),
(1455, 186),
(1456, 186),
(1457, 186),
(1458, 186),
(1459, 186),
(1460, 186),
(1461, 186),
(1462, 186),
(1463, 186),
(1464, 182),
(1465, 182),
(1466, 182),
(1467, 182),
(1468, 182),
(1469, 182),
(1470, 182),
(1471, 182),
(1472, 182),
(1473, 182),
(1474, 182),
(1475, 182),
(1476, 182),
(1477, 183),
(1478, 183),
(1479, 183),
(1480, 183),
(1481, 183),
(1482, 183),
(1483, 183),
(1484, 183),
(1485, 183),
(1486, 183),
(1487, 184),
(1488, 184),
(1489, 184),
(1490, 184),
(1491, 184),
(1492, 184),
(1493, 184),
(1494, 184),
(1495, 184),
(1496, 184),
(1497, 184),
(1498, 184),
(1499, 184),
(1500, 184),
(1501, 184),
(1502, 184),
(1503, 185),
(1504, 185),
(1505, 185),
(1506, 185),
(1507, 185),
(1508, 185),
(1509, 185),
(1510, 185),
(1511, 185),
(1512, 185),
(1513, 187),
(1514, 187),
(1515, 187),
(1516, 187),
(1517, 187),
(1518, 187),
(1519, 187),
(1520, 187),
(1521, 187),
(1522, 187),
(1523, 187),
(1524, 187),
(1525, 187),
(1526, 187),
(1527, 187),
(1528, 187),
(1529, 188),
(1530, 188),
(1531, 188),
(1532, 188),
(1533, 188),
(1534, 188),
(1535, 188),
(1536, 188),
(1537, 188),
(1538, 189),
(1539, 189),
(1540, 189),
(1541, 189),
(1542, 189),
(1543, 189),
(1544, 189),
(1545, 189),
(1546, 189),
(1547, 175),
(1548, 175),
(1549, 175),
(1550, 175),
(1551, 175),
(1552, 175),
(1553, 175),
(1554, 175),
(1555, 176),
(1556, 176),
(1557, 176),
(1558, 176),
(1559, 176),
(1560, 176),
(1561, 178),
(1562, 178),
(1563, 179),
(1564, 179),
(1565, 179),
(1566, 179),
(1567, 179),
(1568, 179),
(1569, 179),
(1570, 179),
(1571, 179),
(1572, 179),
(1573, 179),
(1574, 179),
(1575, 179),
(1576, 179),
(1577, 180),
(1578, 180),
(1579, 180),
(1580, 181),
(1581, 181),
(1582, 181),
(1583, 113),
(1584, 118),
(1585, 118),
(1586, 182),
(1587, 186),
(1588, 175),
(1589, 175),
(1590, 175);

-- --------------------------------------------------------

--
-- Table structure for table `ministries`
--

CREATE TABLE `ministries` (
  `id` int(11) NOT NULL AUTO_INCREMENT,
  `name` varchar(255) NOT NULL,
  `description` text NOT NULL,
  PRIMARY KEY (`id`)
) ENGINE=InnoDB DEFAULT CHARSET=utf8 AUTO_INCREMENT=1 ;

-- --------------------------------------------------------

--
-- Table structure for table `officer`
--

CREATE TABLE `officer` (
  `id` int(11) NOT NULL AUTO_INCREMENT,
  `name` varchar(100) NOT NULL,
  `rank` tinyint(4) NOT NULL,
  `active` tinyint(1) NOT NULL,
  PRIMARY KEY (`id`)
) ENGINE=InnoDB DEFAULT CHARSET=utf8 AUTO_INCREMENT=1 ;

-- --------------------------------------------------------

--
-- Table structure for table `officer_contact`
--

CREATE TABLE `officer_contact` (
  `id_unit` int(11) NOT NULL,
  `id_contact` int(11) NOT NULL,
  `date` date NOT NULL,
  PRIMARY KEY (`id_unit`)
) ENGINE=InnoDB DEFAULT CHARSET=utf8;

-- --------------------------------------------------------

--
-- Table structure for table `units`
--

CREATE TABLE `units` (
  `id` int(11) NOT NULL AUTO_INCREMENT,
  `name` varchar(255) NOT NULL,
  `short_name` varchar(10) DEFAULT NULL,
  PRIMARY KEY (`id`)
) ENGINE=InnoDB  DEFAULT CHARSET=utf8 AUTO_INCREMENT=1591 ;

--
-- Dumping data for table `units`
--

INSERT INTO `units` (`id`, `name`, `short_name`) VALUES
(1, 'Sambula', NULL),
(2, 'Namacula', NULL),
(3, 'Mitava', NULL),
(4, 'Chiulugo', NULL),
(5, 'Lulumile', NULL),
(6, 'Assumane', NULL),
(7, 'Chiuaula', NULL),
(8, 'Lichinga', NULL),
(9, 'Lichinga', NULL),
(10, 'Namutimbua', NULL),
(11, 'Mepica', NULL),
(12, 'Cadeia Civil', NULL),
(13, 'Meripo', NULL),
(14, 'Macauae ', NULL),
(15, 'Titimane', NULL),
(16, 'Etatara', NULL),
(17, 'Muanamunepa', NULL),
(18, 'Mujawa', NULL),
(19, 'Lúrio', NULL),
(20, 'Cuamba', NULL),
(21, 'Cuamba ', NULL),
(22, 'Napacala', NULL),
(23, 'Malapa', NULL),
(24, 'Mitucué', NULL),
(25, 'Matias', NULL),
(26, 'Namicova', NULL),
(27, 'Muitetere', NULL),
(28, 'Mucuapa', NULL),
(29, 'Wikihi', NULL),
(30, 'Lupilichi', NULL),
(31, 'Bandeze', NULL),
(32, 'Melulucas', NULL),
(33, 'Mechumua', NULL),
(34, 'Ngôo', NULL),
(35, 'Ngofi', NULL),
(36, 'Metangula', NULL),
(37, 'Cóbuè', NULL),
(38, 'Maniamba', NULL),
(39, 'Tulo', NULL),
(40, 'Liziunga', NULL),
(41, 'Messumba', NULL),
(42, 'Colongo', NULL),
(43, 'Lione', NULL),
(44, 'Luisa', NULL),
(45, 'Malica', NULL),
(46, 'Mussa', NULL),
(47, 'Meponda', NULL),
(48, 'Machumane', NULL),
(49, 'Chimbonila', NULL),
(50, 'Chala', NULL),
(51, 'Nbetazigone', NULL),
(52, 'Machemba', NULL),
(53, 'Cholue', NULL),
(54, 'Mbetazigone ', NULL),
(55, 'Magiga', NULL),
(56, 'Matama', NULL),
(57, 'Namuanica', NULL),
(58, 'Mapaco', NULL),
(59, 'Nairubi', NULL),
(60, 'Riate', NULL),
(61, 'Lisombe', NULL),
(62, 'Lugenda', NULL),
(63, 'Mecualo', NULL),
(64, 'Malanga', NULL),
(65, 'Luambala', NULL),
(66, 'Muaquia', NULL),
(67, 'Mandimba', NULL),
(68, 'N''Tembo', NULL),
(69, 'Lipúzia', NULL),
(70, 'Mitande', NULL),
(71, 'Lussangasse', NULL),
(72, 'Lissiete', NULL),
(73, 'Meluluca', NULL),
(74, 'Mepapa', NULL),
(75, 'Mississi', NULL),
(76, 'Marrupa', NULL),
(77, 'Yaranca', NULL),
(78, 'Cumela', NULL),
(79, 'Mucuaiai', NULL),
(80, 'Nungo', NULL),
(81, 'Marangira', NULL),
(82, 'Marrupa', NULL),
(83, 'Mutaparata', NULL),
(84, 'Tumpue ', NULL),
(85, 'Apes ', NULL),
(86, 'Messenguesse', NULL),
(87, 'Muapula', NULL),
(88, 'Queta', NULL),
(89, 'Muhumbua', NULL),
(90, 'Mugoma ', NULL),
(91, 'Maiaca', NULL),
(92, 'Maúa', NULL),
(93, 'Muhoco', NULL),
(94, 'Mugoma', NULL),
(95, 'Mavago', NULL),
(96, 'Milepa', NULL),
(97, 'Nsawize', NULL),
(98, 'Nkalapa', NULL),
(99, 'Chissaua', NULL),
(100, 'Muhurune ', NULL),
(101, 'Kumulike', NULL),
(102, 'Candulo', NULL),
(103, 'Nanhumba', NULL),
(104, 'Caronga', NULL),
(105, 'Mecomera ', NULL),
(106, 'Chiúta ', NULL),
(107, 'Chamba', NULL),
(108, 'Sales', NULL),
(109, 'Mecanhelas', NULL),
(110, 'Entre-Lagos', NULL),
(111, 'Gomba', NULL),
(112, 'Manhir', NULL),
(113, 'Naulala', NULL),
(114, 'Lugenda', NULL),
(115, 'Macalange', NULL),
(116, 'Mbamba', NULL),
(117, 'Mecula ', NULL),
(118, 'Mucoria', NULL),
(119, 'Ntimbo', NULL),
(120, 'Mantondovela', NULL),
(121, 'Chamba ', NULL),
(122, 'Muhemela ', NULL),
(123, 'Nacumua', NULL),
(124, 'Mecunica', NULL),
(125, 'Mepuera', NULL),
(126, 'Namicunde', NULL),
(127, 'Metarica ', NULL),
(128, 'Niputa', NULL),
(129, 'Cuvir', NULL),
(130, 'Muembe', NULL),
(131, 'Chuanjota', NULL),
(132, 'Nzizi', NULL),
(133, 'Chiconono', NULL),
(134, 'Lutuezi', NULL),
(135, 'Massangulo', NULL),
(136, 'Chissimbir', NULL),
(137, 'Itepela', NULL),
(138, 'Lupalane', NULL),
(139, 'Lusanga', NULL),
(140, 'Chiguaja', NULL),
(141, 'Luelele', NULL),
(142, 'N''Gaúma', NULL),
(143, 'Napalave', NULL),
(144, 'Metarica-Lurio', NULL),
(145, 'Muluco', NULL),
(146, 'Manlia', NULL),
(147, 'Cheiacheia', NULL),
(148, 'Nipepe', NULL),
(149, 'Natil', NULL),
(150, 'Mbemba', NULL),
(151, 'Chitula', NULL),
(152, '7 De Setembro', NULL),
(153, 'Nansinhenje', NULL),
(154, 'Lumbiza', NULL),
(155, 'Maumbica', NULL),
(156, 'Malemia', NULL),
(157, 'Madjedje(Ii Congresso)', NULL),
(158, 'Macaloge', NULL),
(159, 'Licole', NULL),
(160, 'Unango Velho ', NULL),
(161, 'B. Ingonane', NULL),
(162, 'Natite', NULL),
(163, 'Chuiba', NULL),
(164, 'Paquite', NULL),
(165, 'B. Muxara', NULL),
(166, 'Mahate', NULL),
(167, 'B. Eduardo Mondlane', NULL),
(168, 'B. Cariacó', NULL),
(169, 'Pemba', NULL),
(170, 'B. Cimento', NULL),
(171, 'Muxara B', NULL),
(172, 'Ancuabe', NULL),
(173, 'Minhewene', NULL),
(174, 'Mariri', NULL),
(175, 'Ngewe', NULL),
(176, 'Meza', NULL),
(177, 'Metoro', NULL),
(178, 'Impiri', NULL),
(179, 'Kuekué', NULL),
(180, 'Mavala', NULL),
(181, 'Ntete', NULL),
(182, 'Metata', NULL),
(183, 'Balama', NULL),
(184, 'Murripa', NULL),
(185, 'Balama', NULL),
(186, 'Ocúa', NULL),
(187, 'Nakoto', NULL),
(188, 'Muege', NULL),
(189, 'M''Mala', NULL),
(190, 'Mazeze', NULL),
(191, 'Catapua', NULL),
(192, 'Bilibiza', NULL),
(193, 'Chiúre-Velho', NULL),
(194, 'Namogelia', NULL),
(195, 'Chiúre', NULL),
(196, 'Quirimba', NULL),
(197, 'Matemo', NULL),
(198, 'Ibo', NULL),
(199, 'Chai', NULL),
(200, 'Macomia', NULL),
(201, 'Mucojo', NULL),
(202, 'Piquewe', NULL),
(203, 'Quiterajo', NULL),
(204, 'Nguida', NULL),
(205, 'Naunde', NULL),
(206, 'Inguri', NULL),
(207, 'Miteda', NULL),
(208, 'Mecufi', NULL),
(209, 'Murrebue', NULL),
(210, 'Natuco', NULL),
(211, 'Meluco', NULL),
(212, 'Muaguide', NULL),
(213, 'Minhanha', NULL),
(214, 'Ravia', NULL),
(215, 'Imbada', NULL),
(216, 'Mbau', NULL),
(217, 'Mangoma', NULL),
(218, 'Diaca', NULL),
(219, 'Quelimane', NULL),
(220, 'Hospital De Mocímboia Da Praia', NULL),
(221, 'Montepuez', NULL),
(222, 'Nairoto', NULL),
(223, 'Linde', NULL),
(224, 'Niuhula', NULL),
(225, 'Mapupulo', NULL),
(226, 'Nropa', NULL),
(227, 'Namueto', NULL),
(228, 'Namanhumbire', NULL),
(229, 'Mirate', NULL),
(230, 'Hospital De Montepuez', NULL),
(231, 'N''Gapa', NULL),
(232, 'Chilinde', NULL),
(233, 'Negomano', NULL),
(234, 'M''Peme', NULL),
(235, 'Chapa', NULL),
(236, 'Namatil', NULL),
(237, 'Mbuo', NULL),
(238, 'Hospital De Mueda', NULL),
(239, 'Miangalewa', NULL),
(240, 'Namacande', NULL),
(241, 'Miteda', NULL),
(242, 'Muatide', NULL),
(243, 'Chitunda', NULL),
(244, 'Muambula (Sede Do Distrito)', NULL),
(245, 'Nanrapa (Ep2)', NULL),
(246, 'Namuno', NULL),
(247, 'Machoca', NULL),
(248, 'Ncumpe', NULL),
(249, 'Papai', NULL),
(250, 'Hucula', NULL),
(251, 'Meloco', NULL),
(252, 'Nkonga', NULL),
(253, 'N''Tamba', NULL),
(254, 'N''Toli', NULL),
(255, 'Muiha', NULL),
(256, 'Nangade', NULL),
(257, 'Pundanhari', NULL),
(258, 'Quionga', NULL),
(259, 'Palma', NULL),
(260, 'Muite', NULL),
(261, 'Olumbe', NULL),
(262, 'Maganja', NULL),
(263, 'Nacuta', NULL),
(264, 'Mieze', NULL),
(265, 'Nanlia', NULL),
(266, 'Ntessa', NULL),
(267, 'Metuge', NULL),
(268, 'Quissanga', NULL),
(269, 'Mahate', NULL),
(270, 'Namaluco', NULL),
(271, 'Bilibiza', NULL),
(272, 'Tororo', NULL),
(273, 'Nacoba', NULL),
(274, 'Cagembe', NULL),
(275, 'O.T.M.', NULL),
(276, 'Hospital Militar', NULL),
(277, '25 De Setembro Csu1', NULL),
(278, 'Marrere', NULL),
(279, '1 De Maio', NULL),
(280, 'Napipine', NULL),
(281, 'Namicopo', NULL),
(282, 'Penitenciária', NULL),
(283, 'Muhala Expansão CSU1', NULL),
(284, 'Centro De Saúde Mental De Nampula', NULL),
(285, 'Hospital Central Nampula', NULL),
(286, 'Namutequeliua', NULL),
(287, 'Mutavarex', NULL),
(288, 'Niarro ', NULL),
(289, 'Mucuache ', NULL),
(290, 'Napruma', NULL),
(291, 'Quilua', NULL),
(292, 'Sangage', NULL),
(293, 'Malatane', NULL),
(294, 'Catamoio', NULL),
(295, 'Mirrepe', NULL),
(296, 'Nacopa', NULL),
(297, 'Namaponda', NULL),
(298, 'Inguri', NULL),
(299, 'Angoche', NULL),
(300, 'Gelo', NULL),
(301, 'Quelelene', NULL),
(302, 'Natir', NULL),
(303, 'Aube', NULL),
(304, 'Namitoria', NULL),
(305, 'Merrere', NULL),
(306, 'Mepapata', NULL),
(307, 'Josina Machel', NULL),
(308, 'Mucual', NULL),
(309, 'Alua', NULL),
(310, 'Tubruto(25 De Junho)', NULL),
(311, 'Namapa', NULL),
(312, 'Mirrote', NULL),
(313, 'Kutua', NULL),
(314, 'Odinepa', NULL),
(315, 'Samora Machel', NULL),
(316, 'Nantoge', NULL),
(317, 'Namiroa', NULL),
(318, 'Jacoco', NULL),
(319, 'Ampapa', NULL),
(320, 'Muchelia (Sangage)', NULL),
(321, 'Ilha De Moçambique', NULL),
(322, 'Lumbo', NULL),
(323, 'Macicate', NULL),
(324, 'Naquessa', NULL),
(325, 'Lalaua', NULL),
(326, 'Meti', NULL),
(327, 'Muesseleque', NULL),
(328, 'Lurio', NULL),
(329, 'Murripa', NULL),
(330, 'Malema', NULL),
(331, 'Mutuali', NULL),
(332, 'Chuhulo', NULL),
(333, 'Cunvarre', NULL),
(334, 'Murralelo', NULL),
(335, 'Nataleia', NULL),
(336, 'Nakata', NULL),
(337, 'Teterrene', NULL),
(338, 'Namialo', NULL),
(339, 'Corrane', NULL),
(340, 'Nacavala', NULL),
(341, 'Chapire', NULL),
(342, 'Mecua', NULL),
(343, 'Meconta', NULL),
(344, 'Namina', NULL),
(345, 'Momane', NULL),
(346, 'Mualua', NULL),
(347, 'Muite', NULL),
(348, 'Napai', NULL),
(349, 'Popue', NULL),
(350, 'Milhana', NULL),
(351, 'Nahipa', NULL),
(352, 'Ratane', NULL),
(353, 'Unidade Moçambicana', NULL),
(354, 'Issipe', NULL),
(355, 'Malithe', NULL),
(356, 'Mecuburi', NULL),
(357, 'Namatapa=Caleia', NULL),
(358, 'Baixo Pinda', NULL),
(359, 'Geba', NULL),
(360, 'Cava', NULL),
(361, 'Chipene', NULL),
(362, 'Napila', NULL),
(363, 'Mazua', NULL),
(364, 'Lurio', NULL),
(365, 'Namahaca', NULL),
(366, 'Memba Sede', NULL),
(367, 'Simuco', NULL),
(368, 'Pavala', NULL),
(369, 'Mepeone (Nakira)', NULL),
(370, 'Nakakana', NULL),
(371, 'Xa-Selemane', NULL),
(372, 'Quixaxe', NULL),
(373, 'Quinga', NULL),
(374, 'Namige', NULL),
(375, 'Liupo', NULL),
(376, 'Radanamaga=Perequexo', NULL),
(377, 'Xa-Momade', NULL),
(378, 'Mecutamala', NULL),
(379, 'Nanhupo Rio', NULL),
(380, 'Muatua', NULL),
(381, 'Iuluti', NULL),
(382, 'Calipo', NULL),
(383, 'Nametil', NULL),
(384, 'Murrirrimue', NULL),
(385, 'Metil', NULL),
(386, 'Moma', NULL),
(387, 'Chalaua', NULL),
(388, 'Briganha', NULL),
(389, 'Guarneia', NULL),
(390, 'Larde', NULL),
(391, 'Nambilane', NULL),
(392, 'Pilivili', NULL),
(393, 'Savara', NULL),
(394, 'Uala', NULL),
(395, 'Micane', NULL),
(396, 'Marrupanama', NULL),
(397, 'Ligonha (Mucoroge)', NULL),
(398, 'Mavuco', NULL),
(399, 'Topuito', NULL),
(400, 'Napala', NULL),
(401, 'Itoculo', NULL),
(402, 'Carapira', NULL),
(403, 'Netia', NULL),
(404, 'Monapo', NULL),
(405, 'Natete', NULL),
(406, 'Muatuca', NULL),
(407, 'Mecuco', NULL),
(408, 'Meserpane', NULL),
(409, 'Metocheria', NULL),
(410, 'Ramiane', NULL),
(411, 'Chihiri', NULL),
(412, 'H.R. Monapo ', NULL),
(413, 'Mucujua', NULL),
(414, 'Nacuxa', NULL),
(415, 'Cabaceira Grande', NULL),
(416, 'Chocas-Mar', NULL),
(417, 'Matibane', NULL),
(418, 'Namige', NULL),
(419, 'Muaualo', NULL),
(420, 'Lunga', NULL),
(421, 'Mossuril', NULL),
(422, 'Cabeceira Pequena', NULL),
(423, 'Namitatar', NULL),
(424, 'Chereque', NULL),
(425, 'Muecate', NULL),
(426, 'Imala', NULL),
(427, 'Chinamane', NULL),
(428, 'Napala', NULL),
(429, 'Kavula', NULL),
(430, 'Namahia', NULL),
(431, 'Gracio', NULL),
(432, 'Muculuone', NULL),
(433, 'Umuato', NULL),
(434, 'Murrupula', NULL),
(435, 'Chinga', NULL),
(436, 'Gazuzu', NULL),
(437, 'Tiponha', NULL),
(438, 'Nihessiue', NULL),
(439, 'Murrupelane', NULL),
(440, 'Akumi', NULL),
(441, 'C.A.M.I.N.A', NULL),
(442, 'Cife', NULL),
(443, 'Cimentos', NULL),
(444, 'Cfm', NULL),
(445, 'Naherengue', NULL),
(446, 'Quissimajulo', NULL),
(447, 'Mathapue', NULL),
(448, 'Nacala Porto', NULL),
(449, 'A.D.P.P. Muzuane', NULL),
(450, 'Nacala Porto', NULL),
(451, 'Mahelene', NULL),
(452, 'Mueria', NULL),
(453, 'Barragem', NULL),
(454, 'Salina', NULL),
(455, 'Namalala', NULL),
(456, 'Ger-Ger(Covo)', NULL),
(457, 'Nacala-A-Velha', NULL),
(458, 'Nacaroa', NULL),
(459, 'Nachere', NULL),
(460, 'Muchico', NULL),
(461, 'Saua-Saua', NULL),
(462, 'Nahadje', NULL),
(463, 'Mahetha', NULL),
(464, 'Maratane', NULL),
(465, 'Saua Saua', NULL),
(466, 'Mucova', NULL),
(467, 'Muleheia', NULL),
(468, 'Natoa', NULL),
(469, 'Mutolo', NULL),
(470, 'Namiconha', NULL),
(471, 'Naholoco', NULL),
(472, 'Mutivaze', NULL),
(473, 'Caramaja', NULL),
(474, 'Namaita', NULL),
(475, 'Anchilo', NULL),
(476, 'Rapale', NULL),
(477, 'Namucaua', NULL),
(478, 'Namachilo (Momala)', NULL),
(479, 'Iapala Monapo', NULL),
(480, 'Cunle', NULL),
(481, 'Esc.Bas.Agraria', NULL),
(482, 'Riane', NULL),
(483, 'Namiconha', NULL),
(484, 'Mecuasse', NULL),
(485, 'Chica', NULL),
(486, 'Ribaue', NULL),
(487, 'Iapala Estacao(Sede)', NULL),
(488, 'Incidua', NULL),
(489, 'Sangariveira', NULL),
(490, 'Namuinho', NULL),
(491, 'Cadeia Civil', NULL),
(492, '4 De Dezembro', NULL),
(493, 'Coalane', NULL),
(494, 'Micajune', NULL),
(495, 'Chacebo', NULL),
(496, 'Zalala Mar', NULL),
(497, '24 De Julho', NULL),
(498, '17 De Setembro', NULL),
(499, 'Quelimane', NULL),
(500, 'Malua', NULL),
(501, 'Nimala', NULL),
(502, 'Cololo', NULL),
(503, 'Bonifacio Gruveta', NULL),
(504, 'Mouia', NULL),
(505, 'Novanana', NULL),
(506, 'Ecole', NULL),
(507, 'Mugema', NULL),
(508, 'Nivava', NULL),
(509, 'Nauela', NULL),
(510, 'Mutala', NULL),
(511, 'Alto Molocue', NULL),
(512, 'Nacucua', NULL),
(513, 'Alto Molocue', NULL),
(514, 'Caiaia', NULL),
(515, 'Chapala', NULL),
(516, 'Cd De Madal', NULL),
(517, 'Luabo', NULL),
(518, 'Matilde', NULL),
(519, 'Micaune', NULL),
(520, 'Mitange', NULL),
(521, 'Centro Educacional', NULL),
(522, 'Ilha Salia', NULL),
(523, 'Chimbazo', NULL),
(524, 'Chinde-Sede', NULL),
(525, 'Jorge', NULL),
(526, 'Mutequela', NULL),
(527, 'Pury', NULL),
(528, 'Kayane', NULL),
(529, 'Alto Ligonha', NULL),
(530, 'Gile', NULL),
(531, 'Moneia', NULL),
(532, 'Muiane', NULL),
(533, 'Uape', NULL),
(534, 'Namuaca', NULL),
(535, 'Cd De Mamala', NULL),
(536, 'Tetete', NULL),
(537, 'Macuarro', NULL),
(538, 'Muagiua', NULL),
(539, 'Up 10', NULL),
(540, 'Invinha', NULL),
(541, 'Serra', NULL),
(542, 'Ruace', NULL),
(543, 'Mepuagiua', NULL),
(544, 'Lioma', NULL),
(545, 'Gurue', NULL),
(546, 'Gurue', NULL),
(547, 'Up 4', NULL),
(548, 'Nintulo', NULL),
(549, 'Massira', NULL),
(550, 'Curruane', NULL),
(551, 'Mulevala', NULL),
(552, 'Ile-Sede', NULL),
(553, 'Chiraco', NULL),
(554, 'Phalane', NULL),
(555, 'Tebo', NULL),
(556, 'Nipiode', NULL),
(557, 'Socone', NULL),
(558, 'Jajo', NULL),
(559, 'Niboia', NULL),
(560, 'Mugulama', NULL),
(561, 'Mulequela', NULL),
(562, 'Ualasse', NULL),
(563, 'Marropino', NULL),
(564, 'Mucuaba', NULL),
(565, 'Morrua', NULL),
(566, 'Olinda', NULL),
(567, 'Bingagira', NULL),
(568, 'Inhassunge-Sede', NULL),
(569, 'Gonhane', NULL),
(570, 'Chirimane', NULL),
(571, 'Ilova', NULL),
(572, 'Palane-Mucula', NULL),
(573, 'Lugela-Sede', NULL),
(574, 'Muabanama', NULL),
(575, 'Puthine', NULL),
(576, 'Limbue', NULL),
(577, 'Erurune', NULL),
(578, 'Nigau', NULL),
(579, 'Mungulune', NULL),
(580, 'Mucubi', NULL),
(581, 'Mulide', NULL),
(582, 'Munhamade', NULL),
(583, 'Namagoa', NULL),
(584, 'Tacuane', NULL),
(585, 'Vila-Valdez', NULL),
(586, 'Gurai', NULL),
(587, 'Ilha De Idugo', NULL),
(588, 'Mugaua', NULL),
(589, 'Missal', NULL),
(590, 'Moneia', NULL),
(591, 'Cariua', NULL),
(592, 'Mapira', NULL),
(593, 'Tapata', NULL),
(594, 'Nante', NULL),
(595, 'Mocubela', NULL),
(596, 'Matacurro', NULL),
(597, 'Mabala', NULL),
(598, 'Maganja Da Costa', NULL),
(599, 'Alto Mutola', NULL),
(600, 'Bajone', NULL),
(601, 'Muzo', NULL),
(602, 'Maneia', NULL),
(603, 'Naico', NULL),
(604, 'Vulalo', NULL),
(605, 'Milange-Sede', NULL),
(606, 'Milange', NULL),
(607, 'Carico', NULL),
(608, 'Cazimbe', NULL),
(609, 'Corromana', NULL),
(610, 'Majaua', NULL),
(611, 'Tengua', NULL),
(612, 'Liciro', NULL),
(613, 'Mongue', NULL),
(614, 'Dachudua', NULL),
(615, 'Nambuzi', NULL),
(616, 'Molumbo', NULL),
(617, 'Sabelua', NULL),
(618, 'Dulanha', NULL),
(619, 'Nantuto', NULL),
(620, 'Missiasse/Malua', NULL),
(621, 'Namucumua', NULL),
(622, 'Muanaco', NULL),
(623, 'P.Ucerra (Privado)', NULL),
(624, 'Mocuba', NULL),
(625, 'Mocuba Sisal', NULL),
(626, 'Mugeba', NULL),
(627, 'Nhaluanda', NULL),
(628, 'Caiave', NULL),
(629, 'Muloe', NULL),
(630, 'Alto-Benfica', NULL),
(631, 'Muaquiua', NULL),
(632, 'Intome', NULL),
(633, '16 De Junho', NULL),
(634, 'Namanjavira', NULL),
(635, 'Munhiba', NULL),
(636, 'Mogogodo', NULL),
(637, 'Mocuba', NULL),
(638, 'Samora Machel', NULL),
(639, 'Noere', NULL),
(640, 'Chimuara', NULL),
(641, '8 De Março', NULL),
(642, 'Nhacatundo', NULL),
(643, 'Posto Campo', NULL),
(644, 'Mopeia-Sede', NULL),
(645, 'Gulamo', NULL),
(646, 'Catale', NULL),
(647, 'Lua-Lua', NULL),
(648, 'Nzanza', NULL),
(649, 'Muandiua', NULL),
(650, 'Mepinha', NULL),
(651, 'Pinda', NULL),
(652, 'Sabe', NULL),
(653, 'Chire', NULL),
(654, 'Morrumbala', NULL),
(655, 'Megaza', NULL),
(656, 'Fabrica', NULL),
(657, 'Djasse', NULL),
(658, 'Guerissa', NULL),
(659, 'Muerra', NULL),
(660, 'Chilomo', NULL),
(661, 'Mecaula', NULL),
(662, 'Boroma', NULL),
(663, 'Derre', NULL),
(664, 'Morrumbala', NULL),
(665, 'Machindo', NULL),
(666, 'Cumbapo', NULL),
(667, 'Gaute', NULL),
(668, 'Reis', NULL),
(669, 'Malei', NULL),
(670, 'Mugubia', NULL),
(671, 'Muceliua', NULL),
(672, 'Mutange', NULL),
(673, 'Muebele', NULL),
(674, 'Mbawa', NULL),
(675, 'Mexixine', NULL),
(676, 'Furquia', NULL),
(677, 'Cd De Macuse', NULL),
(678, 'Naciaia', NULL),
(679, 'Namacurra-Sede', NULL),
(680, 'Regone', NULL),
(681, 'Namorroi-Sede', NULL),
(682, 'Mutepua', NULL),
(683, 'Marea', NULL),
(684, 'Lipale', NULL),
(685, 'Mutatala', NULL),
(686, 'Mudine', NULL),
(687, 'Rumala', NULL),
(688, 'Varela', NULL),
(689, 'Nicoadala-Sede', NULL),
(690, 'Domela', NULL),
(691, 'Amorro', NULL),
(692, 'Estação Malanha', NULL),
(693, 'Marrongane', NULL),
(694, 'Maquival Sede', NULL),
(695, 'Maquival-Rio', NULL),
(696, 'Licuar', NULL),
(697, 'Longe', NULL),
(698, 'Inhangulue', NULL),
(699, 'Ilalane', NULL),
(700, 'Namacata', NULL),
(701, 'Quinta Girassol', NULL),
(702, 'Madal', NULL),
(703, 'Mulela', NULL),
(704, 'Muligode', NULL),
(705, 'Naburi', NULL),
(706, '7 De Abril', NULL),
(707, 'Impaca', NULL),
(708, 'Tomea', NULL),
(709, 'Malema', NULL),
(710, 'Alto Maganha', NULL),
(711, 'Pele-Pele', NULL),
(712, 'Pebane-Sede', NULL),
(713, 'Txalalane', NULL),
(714, 'Cutal', NULL),
(715, 'Magiga', NULL),
(716, 'Déguè', NULL),
(717, 'Nº 3 - Bairro Manyanga', NULL),
(718, 'Sos', NULL),
(719, 'Mufa-Boroma', NULL),
(720, 'Hospital Provincial De Tete ', NULL),
(721, 'Cadeia', NULL),
(722, 'Nº 1 - Bairro Magaia', NULL),
(723, 'Boroma', NULL),
(724, 'Matundo', NULL),
(725, 'Nº 4 - Bairro Muthemba', NULL),
(726, 'M''Padue', NULL),
(727, 'Nº 2 - Bairro Matundo', NULL),
(728, 'Cachembe ', NULL),
(729, 'Marara', NULL),
(730, 'M''Saua', NULL),
(731, 'Matambo', NULL),
(732, 'M''Palamabue', NULL),
(733, 'Vila Velha', NULL),
(734, 'Mpandula', NULL),
(735, 'Ulónguè', NULL),
(736, 'Dómue', NULL),
(737, 'Chimwala', NULL),
(738, 'Seze', NULL),
(739, 'Fonte Boa', NULL),
(740, 'Lifidzi', NULL),
(741, 'Mpenha', NULL),
(742, 'Ulónguè', NULL),
(743, 'Catando', NULL),
(744, 'Thaca', NULL),
(745, 'Chinhanda', NULL),
(746, 'Songo', NULL),
(747, 'Chipalapala', NULL),
(748, 'Chintholo', NULL),
(749, 'Maroeira', NULL),
(750, 'Songo', NULL),
(751, 'Inhacapiriri', NULL),
(752, 'Chirodzi-Ponte', NULL),
(753, 'Chitima', NULL),
(754, 'Chipera', NULL),
(755, 'Nhandoa', NULL),
(756, 'Jeque', NULL),
(757, 'Mulingue', NULL),
(758, 'Chiôco', NULL),
(759, 'M''Palamabue', NULL),
(760, 'Matambo', NULL),
(761, 'Cachembe', NULL),
(762, 'Marara', NULL),
(763, 'Ntemangau', NULL),
(764, 'Nachinanga', NULL),
(765, 'Mazoé - Ponte', NULL),
(766, 'Goba', NULL),
(767, 'Chipembere', NULL),
(768, 'Changara', NULL),
(769, 'Dzunga', NULL),
(770, 'Msaua', NULL),
(771, 'Caomba', NULL),
(772, 'Chifunde', NULL),
(773, 'N''Kantha', NULL),
(774, 'Khamande', NULL),
(775, 'Luia', NULL),
(776, 'Nsadzo', NULL),
(777, 'Vila Mualadzi', NULL),
(778, 'Thequesse', NULL),
(779, 'Cazula', NULL),
(780, 'M''Vudzi Ponte', NULL),
(781, 'Manje (Chiuta)', NULL),
(782, 'Caunda', NULL),
(783, 'Matenje', NULL),
(784, 'Miwanga', NULL),
(785, 'Nhamadende', NULL),
(786, 'Macanga', NULL),
(787, 'Mtchoncho', NULL),
(788, 'Chidzolomondo', NULL),
(789, 'Campala', NULL),
(790, 'Bawe', NULL),
(791, 'Walota', NULL),
(792, 'Chinthopo', NULL),
(793, 'Chitete', NULL),
(794, 'Daque', NULL),
(795, 'Mágoè', NULL),
(796, 'Mucumbura', NULL),
(797, 'Mussenguezi', NULL),
(798, 'Cazindira', NULL),
(799, 'Cambototo', NULL),
(800, 'Fingoé (Marávia)', NULL),
(801, 'Chiputo', NULL),
(802, 'Malowera', NULL),
(803, 'Uncanha (Piripiri)', NULL),
(804, 'Cassuende', NULL),
(805, 'Chipera', NULL),
(806, 'Nhenda', NULL),
(807, 'Caphirizange', NULL),
(808, 'Zóbue', NULL),
(809, 'Benga', NULL),
(810, 'Nicunga', NULL),
(811, 'Ncondedzi', NULL),
(812, 'Cfm', NULL),
(813, 'Khanga', NULL),
(814, 'Cambulatsitsi', NULL),
(815, 'Moatize ', NULL),
(816, 'Mameme', NULL),
(817, 'Samoa', NULL),
(818, 'Cateme', NULL),
(819, 'Cs De Cadjia', NULL),
(820, 'Mutarara ', NULL),
(821, 'Vila Nova Da Fronteira', NULL),
(822, 'Mutarara Velha', NULL),
(823, 'Jardim', NULL),
(824, 'Inhangoma', NULL),
(825, 'Dôa', NULL),
(826, 'Charre', NULL),
(827, 'Ancuaze', NULL),
(828, 'Traquino', NULL),
(829, 'Mutarara', NULL),
(830, 'Sinjal', NULL),
(831, 'Calipale', NULL),
(832, 'N''Tengo Wambalane', NULL),
(833, 'Tsangano', NULL),
(834, 'Maconge', NULL),
(835, 'Chinvano', NULL),
(836, 'Zumbo', NULL),
(837, 'Muze', NULL),
(838, 'Tongue ', NULL),
(839, 'Zámbue', NULL),
(840, 'Caembua', NULL),
(841, 'Mugangadze', NULL),
(842, 'Bangura', NULL),
(843, 'Chissavo', NULL),
(844, 'Chiualo', NULL),
(845, 'Nhamaonha', NULL),
(846, 'Eduardo Mondlane', NULL),
(847, 'Chissui', NULL),
(848, '1º Maio', NULL),
(849, '7 De Abril', NULL),
(850, 'Barauro', NULL),
(851, 'Mussianharo', NULL),
(852, 'Chiuala', NULL),
(853, 'Catandica', NULL),
(854, 'Panze', NULL),
(855, 'Nhassacara', NULL),
(856, 'Nhampassa', NULL),
(857, 'Cruzamento De Macossa', NULL),
(858, 'Cagole', NULL),
(859, 'Honde', NULL),
(860, 'Inhazonia', NULL),
(861, 'Serra Choa', NULL),
(862, 'Munene', NULL),
(863, 'Zembe Centro', NULL),
(864, 'Inchope', NULL),
(865, 'Gondola', NULL),
(866, 'Chipindaumwe', NULL),
(867, 'Amatonga', NULL),
(868, 'Iac', NULL),
(869, 'Matsinho', NULL),
(870, 'Macate', NULL),
(871, 'Muda Serração', NULL),
(872, 'Marera', NULL),
(873, 'Chinete', NULL),
(874, 'Mutocoma', NULL),
(875, 'Josina Machel', NULL),
(876, 'Maonequera', NULL),
(877, 'Bunga', NULL),
(878, 'Chivuli', NULL),
(879, 'Guro - Sede', NULL),
(880, 'Mandie', NULL),
(881, 'Mungari', NULL),
(882, 'Nhamassonge', NULL),
(883, 'Nhansana', NULL),
(884, 'Tchetcha', NULL),
(885, 'Thanda', NULL),
(886, 'Chipudji', NULL),
(887, 'Chipopopo', NULL),
(888, 'Timbetimbe', NULL),
(889, 'Chitobe', NULL),
(890, 'Mazvissanga', NULL),
(891, 'Save', NULL),
(892, 'Sambassoca', NULL),
(893, 'Mutefo', NULL),
(894, 'Mavende', NULL),
(895, 'Bassane', NULL),
(896, 'Nguala', NULL),
(897, 'Nhamagua', NULL),
(898, 'Mussangadzi', NULL),
(899, 'Macossa - Sede', NULL),
(900, 'Dunda', NULL),
(901, 'Pungué Sul', NULL),
(902, 'Nhamaxato', NULL),
(903, 'Penhalonga', NULL),
(904, 'Zonué-Tabaco', NULL),
(905, 'Guindingui', NULL),
(906, 'Machipanda', NULL),
(907, 'Vandúzi', NULL),
(908, 'Chinhambúzi', NULL),
(909, 'Manica', NULL),
(910, 'Messica', NULL),
(911, 'Chigodole', NULL),
(912, 'Chitunga', NULL),
(913, 'Jecua Missão', NULL),
(914, 'Mavonde', NULL),
(915, 'Mundonguara', NULL),
(916, 'Munene', NULL),
(917, 'Chicamba', NULL),
(918, 'Chazuca', NULL),
(919, '4 Congresso', NULL),
(920, 'Chinhagore', NULL),
(921, 'Dengalenga ', NULL),
(922, 'Espungabera', NULL),
(923, 'Chiuraurue', NULL),
(924, 'Dacata', NULL),
(925, 'Mude', NULL),
(926, 'Mupengo', NULL),
(927, 'Macuo', NULL),
(928, 'Gunhe', NULL),
(929, 'Chaíva', NULL),
(930, 'Garágua', NULL),
(931, 'Mavúzi', NULL),
(932, 'Matarara', NULL),
(933, 'Munhinga', NULL),
(934, 'Nhambamba', NULL),
(935, 'Dombe', NULL),
(936, 'Sembezeia', NULL),
(937, 'Sussundenga Sede', NULL),
(938, 'Rotanda', NULL),
(939, 'Bunga', NULL),
(940, 'Darue', NULL),
(941, 'Sabeta', NULL),
(942, 'Nhacalapo', NULL),
(943, 'Nhacolo', NULL),
(944, 'Nhacafula', NULL),
(945, 'Búzua', NULL),
(946, 'Campange', NULL),
(947, 'Nhangau', NULL),
(948, 'Ponta Gêa', NULL),
(949, 'Beira', NULL),
(950, 'Manga Loforte', NULL),
(951, 'Marrocanhe', NULL),
(952, 'Munhava', NULL),
(953, 'Chingussura', NULL),
(954, 'Cerâmica', NULL),
(955, 'Manga Nhaconjo', NULL),
(956, 'Chamba', NULL),
(957, 'Matadouro', NULL),
(958, 'Manga Mascarenha', NULL),
(959, 'Macurungo', NULL),
(960, 'Chota', NULL),
(961, 'Guenge', NULL),
(962, 'Marongamisse', NULL),
(963, 'Guara-Guara', NULL),
(964, 'Muchenessa', NULL),
(965, 'Maxemedje', NULL),
(966, 'Buine', NULL),
(967, 'Danga', NULL),
(968, 'Begaja', NULL),
(969, 'Bue Ii', NULL),
(970, 'Lusalite', NULL),
(971, 'Grudja', NULL),
(972, 'Bura', NULL),
(973, 'Barada', NULL),
(974, 'Inhamichindo', NULL),
(975, 'Ampara', NULL),
(976, 'Bândua', NULL),
(977, 'Hosp. Rural Buzi', NULL),
(978, 'Inharongue', NULL),
(979, 'Marombe', NULL),
(980, 'Rio Buzi', NULL),
(981, 'Estaquinha', NULL),
(982, 'Chissinguana', NULL),
(983, 'Chicoio', NULL),
(984, 'Chitanda', NULL),
(985, 'Bupira', NULL),
(986, 'Inhavininga', NULL),
(987, 'Chicuecue Ii', NULL),
(988, 'Mararanhe', NULL),
(989, 'Thungo', NULL),
(990, 'Mucaranga', NULL),
(991, 'Nova Sofala', NULL),
(992, 'Nhamatunguro', NULL),
(993, 'Chatala', NULL),
(994, 'Ndoro', NULL),
(995, 'Deve', NULL),
(996, 'Ntopa', NULL),
(997, 'Murraça', NULL),
(998, 'Murrema', NULL),
(999, 'Hosp. Distrital Caia', NULL),
(1000, 'Kapassene', NULL),
(1001, 'Daf - Nhambalo', NULL),
(1002, 'Licoma', NULL),
(1003, 'Sombreiro', NULL),
(1004, 'Chipuazo', NULL),
(1005, 'Chipende', NULL),
(1006, 'Phazo', NULL),
(1007, 'Sena', NULL),
(1008, 'Randinho', NULL),
(1009, 'Nhamatanda', NULL),
(1010, 'Ps Amílcar Cabral', NULL),
(1011, 'Senhambuzua', NULL),
(1012, 'Ndango', NULL),
(1013, 'Cado', NULL),
(1014, 'Quarenta', NULL),
(1015, 'Capanga', NULL),
(1016, 'Chemba-Sede', NULL),
(1017, 'Nhandula', NULL),
(1018, 'Catele', NULL),
(1019, 'Macanga', NULL),
(1020, 'Correia', NULL),
(1021, 'Catulene', NULL),
(1022, '3 Fevereiro', NULL),
(1023, 'Chiramba', NULL),
(1024, 'Mulima', NULL),
(1025, 'Goe', NULL),
(1026, 'Chite', NULL),
(1027, 'Nangue', NULL),
(1028, 'Inhamitanga', NULL),
(1029, 'Pungué', NULL),
(1030, 'Mazamba', NULL),
(1031, 'Nhataca', NULL),
(1032, 'Inhaminga', NULL),
(1033, 'Maciamboza', NULL),
(1034, 'Nhango', NULL),
(1035, 'Muligue', NULL),
(1036, 'Panja', NULL),
(1037, 'Tronga', NULL),
(1038, 'Revue', NULL),
(1039, 'Mucheve', NULL),
(1040, 'Mangunde', NULL),
(1041, 'Goonda', NULL),
(1042, 'Maxiquiri', NULL),
(1043, 'Geromo', NULL),
(1044, 'Esperança Berta Zove', NULL),
(1045, 'Zove', NULL),
(1046, 'G. Madjaca', NULL),
(1047, 'Chinhica', NULL),
(1048, 'Chibabava- Sede', NULL),
(1049, 'Mutindire', NULL),
(1050, 'Hospital De Muxungue', NULL),
(1051, 'Hoode', NULL),
(1052, 'Sengo', NULL),
(1053, 'Bloco 9', NULL),
(1054, 'Igreja Baptista', NULL),
(1055, 'Chibuabuabua', NULL),
(1056, 'Mafambisse', NULL),
(1057, 'Canhandula', NULL),
(1058, 'Samora Machel', NULL),
(1059, 'Chinamacondo', NULL),
(1060, 'Savane', NULL),
(1061, 'Nhamainga', NULL),
(1062, 'Mutua', NULL),
(1063, 'Maxarote', NULL),
(1064, 'Luzalite', NULL),
(1065, 'Dondo ', NULL),
(1066, 'Samora Machel', NULL),
(1067, 'Chitengo', NULL),
(1068, 'Piro', NULL),
(1069, 'Cudzo', NULL),
(1070, 'Casa Banana', NULL),
(1071, 'Nhataca', NULL),
(1072, 'Mucodza', NULL),
(1073, 'Púnguè', NULL),
(1074, 'Nhambirira', NULL),
(1075, 'Gorongosa Sede', NULL),
(1076, 'Tazaronda', NULL),
(1077, 'C. Educacional', NULL),
(1078, 'Muera', NULL),
(1079, 'Tsiquiri', NULL),
(1080, 'Nhamissongora', NULL),
(1081, 'Canda', NULL),
(1082, 'Domba', NULL),
(1083, 'Vunduzi', NULL),
(1084, 'Inharingue', NULL),
(1085, 'Zimuala', NULL),
(1086, 'Nhamachire', NULL),
(1087, 'Machanga (Sede)', NULL),
(1088, 'Buene', NULL),
(1089, 'Maropanhe', NULL),
(1090, 'Beiapeia', NULL),
(1091, 'Javane', NULL),
(1092, 'Chiloane', NULL),
(1093, 'Chinhuque', NULL),
(1094, 'Divinhe', NULL),
(1095, 'Nhamacala', NULL),
(1096, 'Subue', NULL),
(1097, 'Senga Senga', NULL),
(1098, 'Maringué-Sede', NULL),
(1099, 'Canxixe', NULL),
(1100, 'Gumbalatsai', NULL),
(1101, 'Phango', NULL),
(1102, 'Miguguni', NULL),
(1103, 'Bauaze', NULL),
(1104, 'Milambe', NULL),
(1105, 'Pambane', NULL),
(1106, 'Nhamijale', NULL),
(1107, 'Chibulibuli', NULL),
(1108, 'Ilha Inglese', NULL),
(1109, 'Nensa', NULL),
(1110, 'Safrique', NULL),
(1111, 'Chupanga', NULL),
(1112, 'Unidade Africana', NULL),
(1113, 'Chueza', NULL),
(1114, 'Kanamua', NULL),
(1115, 'Nhamijale', NULL),
(1116, 'Malingapanse', NULL),
(1117, 'Puade', NULL),
(1118, 'Kúnkué', NULL),
(1119, 'Ermoque', NULL),
(1120, 'Salone Primária', NULL),
(1121, 'Hosp. Rural De Marromeu', NULL),
(1122, 'Maviga', NULL),
(1123, 'Macuere', NULL),
(1124, 'Amambos', NULL),
(1125, 'Ngaze', NULL),
(1126, 'Nhane', NULL),
(1127, 'Sepe', NULL),
(1128, 'Cundue', NULL),
(1129, 'Derunde', NULL),
(1130, 'Nhanssica', NULL),
(1131, 'Bingue', NULL),
(1132, 'Nhangona', NULL),
(1133, 'Sanguze Muana', NULL),
(1134, 'Sanguze-Muana', NULL),
(1135, 'Chenapamimba', NULL),
(1136, 'Gorronga', NULL),
(1137, 'Muanza - Baixa (Pedreira)', NULL),
(1138, 'Muanza - Sede', NULL),
(1139, 'Nhambudo', NULL),
(1140, 'Nhansato', NULL),
(1141, 'Wirikizi', NULL),
(1142, 'Tambane', NULL),
(1143, 'Nsituculo', NULL),
(1144, 'Inhambize', NULL),
(1145, 'Nquezane', NULL),
(1146, 'Galinha', NULL),
(1147, 'Tambane', NULL),
(1148, 'Nhamudima', NULL),
(1149, 'Derunde Linha', NULL),
(1150, 'Mussapassua', NULL),
(1151, 'Chicandamina', NULL),
(1152, 'Zangala', NULL),
(1153, 'Nhambize', NULL),
(1154, 'Derunde Oliveira', NULL),
(1155, 'Nhafungo', NULL),
(1156, 'Zagala', NULL),
(1157, 'Jasse Manguena', NULL),
(1158, 'Jhon Segredo', NULL),
(1159, 'Nharuchonga', NULL),
(1160, 'Siluvo', NULL),
(1161, 'Macorococho', NULL),
(1162, 'Hosp. Rural De Nhamatanda', NULL),
(1163, 'Tica', NULL),
(1164, 'Nhampoca', NULL),
(1165, 'Chiadeia', NULL),
(1166, 'Siluvo Pedreira', NULL),
(1167, 'Mucharuane', NULL),
(1168, 'Metuchira Ermoc', NULL),
(1169, 'Puazi', NULL),
(1170, 'Vinho', NULL),
(1171, 'Mecuzi - Puazi', NULL),
(1172, 'Mbibiri', NULL),
(1173, 'Mutondo', NULL),
(1174, 'Muda', NULL),
(1175, 'Metuchira Lomaco', NULL),
(1176, 'Lamego', NULL),
(1177, 'Jasse', NULL),
(1178, 'Chiro', NULL),
(1179, 'Salela', NULL),
(1180, 'Mucucune', NULL),
(1181, 'Ilha De Inhambane', NULL),
(1182, 'Cruzamento', NULL),
(1183, 'Conguiana', NULL),
(1184, 'Guiúa', NULL),
(1185, 'Balane (Urbano)', NULL),
(1186, 'Inhambane', NULL),
(1187, 'Muéle', NULL),
(1188, 'Tomé', NULL),
(1189, 'Manhiça', NULL),
(1190, 'Mavume', NULL),
(1191, 'Funhalouro', NULL),
(1192, 'Tsenane', NULL),
(1193, 'Save', NULL),
(1194, 'Luido', NULL),
(1195, 'Maluvane', NULL),
(1196, 'Nova Mambone', NULL),
(1197, 'Pande', NULL),
(1198, 'Doane', NULL),
(1199, 'Jofane', NULL),
(1200, 'Benhane', NULL),
(1201, 'Inhamussua', NULL),
(1202, 'Maxamale', NULL),
(1203, 'Madumo', NULL),
(1204, 'Quengue', NULL),
(1205, 'Marrengo', NULL),
(1206, 'Maganda', NULL),
(1207, 'Maiace', NULL),
(1208, 'Mafuiane', NULL),
(1209, 'Chinjinguir', NULL),
(1210, 'Homoine', NULL),
(1211, 'Pembe', NULL),
(1212, 'Inhamangua', NULL),
(1213, 'Nhapadiane', NULL),
(1214, 'Coguno', NULL),
(1215, 'Mocumbi', NULL),
(1216, 'Mejoôte', NULL),
(1217, 'Inharrime', NULL),
(1218, 'Inhamachafo', NULL),
(1219, 'Chacane', NULL),
(1220, 'Chongola', NULL),
(1221, 'Sihane', NULL),
(1222, 'Mafassane', NULL),
(1223, 'Inhassoro', NULL),
(1224, 'Macovane', NULL),
(1225, 'Bazaruto', NULL),
(1226, 'Mangungumete', NULL),
(1227, 'Cometela', NULL),
(1228, 'Nhapele', NULL),
(1229, 'Ligogo', NULL),
(1230, 'Cumbana', NULL),
(1231, 'Jangamo', NULL),
(1232, 'Mutamba', NULL),
(1233, 'Nhancoja', NULL),
(1234, 'Ravene', NULL),
(1235, 'Massavane', NULL),
(1236, 'Mabote', NULL),
(1237, 'Maculuve', NULL),
(1238, 'Tanguane', NULL),
(1239, 'Zimane', NULL),
(1240, 'Mussengue', NULL),
(1241, 'Papatane', NULL),
(1242, 'Massinga', NULL),
(1243, 'Muvamba', NULL),
(1244, 'Mangonha', NULL),
(1245, 'Cangela', NULL),
(1246, 'Balata', NULL),
(1247, 'Massinga-H.Distrital', NULL),
(1248, 'Rio Das Pedras', NULL),
(1249, 'Murie', NULL),
(1250, 'Nhachengue', NULL),
(1251, 'Inhaloi', NULL),
(1252, 'Muchungo', NULL),
(1253, 'Chituane', NULL),
(1254, 'Chicomo', NULL),
(1255, 'Chihunze', NULL),
(1256, 'Agostinho Neto', NULL),
(1257, 'Mabil', NULL),
(1258, 'Chicuque', NULL),
(1259, 'Maxixe', NULL),
(1260, 'Bembe', NULL),
(1261, 'Dambo', NULL),
(1262, 'Teles', NULL),
(1263, 'Cuguana', NULL),
(1264, 'Macuamene', NULL),
(1265, 'Manhala', NULL),
(1266, 'Chicuque', NULL),
(1267, 'Tinga-Tinga', NULL),
(1268, 'Barrane', NULL),
(1269, 'Mocodoene', NULL),
(1270, 'Matacalane', NULL),
(1271, 'Maivene', NULL),
(1272, 'Sitila', NULL),
(1273, 'Mahangue', NULL),
(1274, 'Magumbo', NULL),
(1275, 'Cambine', NULL),
(1276, 'Gotite', NULL),
(1277, 'Morrumbene', NULL),
(1278, 'Jojo', NULL),
(1279, 'Inhassune', NULL),
(1280, 'Massalane', NULL),
(1281, 'Mawayela', NULL),
(1282, 'Panda', NULL),
(1283, 'Vilanculos Hr/G', NULL),
(1284, 'Chibuene', NULL),
(1285, 'Quewene', NULL),
(1286, 'Muabsa', NULL),
(1287, 'Vilanculos-Sede', NULL),
(1288, 'Machaniça', NULL),
(1289, 'Pambarra', NULL),
(1290, 'Belane', NULL),
(1291, 'Mapinhane', NULL),
(1292, 'Macunhe', NULL),
(1293, 'Guilundo', NULL),
(1294, 'Banguza', NULL),
(1295, 'Cala', NULL),
(1296, 'Maundene', NULL),
(1297, 'Zandamela', NULL),
(1298, 'Quissico', NULL),
(1299, 'Chipole', NULL),
(1300, 'Mavila', NULL),
(1301, 'Muane', NULL),
(1302, 'Canda', NULL),
(1303, 'Maculuva', NULL),
(1304, 'Hospital De Quissico', NULL),
(1305, 'Xai Xai', NULL),
(1306, 'Marien Nguabi', NULL),
(1307, 'Cidade De Xai-Xai', NULL),
(1308, 'Patrice Lumumba', NULL),
(1309, 'Praia', NULL),
(1310, 'Marien Nguabi', NULL),
(1311, 'Macia', NULL),
(1312, 'Praia De Bilene', NULL),
(1313, 'Mamonho', NULL),
(1314, 'Chissano', NULL),
(1315, 'Incaia', NULL),
(1316, 'Licilo', NULL),
(1317, 'Mazivila', NULL),
(1318, 'Messano', NULL),
(1319, 'Olombe', NULL),
(1320, 'Tuane', NULL),
(1321, 'Mangol', NULL),
(1322, 'Maqueze', NULL),
(1323, 'Chibuto Hr', NULL),
(1324, 'Cidade Chibuto', NULL),
(1325, 'Alto Changane', NULL),
(1326, 'Chipadja', NULL),
(1327, 'Malehice', NULL),
(1328, 'Muxaxane', NULL),
(1329, 'Maivene', NULL),
(1330, 'Chaimite', NULL),
(1331, 'Chimundo', NULL),
(1332, 'Vila Do Milénio', NULL),
(1333, 'Nwavaquene', NULL),
(1334, 'Celula Mussavene', NULL),
(1335, 'Coca Missava', NULL),
(1336, 'Mukhotwene', NULL),
(1337, 'Changanine', NULL),
(1338, 'Meboi', NULL),
(1339, 'Chidulo', NULL),
(1340, 'Mahatlane', NULL),
(1341, 'Mapai', NULL),
(1342, 'Mapai-Ngala', NULL),
(1343, 'Mepuzi', NULL),
(1344, 'Pafuri', NULL),
(1345, 'Litlatla', NULL),
(1346, 'Chicualacuala', NULL),
(1347, 'Chigubo', NULL),
(1348, 'Zinhane', NULL),
(1349, 'Ndindiza', NULL),
(1350, 'Machaila', NULL),
(1351, 'Cubo', NULL),
(1352, 'Nhanale', NULL),
(1353, 'Manjangue', NULL),
(1354, 'Malhazine', NULL),
(1355, 'Chokwe', NULL),
(1356, 'Cidade De Chokwe', NULL),
(1357, 'Muianga', NULL),
(1358, 'Mapapa', NULL),
(1359, 'Wachicoluane', NULL),
(1360, 'Tlawene', NULL),
(1361, 'Machua', NULL),
(1362, 'Carmelo', NULL),
(1363, 'Bairro', NULL),
(1364, 'Cumba', NULL),
(1365, 'Chalucuane', NULL),
(1366, 'Hokwe', NULL),
(1367, 'Conhane', NULL),
(1368, 'Chiaquelane', NULL),
(1369, 'Xilembene', NULL),
(1370, 'Lionde', NULL),
(1371, '25 De Setembro', NULL),
(1372, 'Massavasse', NULL),
(1373, 'Barragem', NULL),
(1374, 'Guija', NULL),
(1375, 'Nalazi', NULL),
(1376, 'Chibabel', NULL),
(1377, 'Chimbembe', NULL),
(1378, 'Chinhacanine', NULL),
(1379, 'Chivonguene', NULL),
(1380, 'Mpelane', NULL),
(1381, 'Mbalavala', NULL),
(1382, 'Mubanguene', NULL),
(1383, 'Macarale', NULL),
(1384, 'Mabalane', NULL),
(1385, 'Combomune', NULL),
(1386, 'Mabomo', NULL),
(1387, 'Nhimbainwe B', NULL),
(1388, 'Tsocate', NULL),
(1389, 'Pfukwe', NULL),
(1390, 'Mandlakazi', NULL),
(1391, 'Chidenguele', NULL),
(1392, 'Dengoine', NULL),
(1393, 'Betula', NULL),
(1394, 'Mussavelene', NULL),
(1395, 'Banguene', NULL),
(1396, 'Chibondzane', NULL),
(1397, 'Macuacua', NULL),
(1398, 'Macupulane', NULL),
(1399, 'Mangunze', NULL),
(1400, 'Manhique', NULL),
(1401, 'Muzamane', NULL),
(1402, 'Cucuine', NULL),
(1403, 'Matsinhane', NULL),
(1404, 'Mausse', NULL),
(1405, 'Laranjeiras', NULL),
(1406, 'Tavane', NULL),
(1407, 'Chicavane', NULL),
(1408, 'Incadine', NULL),
(1409, 'Macasselane', NULL),
(1410, 'Mandlakazi Cs', NULL),
(1411, 'Massangena', NULL),
(1412, 'Mucambene', NULL),
(1413, 'Mavue', NULL),
(1414, 'Massingir', NULL),
(1415, 'Zulu', NULL),
(1416, 'Chibotane', NULL),
(1417, 'Cubo', NULL),
(1418, 'Machamba', NULL),
(1419, 'Mavodze', NULL),
(1420, 'Mucatine', NULL),
(1421, 'Macaringue', NULL),
(1422, 'Chicumbane Hr', NULL),
(1423, 'Banhine', NULL),
(1424, 'Chilaulene', NULL),
(1425, 'Chipenhe', NULL),
(1426, 'Chongoene', NULL),
(1427, 'Nhacutse', NULL),
(1428, 'Julius Nyerere', NULL),
(1429, 'Maciene', NULL),
(1430, 'Siaia', NULL),
(1431, 'Zongoene', NULL),
(1432, 'Vladimir Lenine', NULL),
(1433, 'Nhamavila', NULL),
(1434, 'Bungane', NULL),
(1435, 'Zimilene', NULL),
(1436, 'Ndambine 2000', NULL),
(1437, 'Machava', NULL),
(1438, 'Zona Verde', NULL),
(1439, 'Dzovo', NULL),
(1440, 'Bo-Machava', NULL),
(1441, 'Cimentos', NULL),
(1442, 'H. Geral Machava ', NULL),
(1443, 'Clinica Da Matola', NULL),
(1444, 'Hanhane', NULL),
(1445, 'Unidade A', NULL),
(1446, 'Fomento', NULL),
(1447, 'Clinica Da Liberdade', NULL),
(1448, 'Cadeia Central', NULL),
(1449, 'Muhalaze', NULL),
(1450, 'Policia', NULL),
(1451, 'Bedene', NULL),
(1452, 'Tsalala', NULL),
(1453, 'Matola', NULL),
(1454, 'Matola Gare', NULL),
(1455, 'Ndlavela', NULL),
(1456, 'Liberdade', NULL),
(1457, 'Boquisso', NULL),
(1458, 'T.3', NULL),
(1459, 'Km-25', NULL),
(1460, 'Khongolote', NULL),
(1461, 'Mapinhane', NULL),
(1462, 'Matola Ii', NULL),
(1463, 'Machava I', NULL),
(1464, 'Boane', NULL),
(1465, 'Massaca', NULL),
(1466, 'Beleluane', NULL),
(1467, 'Radio Marconi', NULL),
(1468, 'Matola-Rio', NULL),
(1469, 'Pequenos Libombos', NULL),
(1470, 'Casa Gaiato', NULL),
(1471, 'Água De Maputo', NULL),
(1472, 'Picoco', NULL),
(1473, 'Mulotana', NULL),
(1474, 'Campuane', NULL),
(1475, 'Mahubo', NULL),
(1476, 'Antigos Combatentes', NULL),
(1477, 'Magude', NULL),
(1478, 'Panjane', NULL),
(1479, 'Mahel', NULL),
(1480, 'Mapulanguene', NULL),
(1481, 'Chicutso', NULL),
(1482, 'Moine', NULL),
(1483, 'Motaze', NULL),
(1484, 'Chobela', NULL),
(1485, 'Timanguene', NULL),
(1486, 'Mazimuchope', NULL),
(1487, 'Xinavane', NULL),
(1488, 'Maluana', NULL),
(1489, 'Taninga', NULL),
(1490, 'Munguine', NULL),
(1491, 'Hospital De Xinavane ', NULL),
(1492, 'Malavela', NULL),
(1493, 'Manhiça', NULL),
(1494, 'Chibututuine', NULL),
(1495, 'Chibucutso', NULL),
(1496, 'Mirona', NULL),
(1497, '3 De Fevereiro', NULL),
(1498, 'Ilha Josina', NULL),
(1499, 'Nwamatibjana', NULL),
(1500, 'Maragra', NULL),
(1501, 'Calanga', NULL),
(1502, 'Mirrone', NULL),
(1503, 'Nhongonhane (Ed.Mondl.)', NULL),
(1504, 'Mumemo', NULL),
(1505, 'Matalane', NULL),
(1506, 'Michafutane', NULL),
(1507, 'Ricatla', NULL),
(1508, 'Marracuene', NULL),
(1509, 'Machubo', NULL),
(1510, 'Mali', NULL),
(1511, 'Bobole', NULL),
(1512, 'Samora Machel', NULL),
(1513, 'Catuane', NULL),
(1514, 'Mabilibili', NULL),
(1515, 'Ponta Do Ouro', NULL),
(1516, 'Salamanga', NULL),
(1517, 'Zitundo', NULL),
(1518, 'Hindane', NULL),
(1519, 'Gueveza', NULL),
(1520, 'Matutuine', NULL),
(1521, 'Mungazine', NULL),
(1522, 'Ndelane', NULL),
(1523, 'Santa Maria', NULL),
(1524, 'Manhangane', NULL),
(1525, 'Nsine', NULL),
(1526, 'Machangulo', NULL),
(1527, 'Inonganine', NULL),
(1528, 'Manhangane', NULL),
(1529, 'Corrumane', NULL),
(1530, 'Chanculo', NULL),
(1531, 'Chinhanguanine', NULL),
(1532, 'Mahulane', NULL),
(1533, 'Pessene', NULL),
(1534, 'Tenga', NULL),
(1535, 'Sabié', NULL),
(1536, 'Ressano Garcia', NULL),
(1537, 'Moamba', NULL),
(1538, 'Mafuiane', NULL),
(1539, 'Namaacha', NULL),
(1540, 'Changalane', NULL),
(1541, 'Goba', NULL),
(1542, 'Mahelane', NULL),
(1543, 'Dibinduane', NULL),
(1544, 'Kulula', NULL),
(1545, 'Radio Tecnica', NULL),
(1546, 'Odete Mechisso', NULL),
(1547, 'H. Central De Maputo', NULL),
(1548, 'Maxaquene', NULL),
(1549, 'Alto Maé', NULL),
(1550, 'Nº 2 Tribunal', NULL),
(1551, 'Porto', NULL),
(1552, 'Polana Cimento', NULL),
(1553, 'Malhangalene', NULL),
(1554, 'H. Militar', NULL),
(1555, 'Nº 14', NULL),
(1556, 'Chamanculo', NULL),
(1557, 'Chamanculo', NULL),
(1558, 'Xipamanine', NULL),
(1559, 'J.Macamo', NULL),
(1560, 'J.Macamo', NULL),
(1561, '1 De Maio', NULL),
(1562, 'Polana Caniço', NULL),
(1563, '1 De Junho', NULL),
(1564, 'Mavalane', NULL),
(1565, 'Albazine', NULL),
(1566, 'Pescadores', NULL),
(1567, 'Hulene', NULL),
(1568, 'Chiango', NULL),
(1569, 'Romão', NULL),
(1570, 'Mavalane', NULL),
(1571, 'Magoanine Mini Centro', NULL),
(1572, 'Zimpeto', NULL),
(1573, 'Bagamoio', NULL),
(1574, 'Infulene', NULL),
(1575, 'Magoanine Tendas', NULL),
(1576, 'Inhagoia', NULL),
(1577, 'Mutsekua', NULL),
(1578, 'Incassane', NULL),
(1579, 'Catembe', NULL),
(1580, 'Muchina', NULL),
(1581, 'Inhaca', NULL),
(1582, 'Inguane', NULL),
(1583, 'Centro De Saúde Mental Infanto-Juvenil', NULL),
(1584, 'Hospital Psiquiatrico Do Chissui', NULL),
(1585, 'Hospital De Chimoio', NULL),
(1586, 'Hospital Da Matola', NULL),
(1587, 'Matola B', NULL),
(1588, 'Cadeia Civil', NULL),
(1589, 'Benfica', NULL),
(1590, 'Masaka', NULL);

-- --------------------------------------------------------

--
-- Table structure for table `units_coord`
--

CREATE TABLE `units_coord` (
  `id_unit` int(11) NOT NULL,
  `lat` float NOT NULL,
  `lon` float NOT NULL,
  `alt` int(11) DEFAULT NULL,
  PRIMARY KEY (`id_unit`)
) ENGINE=InnoDB DEFAULT CHARSET=utf8;

--
-- Dumping data for table `units_coord`
--

INSERT INTO `units_coord` (`id_unit`, `lat`, `lon`, `alt`) VALUES
(1, -13.2489, 35.1684, NULL),
(2, -13.2901, 35.248, NULL),
(3, -13.2942, 35.2368, NULL),
(4, -13.2817, 35.3028, NULL),
(5, -13.3446, 35.2504, NULL),
(6, -13.2516, 35.2593, NULL),
(7, -13.3213, 35.2518, NULL),
(8, -13.3059, 35.2468, NULL),
(9, -13.3108, 35.2511, NULL),
(10, -14.8001, 36.5338, NULL),
(11, -14.8068, 36.5333, NULL),
(12, -14.8021, 36.5356, NULL),
(13, -14.6511, 36.5689, NULL),
(14, -14.735, 36.435, NULL),
(15, -14.9153, 36.3661, NULL),
(16, -15.0964, 36.6125, NULL),
(17, -15.2428, 36.5022, NULL),
(18, -14.7803, 36.5317, NULL),
(19, -14.7947, 36.8536, NULL),
(20, -14.8014, 36.5331, NULL),
(21, -14.8022, 36.5344, NULL),
(22, -14.5444, 36.6058, NULL),
(23, -14.9831, 36.6164, NULL),
(24, -14.7292, 36.6267, NULL),
(25, -14.8972, 36.5289, NULL),
(26, -14.8097, 36.4944, NULL),
(27, -14.6931, 36.9644, NULL),
(28, -14.8011, 36.5989, NULL),
(29, -11.6156, 34.9613, NULL),
(30, -11.7569, 35.2074, NULL),
(31, -12.9039, 35.0496, NULL),
(32, -12.886, 34.7723, NULL),
(33, -12.6113, 34.8329, NULL),
(34, -12.4239, 34.7164, NULL),
(35, -12.0129, 34.9016, NULL),
(36, -12.6947, 34.8088, NULL),
(37, -12.1402, 34.761, NULL),
(38, -12.7596, 34.9764, NULL),
(39, -12.3356, 34.9507, NULL),
(40, -13.0238, 34.9547, NULL),
(41, -12.4685, 35.0038, NULL),
(42, -13.3167, 35.2333, NULL),
(43, -13.615, 35.2566, NULL),
(44, -13.1918, 35.3146, NULL),
(45, -13.1857, 35.1944, NULL),
(46, -13.2917, 35.4792, NULL),
(47, -13.4216, 34.8726, NULL),
(48, -13.3138, 35.5326, NULL),
(49, -13.3543, 35.4206, NULL),
(50, -13.6332, 35.033, NULL),
(51, -13.3226, 35.2249, NULL),
(52, -13.4745, 35.2806, NULL),
(53, -13.5462, 35.4476, NULL),
(54, -13.2889, 35.0499, NULL),
(55, -13.1818, 35.1871, NULL),
(56, -13.2742, 35.3641, NULL),
(57, -13.3323, 35.5105, NULL),
(58, -13.3212, 35.2244, NULL),
(59, -13.6208, 36.0062, NULL),
(60, -13.5042, 36.4389, NULL),
(61, -12.8474, 36.0649, NULL),
(62, -13.4737, 36.3038, NULL),
(63, -13.3583, 36.0572, NULL),
(64, -13.4753, 36.1213, NULL),
(65, -13.4261, 36.1988, NULL),
(66, -13.3498, 36.7427, NULL),
(67, -14.3536, 35.6486, NULL),
(68, -14.1453, 35.4811, NULL),
(69, -14.3175, 35.8589, NULL),
(70, -14.1269, 35.9372, NULL),
(71, -14.353, 35.651, NULL),
(72, -14.2475, 35.625, NULL),
(73, -14.3764, 35.8919, NULL),
(74, -14.3694, 35.7208, NULL),
(75, -14.3194, 36.2331, NULL),
(76, -13.1978, 37.4989, NULL),
(77, -13.1896, 37.5055, NULL),
(78, -12.7406, 37.7212, NULL),
(79, -13.0906, 37.5982, NULL),
(80, -13.3966, 37.7379, NULL),
(81, -12.8836, 37.689, NULL),
(82, -13.1924, 37.5059, NULL),
(83, -13.1915, 37.5048, NULL),
(84, -13.1899, 37.5052, NULL),
(85, -13.1897, 37.5052, NULL),
(86, -13.19, 37.5057, NULL),
(87, -13.8771, 37.1609, NULL),
(88, -14.1597, 37.4464, NULL),
(89, -13.78, 37.1744, NULL),
(90, -13.6697, 37.3367, NULL),
(91, -14.3103, 37.5625, NULL),
(92, -13.8681, 37.16, NULL),
(93, -13.9287, 37.1393, NULL),
(94, -13.9301, 37.1372, NULL),
(95, -12.5673, 36.2638, NULL),
(96, -12.3705, 36.1173, NULL),
(97, -12.5667, 36.5378, NULL),
(98, -12.48, 36.0606, NULL),
(99, -15.3247, 35.9019, NULL),
(100, -15.4433, 35.9856, NULL),
(101, -15.0303, 36.0267, NULL),
(102, -15.2897, 35.9478, NULL),
(103, -15.105, 35.9575, NULL),
(104, -14.9519, 36.1639, NULL),
(105, -15.2686, 36.0014, NULL),
(106, -14.6508, 35.9372, NULL),
(107, -15.3269, 36.1317, NULL),
(108, -15.2867, 36.3508, NULL),
(109, -15.1947, 35.87, NULL),
(110, -14.9881, 35.8917, NULL),
(111, -11.3392, 38.3067, NULL),
(112, -12.1433, 37.6706, NULL),
(113, -11.7928, 38.0303, NULL),
(114, -12.4586, 37.6614, NULL),
(115, -12.1471, 37.6673, NULL),
(116, -12.1964, 38.015, NULL),
(117, -12.1164, 37.6658, NULL),
(118, -12.1471, 37.6695, NULL),
(119, -12.2775, 37.6611, NULL),
(120, -12.0736, 37.0164, NULL),
(121, -12.1436, 37.6705, NULL),
(122, -14.4628, 36.895, NULL),
(123, -14.3625, 37.2564, NULL),
(124, -14.3933, 36.7344, NULL),
(125, -14.3203, 36.7927, NULL),
(126, -14.2181, 36.9206, NULL),
(127, -14.3322, 36.7967, NULL),
(128, -14.3233, 36.7917, NULL),
(129, -14.3205, 36.793, NULL),
(130, -13.0854, 35.6419, NULL),
(131, -12.949, 35.7464, NULL),
(132, -13.0054, 35.5508, NULL),
(133, -12.8905, 35.7476, NULL),
(134, -13.0897, 35.6445, NULL),
(135, -13.9008, 35.4378, NULL),
(136, -14.0247, 35.3656, NULL),
(137, -13.7772, 35.5294, NULL),
(138, -13.7489, 35.6169, NULL),
(139, -13.7988, 35.6533, NULL),
(140, -13.7631, 35.3108, NULL),
(141, -14.0947, 35.4711, NULL),
(142, -13.8492, 35.2892, NULL),
(143, -13.9714, 37.8933, NULL),
(144, -14.0317, 37.8552, NULL),
(145, -14.0326, 37.8554, NULL),
(146, -13.7906, 37.9356, NULL),
(147, -14.1333, 38.3081, NULL),
(148, -14.0311, 37.8533, NULL),
(149, -14.0319, 37.855, NULL),
(150, -13.0793, 35.2075, NULL),
(151, -12.978, 35.1524, NULL),
(152, -12.9451, 35.4264, NULL),
(153, -13.0403, 35.2933, NULL),
(154, -12.502, 35.4609, NULL),
(155, -12.356, 35.3809, NULL),
(156, -13.0116, 35.1869, NULL),
(157, -12.5939, 35.2705, NULL),
(158, -12.4889, 35.4248, NULL),
(159, -13.1279, 35.1758, NULL),
(160, -12.8777, 35.4115, NULL),
(161, -12.9611, 40.5071, NULL),
(162, -12.9619, 40.5089, NULL),
(163, -13.0225, 40.5656, NULL),
(164, -12.9625, 40.4867, NULL),
(165, -13.0597, 40.525, NULL),
(166, -13.0192, 40.5294, NULL),
(167, -12.9711, 40.5533, NULL),
(168, -12.9631, 40.5172, NULL),
(169, -12.9658, 40.4953, NULL),
(170, -12.9611, 40.5071, NULL),
(171, -12.9732, 40.5178, NULL),
(172, -12.9669, 39.8572, NULL),
(173, -12.9939, 39.4675, NULL),
(174, -13.0917, 39.5931, NULL),
(175, -12.8603, 39.9492, NULL),
(176, -13.0319, 39.5522, NULL),
(177, -13.105, 39.8742, NULL),
(178, -13.3778, 38.3703, NULL),
(179, -13.5469, 38.4244, NULL),
(180, -13.2261, 38.4806, NULL),
(181, -13.2733, 38.6361, NULL),
(182, -13.4286, 38.5947, NULL),
(183, -13.3483, 38.5669, NULL),
(184, -13.3486, 38.5697, NULL),
(185, -13.3509, 38.5764, NULL),
(186, -13.6464, 39.7933, NULL),
(187, -13.5376, 39.7343, NULL),
(188, -13.3294, 40.1008, NULL),
(189, -13.4839, 39.915, NULL),
(190, -13.3594, 40.1936, NULL),
(191, -13.3975, 39.4317, NULL),
(192, -13.5795, 39.7356, NULL),
(193, -13.3728, 39.9681, NULL),
(194, -13.5592, 39.7368, NULL),
(195, -13.3825, 39.7844, NULL),
(196, -12.403, 40.574, NULL),
(197, -12.2045, 40.6049, NULL),
(198, -12.3436, 40.5847, NULL),
(199, -11.9311, 40.1075, NULL),
(200, -12.0433, 40.1453, NULL),
(201, -12.0572, 40.136, NULL),
(202, -12.0463, 40.1443, NULL),
(203, -12.0435, 40.145, NULL),
(204, -12.0434, 40.1451, NULL),
(205, -12.0433, 40.1453, NULL),
(206, -12.0435, 40.1451, NULL),
(207, -12.0433, 40.1452, NULL),
(208, -13.2908, 40.5556, NULL),
(209, -13.1302, 40.5503, NULL),
(210, -13.4164, 40.5267, NULL),
(211, -12.5403, 39.6408, NULL),
(212, -12.4589, 40.0292, NULL),
(213, -12.2775, 39.6644, NULL),
(214, -12.5151, 39.5692, NULL),
(215, -12.3964, 40.1075, NULL),
(216, -11.6269, 40.1778, NULL),
(217, -11.3536, 40.3522, NULL),
(218, -11.5358, 39.9367, NULL),
(219, -11.2308, 40.2728, NULL),
(220, -11.3494, 40.3586, NULL),
(221, -13.1167, 39, NULL),
(222, -12.5511, 39.0019, NULL),
(223, -13.304, 38.9211, NULL),
(224, -13.1167, 39, NULL),
(225, -13.2233, 38.8808, NULL),
(226, -13.1886, 38.7431, NULL),
(227, -13.1311, 39.0356, NULL),
(228, -13.1167, 39, NULL),
(229, -12.9681, 38.8011, NULL),
(230, -13.1272, 38.9986, NULL),
(231, -11.3058, 39.3103, NULL),
(232, -11.2958, 39.4422, NULL),
(233, -11.4253, 38.4897, NULL),
(234, -11.6003, 39.6842, NULL),
(235, -11.8225, 39.4167, NULL),
(236, -11.1153, 39.4739, NULL),
(237, -11.53, 39.7186, NULL),
(238, -11.6628, 39.5536, NULL),
(239, -11.891, 39.7343, NULL),
(240, -11.7794, 39.9006, NULL),
(241, -11.7614, 39.7356, NULL),
(242, -11.76, 39.8053, NULL),
(243, -11.7053, 39.9856, NULL),
(244, -11.8236, 39.8122, NULL),
(245, -13.6881, 38.7753, NULL),
(246, -13.6186, 38.8161, NULL),
(247, -13.9653, 38.8056, NULL),
(248, -13.7094, 38.6006, NULL),
(249, -14.0364, 38.6767, NULL),
(250, -13.83, 39.1228, NULL),
(251, -13.4744, 39.1742, NULL),
(252, -11.153, 39.7343, NULL),
(253, -11.4267, 39.7414, NULL),
(254, -11.3864, 39.595, NULL),
(255, -11.1834, 39.7358, NULL),
(256, -11.0614, 39.6697, NULL),
(257, -10.8908, 40.0575, NULL),
(258, -10.5928, 40.5078, NULL),
(259, -10.7808, 40.4731, NULL),
(260, -10.965, 40.3558, NULL),
(261, -10.9903, 40.4792, NULL),
(262, -10.8569, 40.5894, NULL),
(263, -12.9347, 40.3497, NULL),
(264, -13.1075, 40.4539, NULL),
(265, -12.9366, 40.3619, NULL),
(266, -12.9343, 40.3484, NULL),
(267, -12.9346, 40.3503, NULL),
(268, -12.4322, 40.4833, NULL),
(269, -12.5236, 40.2553, NULL),
(270, -12.3442, 40.3139, NULL),
(271, -12.5639, 40.2853, NULL),
(272, -12.5958, 40.1522, NULL),
(273, -12.5184, 40.3905, NULL),
(274, -12.38, 40.2642, NULL),
(275, -15.1153, 39.2619, NULL),
(276, -15.1167, 39.2667, NULL),
(277, -15.1114, 39.2536, NULL),
(278, -15.1194, 39.1894, NULL),
(279, -15.1142, 39.2681, NULL),
(280, -15.1078, 39.2581, NULL),
(281, -15.1106, 39.2728, NULL),
(282, -15.123, 39.2702, NULL),
(283, -15.1188, 39.2701, NULL),
(284, -15.1179, 39.269, NULL),
(285, -15.1231, 39.2619, NULL),
(286, -15.1186, 39.2789, NULL),
(287, -15.1172, 39.2677, NULL),
(288, -15.1168, 39.2669, NULL),
(289, -15.1169, 39.2666, NULL),
(290, -16.075, 39.6186, NULL),
(291, -16.244, 39.907, NULL),
(292, -16.0325, 40.1022, NULL),
(293, -16.1914, 39.9286, NULL),
(294, -16.3597, 39.8056, NULL),
(295, -16.2506, 39.6525, NULL),
(296, -15.9953, 39.7375, NULL),
(297, -15.9011, 39.8644, NULL),
(298, -16.2189, 39.8992, NULL),
(299, -16.2294, 39.9078, NULL),
(300, -16.2481, 39.9078, NULL),
(301, -16.3442, 39.92, NULL),
(302, -16.0919, 39.6606, NULL),
(303, -16.3658, 39.75, NULL),
(304, -16.0592, 39.7275, NULL),
(305, -16.1831, 39.6406, NULL),
(306, -15.8703, 39.7428, NULL),
(307, -16.2469, 39.9056, NULL),
(308, -16.244, 39.907, NULL),
(309, -13.9356, 39.9251, NULL),
(310, -13.8999, 39.8167, NULL),
(311, -13.7163, 39.8226, NULL),
(312, -13.8452, 39.5437, NULL),
(313, -13.8886, 39.9046, NULL),
(314, -13.6004, 40.0273, NULL),
(315, -14.0091, 39.6695, NULL),
(316, -13.9815, 39.2316, NULL),
(317, -14.0637, 39.4516, NULL),
(318, -13.8942, 39.7873, NULL),
(319, -15.0151, 40.6502, NULL),
(320, -15.0875, 40.5769, NULL),
(321, -15.0351, 40.687, NULL),
(322, -15.0214, 40.6703, NULL),
(323, -15.0381, 40.7317, NULL),
(324, -14.7167, 37.835, NULL),
(325, -14.3764, 37.7708, NULL),
(326, -14.4664, 38.0631, NULL),
(327, -14.225, 38.3219, NULL),
(328, -14.1775, 38.5994, NULL),
(329, -14.8855, 37.7723, NULL),
(330, -14.9578, 37.4069, NULL),
(331, -14.85, 37.0042, NULL),
(332, -14.6817, 37.4592, NULL),
(333, -14.8925, 37.7706, NULL),
(334, -15.0286, 37.5142, NULL),
(335, -14.8698, 37.4997, NULL),
(336, -14.9375, 37.1767, NULL),
(337, -14.9692, 39.8853, NULL),
(338, -14.9289, 40.0019, NULL),
(339, -15.4694, 39.6273, NULL),
(340, -15.0083, 39.6809, NULL),
(341, -15.4878, 39.4728, NULL),
(342, -15.4997, 39.3339, NULL),
(343, -14.9889, 39.8458, NULL),
(344, -14.9394, 38.6897, NULL),
(345, -14.5989, 38.7952, NULL),
(346, -14.6414, 39.105, NULL),
(347, -14.025, 39.0306, NULL),
(348, -14.1723, 38.74, NULL),
(349, -14.5211, 38.8958, NULL),
(350, -14.1667, 39.1711, NULL),
(351, -14.8164, 38.9658, NULL),
(352, -14.2414, 39.0044, NULL),
(353, -14.927, 38.6633, NULL),
(354, -14.3709, 38.8067, NULL),
(355, -14.2352, 39.2703, NULL),
(356, -14.6586, 38.888, NULL),
(357, -14.1336, 40.1489, NULL),
(358, -14.2118, 40.7085, NULL),
(359, -14.1814, 40.2759, NULL),
(360, -13.7669, 40.2958, NULL),
(361, -14.3266, 40.5282, NULL),
(362, -14.0194, 40.3456, NULL),
(363, -13.5383, 40.5034, NULL),
(364, -14.3513, 40.4417, NULL),
(365, -14.1796, 40.5249, NULL),
(366, -13.9286, 40.5963, NULL),
(367, -14.183, 40.526, NULL),
(368, -15.3003, 39.8703, NULL),
(369, -15.7533, 39.9905, NULL),
(370, -15.6605, 40.1453, NULL),
(371, -15.5478, 40.4161, NULL),
(372, -15.2872, 40.1139, NULL),
(373, -15.825, 40.2256, NULL),
(374, -15.5686, 40.4089, NULL),
(375, -15.7088, 40.1253, NULL),
(376, -15.1597, 40.198, NULL),
(377, -15.6888, 40.1392, NULL),
(378, -15.6711, 39.46, NULL),
(379, -15.9647, 39.5117, NULL),
(380, -15.7195, 39.6936, NULL),
(381, -15.8352, 38.9725, NULL),
(382, -15.6239, 39.1019, NULL),
(383, -15.7089, 39.3378, NULL),
(384, -15.8833, 39.0714, NULL),
(385, -16.4072, 39.0364, NULL),
(386, -16.7625, 39.2228, NULL),
(387, -16.0914, 39.1581, NULL),
(388, -16.7111, 39.3189, NULL),
(389, -16.4802, 39.7174, NULL),
(390, -16.4781, 39.715, NULL),
(391, -16.4139, 39.4278, NULL),
(392, -16.6392, 39.4961, NULL),
(393, -16.5639, 39.0775, NULL),
(394, -16.4256, 39.2197, NULL),
(395, -16.4009, 39.2376, NULL),
(396, -16.401, 39.2373, NULL),
(397, -16.8686, 39.1372, NULL),
(398, -16.4913, 39.2242, NULL),
(399, -16.4236, 39.2418, NULL),
(400, -14.8035, 40.2271, NULL),
(401, -14.7186, 40.3341, NULL),
(402, -14.9153, 40.2286, NULL),
(403, -14.7467, 39.9767, NULL),
(404, -14.9206, 40.2986, NULL),
(405, -14.7402, 39.9178, NULL),
(406, -14.6658, 39.8441, NULL),
(407, -14.727, 40.0703, NULL),
(408, -14.9745, 40.0964, NULL),
(409, -14.8558, 40.0853, NULL),
(410, -14.8075, 40.2811, NULL),
(411, -14.5547, 40.3005, NULL),
(412, -14.9097, 40.3333, NULL),
(413, -14.7812, 40.0986, NULL),
(414, -14.7756, 40.7295, NULL),
(415, -14.9906, 40.7395, NULL),
(416, -14.9525, 40.74, NULL),
(417, -14.8633, 40.7675, NULL),
(418, -14.7859, 40.5809, NULL),
(419, -15.1923, 40.3597, NULL),
(420, -15.1881, 40.52, NULL),
(421, -14.9525, 40.6656, NULL),
(422, -14.8865, 40.5534, NULL),
(423, -14.9511, 40.5308, NULL),
(424, -14.3749, 39.4147, NULL),
(425, -14.8725, 39.6378, NULL),
(426, -14.5775, 39.5761, NULL),
(427, -14.5818, 39.7408, NULL),
(428, -14.7657, 39.7885, NULL),
(429, -14.9049, 39.3235, NULL),
(430, -14.5803, 39.378, NULL),
(431, -14.4319, 39.3945, NULL),
(432, -14.9423, 39.4154, NULL),
(433, -15.4209, 38.7919, NULL),
(434, -15.4583, 38.6773, NULL),
(435, -15.2042, 38.6911, NULL),
(436, -15.3455, 38.8911, NULL),
(437, -15.5866, 38.5748, NULL),
(438, -15.6011, 38.7352, NULL),
(439, -14.6611, 40.68, NULL),
(440, -14.489, 40.7361, NULL),
(441, -14.5096, 40.7495, NULL),
(442, -14.4922, 40.7067, NULL),
(443, -14.5026, 40.7411, NULL),
(444, -14.5514, 40.6722, NULL),
(445, -14.4731, 40.7006, NULL),
(446, -14.5225, 40.7867, NULL),
(447, -14.5586, 40.7, NULL),
(448, -14.4924, 40.7324, NULL),
(449, -14.5106, 40.6817, NULL),
(450, -14.4909, 40.7336, NULL),
(451, -14.4893, 40.7366, NULL),
(452, -14.5834, 40.5027, NULL),
(453, -14.7275, 40.5369, NULL),
(454, -14.6114, 40.6094, NULL),
(455, -14.4686, 40.6219, NULL),
(456, -14.4572, 40.3719, NULL),
(457, -14.5511, 40.6216, NULL),
(458, -14.3695, 39.9231, NULL),
(459, -14.3907, 40.079, NULL),
(460, -14.3002, 39.7509, NULL),
(461, -14.3093, 39.6523, NULL),
(462, -14.4218, 39.9247, NULL),
(463, -14.4891, 40.7361, NULL),
(464, -15.2544, 39.2483, NULL),
(465, -14.9997, 39.345, NULL),
(466, -14.975, 38.8156, NULL),
(467, -15.2306, 38.9742, NULL),
(468, -15.2286, 39.1183, NULL),
(469, -15.375, 39.0344, NULL),
(470, -15.2036, 39.3881, NULL),
(471, -15.1736, 39.4631, NULL),
(472, -14.9972, 38.9519, NULL),
(473, -15.1383, 39.0358, NULL),
(474, -15.2744, 39.0411, NULL),
(475, -15.0994, 39.4244, NULL),
(476, -15.0142, 39.1289, NULL),
(477, -15.3297, 39.1519, NULL),
(478, -15.3367, 39.34, NULL),
(479, -14.9828, 38.0714, NULL),
(480, -15.1011, 38.23, NULL),
(481, -14.993, 38.2695, NULL),
(482, -15.0036, 37.7633, NULL),
(483, -15.0411, 38.3389, NULL),
(484, -14.7947, 38.3706, NULL),
(485, -15.0033, 38.5103, NULL),
(486, -14.9464, 38.3209, NULL),
(487, -15.0289, 38.0477, NULL),
(488, -17.8878, 36.9156, NULL),
(489, -17.8675, 36.9239, NULL),
(490, -17.8192, 36.9466, NULL),
(491, -17.8786, 36.8883, NULL),
(492, -17.8803, 36.8916, NULL),
(493, -17.8611, 36.9081, NULL),
(494, -17.8469, 36.9006, NULL),
(495, -17.8763, 36.8872, NULL),
(496, -17.8762, 36.8883, NULL),
(497, -17.8753, 36.8811, NULL),
(498, -17.8617, 36.8955, NULL),
(499, -17.8822, 36.8872, NULL),
(500, -15.7069, 37.6417, NULL),
(501, -15.6268, 37.7502, NULL),
(502, -15.5678, 37.3592, NULL),
(503, -15.6749, 37.704, NULL),
(504, -15.2847, 37.44, NULL),
(505, -15.7639, 37.7556, NULL),
(506, -15.3861, 37.7678, NULL),
(507, -15.398, 37.6047, NULL),
(508, -15.67, 37.5731, NULL),
(509, -15.4339, 37.4433, NULL),
(510, -15.9181, 37.8525, NULL),
(511, -15.6467, 37.7277, NULL),
(512, -15.6744, 37.704, NULL),
(513, -15.6306, 37.6836, NULL),
(514, -15.565, 37.7905, NULL),
(515, -15.8631, 37.6377, NULL),
(516, -18.2683, 36.65, NULL),
(517, -18.405, 36.1081, NULL),
(518, -18.6656, 36.2425, NULL),
(519, -18.3678, 36.5683, NULL),
(520, -18.2942, 36.7136, NULL),
(521, -18.6114, 36.4314, NULL),
(522, -18.5861, 36.4639, NULL),
(523, -18.5833, 36.4667, NULL),
(524, -18.5833, 36.4644, NULL),
(525, -18.5938, 36.463, NULL),
(526, -16.0507, 38.4953, NULL),
(527, -16.0176, 38.485, NULL),
(528, -16.2141, 38.6588, NULL),
(529, -15.5119, 38.2572, NULL),
(530, -16.1464, 38.3725, NULL),
(531, -15.9625, 38.4416, NULL),
(532, -15.5126, 38.2574, NULL),
(533, -16.132, 38.0975, NULL),
(534, -16.2, 38.66, NULL),
(535, -16.0649, 38.6562, NULL),
(536, -15.3864, 36.5264, NULL),
(537, -15.7714, 37.0844, NULL),
(538, -15.5403, 36.8841, NULL),
(539, -15.488, 37.1402, NULL),
(540, -15.5567, 37.0553, NULL),
(541, -15.315, 36.6589, NULL),
(542, -15.1989, 36.7025, NULL),
(543, -15.54, 37.193, NULL),
(544, -15.172, 36.805, NULL),
(545, -15.4628, 36.9828, NULL),
(546, -15.4625, 36.9836, NULL),
(547, -15.4564, 36.9556, NULL),
(548, -15.4678, 36.9829, NULL),
(549, -16.0936, 37.3366, NULL),
(550, -16.1215, 37.3395, NULL),
(551, -16.4341, 37.5889, NULL),
(552, -16.0378, 37.1683, NULL),
(553, -16.3586, 37.767, NULL),
(554, -15.9902, 37.3572, NULL),
(555, -16.2811, 37.3214, NULL),
(556, -16.1416, 37.3833, NULL),
(557, -15.7844, 37.1633, NULL),
(558, -16.2692, 37.5161, NULL),
(559, -16.1693, 37.3843, NULL),
(560, -16.0361, 37.5239, NULL),
(561, -16.3644, 37.3307, NULL),
(562, -16.3583, 37.338, NULL),
(563, -16.301, 37.3522, NULL),
(564, -16.2875, 37.355, NULL),
(565, -16.0099, 37.3327, NULL),
(566, -18.0764, 36.9278, NULL),
(567, -18.0292, 36.7361, NULL),
(568, -18.01, 36.8108, NULL),
(569, -18.1114, 36.7581, NULL),
(570, -18.0781, 36.8961, NULL),
(571, -18.0826, 36.825, NULL),
(572, -17.9767, 36.8578, NULL),
(573, -16.4256, 36.7433, NULL),
(574, -16.0167, 36.4866, NULL),
(575, -16.3511, 36.8533, NULL),
(576, -16.3633, 36.3789, NULL),
(577, -16.3944, 36.9803, NULL),
(578, -16.5525, 36.8617, NULL),
(579, -16.2186, 36.9364, NULL),
(580, -16.2178, 37.0011, NULL),
(581, -16.3691, 36.782, NULL),
(582, -16.5927, 36.9723, NULL),
(583, -16.7503, 36.943, NULL),
(584, -16.367, 36.5153, NULL),
(585, -17.6092, 37.3972, NULL),
(586, -17.3092, 37.9742, NULL),
(587, -16.9822, 37.0779, NULL),
(588, -17.4295, 37.5695, NULL),
(589, -17.2306, 37.7764, NULL),
(590, -17.1816, 37.4681, NULL),
(591, -17.1816, 37.4681, NULL),
(592, -17.0522, 37.7161, NULL),
(593, -17.2636, 37.8936, NULL),
(594, -17.4383, 37.2855, NULL),
(595, -16.8972, 37.8972, NULL),
(596, -17.5877, 37.4817, NULL),
(597, -17.5206, 37.5514, NULL),
(598, -17.3094, 37.5089, NULL),
(599, -17.33, 37.1997, NULL),
(600, -17.2076, 37.3128, NULL),
(601, -17.1625, 37.7495, NULL),
(602, -16.767, 37.5958, NULL),
(603, -17.1899, 37.7306, NULL),
(604, -16.2175, 35.6259, NULL),
(605, -16.0981, 35.7814, NULL),
(606, -16.0986, 35.7692, NULL),
(607, -16.0564, 36.0289, NULL),
(608, -15.4875, 35.8875, NULL),
(609, -15.7759, 36.0164, NULL),
(610, -16.2173, 35.4795, NULL),
(611, -16.2103, 35.7997, NULL),
(612, -16.4491, 36.0464, NULL),
(613, -16.4386, 35.4997, NULL),
(614, -16.1684, 35.4533, NULL),
(615, -16.0969, 35.7721, NULL),
(616, -16.0968, 35.772, NULL),
(617, -16.1315, 35.8688, NULL),
(618, -15.4869, 36.2714, NULL),
(619, -16.0969, 35.7721, NULL),
(620, -16.097, 35.7721, NULL),
(621, -16.0963, 35.7721, NULL),
(622, -16.8505, 36.9833, NULL),
(623, -16.8424, 36.972, NULL),
(624, -16.8389, 36.9799, NULL),
(625, -16.8806, 37.0097, NULL),
(626, -16.5173, 37.1673, NULL),
(627, -17.1195, 36.9706, NULL),
(628, -17.0025, 36.7706, NULL),
(629, -16.6877, 37.2375, NULL),
(630, -16.6447, 36.3211, NULL),
(631, -16.6922, 37.3714, NULL),
(632, -16.5575, 37.2925, NULL),
(633, -16.8505, 36.9831, NULL),
(634, -16.8003, 36.5792, NULL),
(635, -17.1466, 36.9372, NULL),
(636, -16.8461, 36.9791, NULL),
(637, -16.8406, 36.9875, NULL),
(638, -16.8424, 36.972, NULL),
(639, -17.9801, 35.715, NULL),
(640, -17.7847, 35.4058, NULL),
(641, -17.9801, 35.715, NULL),
(642, -17.9801, 35.715, NULL),
(643, -17.5839, 36.0161, NULL),
(644, -17.9795, 35.7128, NULL),
(645, -17.6905, 35.6661, NULL),
(646, -17.8973, 35.6672, NULL),
(647, -17.5278, 36.2964, NULL),
(648, -17.9802, 35.715, NULL),
(649, -17.0931, 35.7224, NULL),
(650, -17.2047, 35.7803, NULL),
(651, -17.3592, 35.3542, NULL),
(652, -17.6161, 35.5234, NULL),
(653, -16.6933, 35.3497, NULL),
(654, -16.8997, 35.7407, NULL),
(655, -17.1416, 35.3217, NULL),
(656, -16.8998, 35.7407, NULL),
(657, -17.2411, 35.8405, NULL),
(658, -17.3181, 35.9553, NULL),
(659, -16.8998, 35.7407, NULL),
(660, -16.8998, 35.7407, NULL),
(661, -16.8998, 35.7407, NULL),
(662, -17.4156, 35.6111, NULL),
(663, -16.9681, 36.1181, NULL),
(664, -17.3278, 35.577, NULL),
(665, -16.6478, 36.2097, NULL),
(666, -17.2571, 35.6241, NULL),
(667, -17.0162, 35.7012, NULL),
(668, -17.109, 35.76, NULL),
(669, -17.2281, 37.0247, NULL),
(670, -17.5753, 37.1589, NULL),
(671, -17.5138, 37.04, NULL),
(672, -17.5594, 36.9377, NULL),
(673, -17.4094, 37.1192, NULL),
(674, -17.64, 37.2717, NULL),
(675, -17.6355, 37.1217, NULL),
(676, -17.4823, 37.1997, NULL),
(677, -17.7153, 37.1925, NULL),
(678, -17.3189, 37.052, NULL),
(679, -17.4944, 37.0265, NULL),
(680, -15.7491, 36.7891, NULL),
(681, -15.9539, 36.8658, NULL),
(682, -16.0725, 36.9926, NULL),
(683, -15.9748, 37.0439, NULL),
(684, -16.0883, 36.9592, NULL),
(685, -15.8717, 37.0223, NULL),
(686, -16.1153, 37.0789, NULL),
(687, -15.8327, 36.6957, NULL),
(688, -17.7786, 37.0586, NULL),
(689, -17.6031, 36.8195, NULL),
(690, -17.5968, 36.7577, NULL),
(691, -17.5932, 36.7416, NULL),
(692, -17.5786, 36.8156, NULL),
(693, -17.7022, 37.0097, NULL),
(694, -17.5883, 36.6956, NULL),
(695, -17.7311, 37.0756, NULL),
(696, -17.5811, 36.6958, NULL),
(697, -17.7003, 37.1131, NULL),
(698, -17.9358, 36.9433, NULL),
(699, -17.7847, 36.8106, NULL),
(700, -17.7855, 36.9067, NULL),
(701, -17.5142, 36.8427, NULL),
(702, -17.6107, 36.6752, NULL),
(703, -16.8944, 38.2916, NULL),
(704, -16.9927, 38.4814, NULL),
(705, -16.7889, 38.8723, NULL),
(706, -17.2667, 38.1433, NULL),
(707, -16.9673, 38.0494, NULL),
(708, -16.8942, 39.0668, NULL),
(709, -16.8248, 38.5036, NULL),
(710, -16.6906, 38.6797, NULL),
(711, -17.1519, 38.2792, NULL),
(712, -17.2745, 38.1781, NULL),
(713, -16.5377, 38.4179, NULL),
(714, -17.0298, 38.067, NULL),
(715, -17.1173, 38.1303, NULL),
(716, -16.1298, 33.4955, NULL),
(717, -16.1717, 33.5933, NULL),
(718, -16.1667, 33.6, NULL),
(719, -16.1687, 33.6, NULL),
(720, -16.1525, 33.5839, NULL),
(721, -16.1729, 33.595, NULL),
(722, -16.1477, 33.5786, NULL),
(723, -16.1695, 33.5998, NULL),
(724, -16.1572, 33.6064, NULL),
(725, -16.1586, 33.5656, NULL),
(726, -16.2022, 33.5994, NULL),
(727, -16.143, 33.6086, NULL),
(728, -16.1436, 33.5844, NULL),
(729, -16.1307, 33.5548, NULL),
(730, -16.1694, 33.6142, NULL),
(731, -16.1855, 33.6037, NULL),
(732, -16.177, 33.6083, NULL),
(733, -14.5739, 34.3058, NULL),
(734, -14.6083, 33.8561, NULL),
(735, -14.7231, 34.3631, NULL),
(736, -14.5306, 34.0855, NULL),
(737, -14.7714, 34.2792, NULL),
(738, -14.4922, 34.1617, NULL),
(739, -14.8495, 34.5278, NULL),
(740, -14.5547, 34.2386, NULL),
(741, -14.5933, 34.4231, NULL),
(742, -14.7361, 34.3694, NULL),
(743, -14.6461, 34.3277, NULL),
(744, -15.6577, 32.5365, NULL),
(745, -15.7116, 32.6834, NULL),
(746, -15.599, 32.7674, NULL),
(747, -15.6807, 32.3985, NULL),
(748, -16.097, 32.4745, NULL),
(749, -15.6613, 32.8099, NULL),
(750, -15.5987, 32.7675, NULL),
(751, -15.7002, 32.5477, NULL),
(752, -15.85, 32.9667, NULL),
(753, -15.7396, 32.7691, NULL),
(754, -15.6445, 32.6867, NULL),
(755, -15.5664, 32.6027, NULL),
(756, -15.6387, 32.689, NULL),
(757, -15.6182, 32.7305, NULL),
(758, -16.4174, 32.8263, NULL),
(759, -16.4204, 33.599, NULL),
(760, -16.2542, 33.4433, NULL),
(761, -15.9687, 33.1591, NULL),
(762, -16.0047, 33.2313, NULL),
(763, -16.6118, 33.1935, NULL),
(764, -16.7043, 33.0626, NULL),
(765, -16.5476, 33.3786, NULL),
(766, -16.3929, 33.3082, NULL),
(767, -16.4617, 33.0924, NULL),
(768, -16.8363, 33.2774, NULL),
(769, -16.96, 32.9193, NULL),
(770, -16.3516, 33.4563, NULL),
(771, -16.3895, 33.2588, NULL),
(772, -14.8803, 32.8361, NULL),
(773, -14.0897, 33.0952, NULL),
(774, -14.7177, 32.9158, NULL),
(775, -15.1333, 32.8964, NULL),
(776, -14.3372, 32.3553, NULL),
(777, -14.1619, 32.985, NULL),
(778, -14.6175, 32.4902, NULL),
(779, -15.3833, 33.6286, NULL),
(780, -15.8064, 33.4698, NULL),
(781, -15.3789, 33.2014, NULL),
(782, -15.6544, 33.3664, NULL),
(783, -15.405, 33.2588, NULL),
(784, -15.0789, 33.6798, NULL),
(785, -14.6239, 33.5542, NULL),
(786, -14.9033, 33.6119, NULL),
(787, -14.9416, 33.9259, NULL),
(788, -15.0228, 33.3955, NULL),
(789, -14.79, 33.528, NULL),
(790, -14.79, 33.528, NULL),
(791, -14.8088, 33.5273, NULL),
(792, -15.853, 30.5877, NULL),
(793, -15.9975, 30.5645, NULL),
(794, -15.8439, 32.1414, NULL),
(795, -15.8061, 31.7511, NULL),
(796, -16.1922, 31.689, NULL),
(797, -15.9328, 31.0943, NULL),
(798, -15.7723, 31.6468, NULL),
(799, -15.7995, 31.3542, NULL),
(800, -15.1603, 31.8922, NULL),
(801, -14.9847, 32.2833, NULL),
(802, -14.5761, 31.7397, NULL),
(803, -14.9525, 31.41, NULL),
(804, -14.4092, 32.0142, NULL),
(805, -15.48, 32.4897, NULL),
(806, -15.1181, 31.9928, NULL),
(807, -15.8072, 34.25, NULL),
(808, -15.6016, 34.3359, NULL),
(809, -16.1914, 33.6309, NULL),
(810, -16.1726, 34.2632, NULL),
(811, -15.5314, 34.3107, NULL),
(812, -16.1168, 33.7333, NULL),
(813, -16.1166, 33.7332, NULL),
(814, -15.9853, 34.192, NULL),
(815, -16.1245, 33.746, NULL),
(816, -15.9099, 34.0834, NULL),
(817, -15.7717, 34.1247, NULL),
(818, -16.1256, 33.7599, NULL),
(819, -16.1167, 33.7333, NULL),
(820, -17.4514, 35.0788, NULL),
(821, -17.1369, 35.1932, NULL),
(822, -17.3939, 35.0534, NULL),
(823, -17.6352, 35.2121, NULL),
(824, -17.4878, 35.2442, NULL),
(825, -16.6439, 34.6812, NULL),
(826, -17.3473, 35.138, NULL),
(827, -16.7844, 34.5543, NULL),
(828, -17.4749, 35.2158, NULL),
(829, -17.4508, 35.0785, NULL),
(830, -17.1833, 35.0667, NULL),
(831, -14.9019, 34.5698, NULL),
(832, -14.8489, 34.5245, NULL),
(833, -15.1611, 34.5611, NULL),
(834, -15.3724, 34.4444, NULL),
(835, -14.9869, 34.3322, NULL),
(836, -15.6147, 30.4394, NULL),
(837, -15.0075, 31.0028, NULL),
(838, -15.3792, 30.7317, NULL),
(839, -15.1139, 30.8022, NULL),
(840, -15.616, 30.4489, NULL),
(841, -15.4902, 30.7782, NULL),
(842, -15.6167, 30.45, NULL),
(843, -15.5367, 30.615, NULL),
(844, -15.6167, 30.45, NULL),
(845, -19.1236, 33.4994, NULL),
(846, -19.1111, 33.4764, NULL),
(847, -19.1431, 33.4478, NULL),
(848, -19.1144, 33.4583, NULL),
(849, -19.1167, 33.45, NULL),
(850, -17.8375, 33.0667, NULL),
(851, -18.0438, 33.2588, NULL),
(852, -18.4072, 33.2397, NULL),
(853, -18.0547, 33.1711, NULL),
(854, -18.3303, 33.1156, NULL),
(855, -17.6033, 33.2536, NULL),
(856, -17.7978, 33.2189, NULL),
(857, -17.7167, 33.2564, NULL),
(858, -18.1167, 33.3561, NULL),
(859, -18.3247, 33.2022, NULL),
(860, -17.9478, 33.1942, NULL),
(861, -17.951, 33.245, NULL),
(862, -18.1333, 33.2227, NULL),
(863, -19.2644, 33.3878, NULL),
(864, -19.2028, 33.9258, NULL),
(865, -19.0772, 33.6417, NULL),
(866, -19.0522, 33.7853, NULL),
(867, -19.1, 33.81, NULL),
(868, -19.0725, 33.3636, NULL),
(869, -18.9994, 33.3875, NULL),
(870, -19.4153, 33.5131, NULL),
(871, -19.3283, 33.8336, NULL),
(872, -19.2675, 33.4803, NULL),
(873, -19.0939, 33.653, NULL),
(874, -19.0941, 33.653, NULL),
(875, -19.0898, 33.7147, NULL),
(876, -19.0993, 33.7582, NULL),
(877, -16.8567, 33.2903, NULL),
(878, -17.0472, 33.6922, NULL),
(879, -17.42, 33.3494, NULL),
(880, -16.4811, 33.5611, NULL),
(881, -17.1663, 33.5539, NULL),
(882, -16.7897, 33.5419, NULL),
(883, -17.4875, 33.3639, NULL),
(884, -17.1247, 33.2903, NULL),
(885, -17.4198, 33.3542, NULL),
(886, -20.6703, 33.5333, NULL),
(887, -21.0261, 33.5356, NULL),
(888, -21.4581, 32.9136, NULL),
(889, -20.8244, 33.3697, NULL),
(890, -21.3703, 32.6278, NULL),
(891, -21.3181, 33.2828, NULL),
(892, -21.4492, 33.0839, NULL),
(893, -21.0499, 33.2588, NULL),
(894, -21.2906, 33.4597, NULL),
(895, -20.9544, 33.2725, NULL),
(896, -18.4578, 33.6069, NULL),
(897, -17.8408, 33.455, NULL),
(898, -17.7086, 33.9717, NULL),
(899, -17.9, 33.9392, NULL),
(900, -17.9038, 33.975, NULL),
(901, -18.5561, 33.2789, NULL),
(902, -18.8633, 32.8261, NULL),
(903, -18.8622, 32.7597, NULL),
(904, -19.1014, 32.9958, NULL),
(905, -19.1089, 32.9281, NULL),
(906, -18.9956, 32.7267, NULL),
(907, -18.9531, 33.2647, NULL),
(908, -18.9994, 33.3875, NULL),
(909, -18.9406, 32.8753, NULL),
(910, -18.9864, 33.0811, NULL),
(911, -19.0314, 32.9167, NULL),
(912, -18.8161, 33.0386, NULL),
(913, -18.9753, 32.8256, NULL),
(914, -18.6244, 33.0392, NULL),
(915, -18.9294, 32.7978, NULL),
(916, -18.9636, 32.7725, NULL),
(917, -19.1547, 33.1472, NULL),
(918, -18.9344, 32.8756, NULL),
(919, -18.9498, 32.8874, NULL),
(920, -18.9454, 32.8855, NULL),
(921, -18.9344, 32.8756, NULL),
(922, -20.4528, 32.7722, NULL),
(923, -20.5778, 32.7733, NULL),
(924, -20.3197, 32.9939, NULL),
(925, -20.5672, 32.6817, NULL),
(926, -20.2478, 32.9108, NULL),
(927, -20.7344, 32.5594, NULL),
(928, -20.2281, 33.3294, NULL),
(929, -20.5225, 32.8125, NULL),
(930, -20.5533, 32.9226, NULL),
(931, -19.5458, 33.5089, NULL),
(932, -19.4117, 33.2932, NULL),
(933, -19.4892, 33.2856, NULL),
(934, -19.3136, 33.2483, NULL),
(935, -19.9758, 33.3981, NULL),
(936, -19.413, 33.2953, NULL),
(937, -19.4097, 33.2939, NULL),
(938, -19.5444, 32.8947, NULL),
(939, -19.4312, 33.2995, NULL),
(940, -19.3761, 33.3131, NULL),
(941, -16.8219, 34.4475, NULL),
(942, -16.7238, 34.2505, NULL),
(943, -16.7238, 34.2505, NULL),
(944, -16.8706, 34.0761, NULL),
(945, -17.2508, 34.1786, NULL),
(946, -16.7196, 34.2549, NULL),
(947, -19.7164, 35.0092, NULL),
(948, -19.8027, 34.9498, NULL),
(949, -19.8499, 34.8767, NULL),
(950, -19.8333, 34.85, NULL),
(951, -19.8334, 34.85, NULL),
(952, -19.8373, 34.8543, NULL),
(953, -19.7333, 34.85, NULL),
(954, -19.8456, 34.8413, NULL),
(955, -19.7678, 34.8697, NULL),
(956, -19.7461, 34.8472, NULL),
(957, -19.7331, 34.8378, NULL),
(958, -19.8025, 34.8958, NULL),
(959, -19.8333, 34.8833, NULL),
(960, -19.8, 34.8667, NULL),
(961, -20.1506, 34.3289, NULL),
(962, -20.1561, 34.321, NULL),
(963, -19.8689, 34.4689, NULL),
(964, -20.1665, 34.3142, NULL),
(965, -19.9503, 34.0631, NULL),
(966, -20.1504, 34.3294, NULL),
(967, -20.1497, 34.1497, NULL),
(968, -20.1498, 34.33, NULL),
(969, -20.1482, 34.3308, NULL),
(970, -20.1471, 34.3311, NULL),
(971, -20.2653, 34.6692, NULL),
(972, -20.0253, 34.7178, NULL),
(973, -20.0415, 34.7396, NULL),
(974, -19.7886, 34.1844, NULL),
(975, -20.3586, 34.6342, NULL),
(976, -19.9644, 34.4183, NULL),
(977, -19.8828, 34.5928, NULL),
(978, -20.1465, 34.3311, NULL),
(979, -20.1464, 34.331, NULL),
(980, -19.8847, 34.5844, NULL),
(981, -19.9769, 34.1397, NULL),
(982, -20.2047, 34.1567, NULL),
(983, -20.1461, 34.331, NULL),
(984, -20.146, 34.331, NULL),
(985, -20.147, 34.3303, NULL),
(986, -20.1466, 34.3307, NULL),
(987, -20.1612, 34.0346, NULL),
(988, -20.1463, 34.3311, NULL),
(989, -20.1462, 34.3311, NULL),
(990, -20.1467, 34.3314, NULL),
(991, -19.924, 34.563, NULL),
(992, -20.0598, 34.4555, NULL),
(993, -17.6686, 34.9422, NULL),
(994, -18.125, 34.9481, NULL),
(995, -17.6658, 35.1608, NULL),
(996, -17.7911, 35.025, NULL),
(997, -17.7236, 35.2561, NULL),
(998, -17.5836, 35.0819, NULL),
(999, -17.8356, 35.3431, NULL),
(1000, -17.6328, 35.0503, NULL),
(1001, -17.8333, 35.3333, NULL),
(1002, -17.8333, 35.3334, NULL),
(1003, -17.8669, 35.3117, NULL),
(1004, -17.8503, 35.3986, NULL),
(1005, -17.7828, 35.2469, NULL),
(1006, -17.8419, 35.2386, NULL),
(1007, -17.4517, 35.0381, NULL),
(1008, -17.6844, 35.0389, NULL),
(1009, -17.8703, 34.9069, NULL),
(1010, -17.8333, 35.3334, NULL),
(1011, -17.1639, 34.8886, NULL),
(1012, -17.1639, 34.8886, NULL),
(1013, -17.1639, 34.8887, NULL),
(1014, -17.1643, 34.889, NULL),
(1015, -17.1644, 34.8888, NULL),
(1016, -17.15, 34.8833, NULL),
(1017, -17.1641, 34.8884, NULL),
(1018, -17.1628, 34.8898, NULL),
(1019, -17.1629, 34.8898, NULL),
(1020, -17.1537, 34.8171, NULL),
(1021, -17.1667, 34.4167, NULL),
(1022, -17.2333, 34.9167, NULL),
(1023, -16.8901, 34.6563, NULL),
(1024, -17.3333, 34.6167, NULL),
(1025, -17.4167, 34.7333, NULL),
(1026, -18.3167, 34.8667, NULL),
(1027, -18.5349, 35.3027, NULL),
(1028, -18.2167, 35.15, NULL),
(1029, -17.9667, 35.1333, NULL),
(1030, -18.4833, 34.7667, NULL),
(1031, -18.2, 34.9667, NULL),
(1032, -18.4167, 35.0167, NULL),
(1033, -18.6542, 35.1083, NULL),
(1034, -20.3274, 33.8858, NULL),
(1035, -20.3274, 33.8858, NULL),
(1036, -20.3275, 33.8858, NULL),
(1037, -20.3275, 33.8857, NULL),
(1038, -20.4314, 33.9868, NULL),
(1039, -20.3274, 33.8857, NULL),
(1040, -20.4314, 33.9868, NULL),
(1041, -20.4314, 33.9868, NULL),
(1042, -20.3274, 33.8858, NULL),
(1043, -20.3274, 33.8858, NULL),
(1044, -20.3274, 33.8858, NULL),
(1045, -20.3274, 33.8858, NULL),
(1046, -20.3354, 33.8896, NULL),
(1047, -20.3274, 33.8858, NULL),
(1048, -20.2897, 33.6572, NULL),
(1049, -20.4314, 33.9867, NULL),
(1050, -20.3902, 33.935, NULL),
(1051, -20.4979, 33.6165, NULL),
(1052, -19.6167, 34.75, NULL),
(1053, -19.5694, 34.6403, NULL),
(1054, -19.6167, 34.75, NULL),
(1055, -19.365, 34.5742, NULL),
(1056, -19.5436, 34.6258, NULL),
(1057, -19.6869, 34.7604, NULL),
(1058, -19.6167, 34.75, NULL),
(1059, -19.5872, 35.1214, NULL),
(1060, -19.3911, 34.7119, NULL),
(1061, -19.6506, 34.7658, NULL),
(1062, -19.5031, 34.5933, NULL),
(1063, -19.63, 34.7172, NULL),
(1064, -19.6319, 34.76, NULL),
(1065, -19.6186, 34.7467, NULL),
(1066, -19.7433, 34.8462, NULL),
(1067, -18.9906, 34.3544, NULL),
(1068, -18.3611, 34.3944, NULL),
(1069, -18.6153, 33.8786, NULL),
(1070, -18.4969, 34.4172, NULL),
(1071, -18.6816, 34.1495, NULL),
(1072, -18.5989, 34.1375, NULL),
(1073, -18.8687, 34.194, NULL),
(1074, -18.6833, 34.0667, NULL),
(1075, -18.6931, 34.0728, NULL),
(1076, -18.5475, 34.1769, NULL),
(1077, -18.6823, 34.1495, NULL),
(1078, -18.2703, 34.0536, NULL),
(1079, -18.6831, 34.1372, NULL),
(1080, -18.75, 34.0964, NULL),
(1081, -18.4783, 33.9783, NULL),
(1082, -18.3578, 33.9994, NULL),
(1083, -18.4858, 34.2167, NULL),
(1084, -20.7411, 34.9264, NULL),
(1085, -20.8902, 34.4171, NULL),
(1086, -20.8732, 34.4198, NULL),
(1087, -20.975, 35.005, NULL),
(1088, -20.8732, 34.4198, NULL),
(1089, -20.8219, 34.8528, NULL),
(1090, -20.8757, 34.4198, NULL),
(1091, -20.8733, 34.4198, NULL),
(1092, -20.6314, 34.9039, NULL),
(1093, -21.0133, 34.8975, NULL),
(1094, -20.7011, 34.7933, NULL),
(1095, -18.2003, 34.5967, NULL),
(1096, -18.1175, 34.4567, NULL),
(1097, -17.3197, 34.2894, NULL),
(1098, -17.9661, 34.4144, NULL),
(1099, -17.5839, 34.315, NULL),
(1100, -17.6997, 34.5844, NULL),
(1101, -17.9131, 34.356, NULL),
(1102, -18.2908, 35.9453, NULL),
(1103, -18.2894, 35.7611, NULL),
(1104, -18.2901, 35.9415, NULL),
(1105, -18.2901, 35.9415, NULL),
(1106, -18.2913, 35.9444, NULL),
(1107, -18.2901, 35.9419, NULL),
(1108, -18.2902, 35.9419, NULL),
(1109, -18.1928, 35.74, NULL),
(1110, -18.2902, 35.9419, NULL),
(1111, -18.0461, 35.6133, NULL),
(1112, -18.2903, 35.9419, NULL),
(1113, -18.4433, 35.7903, NULL),
(1114, -18.2902, 35.9419, NULL),
(1115, -18.2903, 35.9419, NULL),
(1116, -18.6752, 36.1046, NULL),
(1117, -18.2904, 35.9398, NULL),
(1118, -18.29, 35.9413, NULL),
(1119, -18.29, 35.9451, NULL),
(1120, -18.2908, 35.9453, NULL),
(1121, -18.2989, 35.9544, NULL),
(1122, -18.2908, 35.9453, NULL),
(1123, -18.2863, 35.9437, NULL),
(1124, -18.5756, 35.7214, NULL),
(1125, -18.5463, 35.8934, NULL),
(1126, -18.5463, 35.8934, NULL),
(1127, -18.483, 35.9052, NULL),
(1128, -18.483, 35.9052, NULL),
(1129, -18.8972, 34.7928, NULL),
(1130, -18.8972, 34.7928, NULL),
(1131, -18.8974, 34.7928, NULL),
(1132, -18.8932, -18.8932, NULL),
(1133, -18.9003, 34.7867, NULL),
(1134, -18.8972, 34.7927, NULL),
(1135, -18.898, 34.7917, NULL),
(1136, -18.8974, 34.7927, NULL),
(1137, -18.8214, 34.7464, NULL),
(1138, -18.9069, 34.7956, NULL),
(1139, -18.8973, 34.7927, NULL),
(1140, -19.275, 34.8939, NULL),
(1141, -18.8964, 34.7927, NULL),
(1142, -18.8973, 34.7926, NULL),
(1143, -19.0261, 35.1097, NULL),
(1144, -18.8973, 34.7926, NULL),
(1145, -18.8973, 34.7926, NULL),
(1146, -19.2372, 35.0436, NULL),
(1147, -18.8975, 34.7927, NULL),
(1148, -18.896, 34.7937, NULL),
(1149, -18.8961, 34.7937, NULL),
(1150, -18.8962, 34.7935, NULL),
(1151, -18.8976, 34.7923, NULL),
(1152, -18.8973, 34.7927, NULL),
(1153, -18.9284, 34.8695, NULL),
(1154, -18.8942, 34.8798, NULL),
(1155, -18.8972, 34.7931, NULL),
(1156, -18.8981, 34.7942, NULL),
(1157, -19.2504, 34.159, NULL),
(1158, -19.3631, 34.3581, NULL),
(1159, -19.2522, 34.1289, NULL),
(1160, -19.2461, 34.0356, NULL),
(1161, -19.5717, 33.9739, NULL),
(1162, -19.2713, 34.2043, NULL),
(1163, -19.4072, 34.4381, NULL),
(1164, -19.2422, 34.4728, NULL),
(1165, -19.5928, 34.2729, NULL),
(1166, -19.2522, 34.0583, NULL),
(1167, -19.2542, 34.2422, NULL),
(1168, -19.1364, 34.0394, NULL),
(1169, -19.2545, 34.2422, NULL),
(1170, -19.2504, 34.159, NULL),
(1171, -19.35, 34.0633, NULL),
(1172, -19.5394, 34.0575, NULL),
(1173, -19.2404, 34.319, NULL),
(1174, -19.3908, 34.4119, NULL),
(1175, -19.1681, 34.2044, NULL),
(1176, -19.3356, 34.3242, NULL),
(1177, -19.2244, 34.0033, NULL),
(1178, -19.0603, 34.1031, NULL),
(1179, -23.8858, 35.4703, NULL),
(1180, -23.8506, 35.3967, NULL),
(1181, -23.8734, 35.3882, NULL),
(1182, -23.8447, 35.5019, NULL),
(1183, -23.8011, 35.5128, NULL),
(1184, -23.8652, 35.3828, NULL),
(1185, -23.8666, 35.3833, NULL),
(1186, -23.8792, 35.4325, NULL),
(1187, -23.8667, 35.3833, NULL),
(1188, -22.5419, 34.2117, NULL),
(1189, -23.1253, 34.6394, NULL),
(1190, -23.4256, 34.4981, NULL),
(1191, -23.0914, 34.3806, NULL),
(1192, -23.1418, 34.479, NULL),
(1193, -21.1492, 34.5686, NULL),
(1194, -21.4106, 34.6436, NULL),
(1195, -21.1897, 34.8467, NULL),
(1196, -21.3302, 34.5971, NULL),
(1197, -21.3681, 34.8647, NULL),
(1198, -21.0069, 34.9678, NULL),
(1199, -21.3344, 34.2825, NULL),
(1200, -23.7025, 35.0594, NULL),
(1201, -23.8817, 35.2292, NULL),
(1202, -23.9119, 35.0317, NULL),
(1203, -24.0989, 35.0133, NULL),
(1204, -23.8522, 34.9311, NULL),
(1205, -23.9072, 35.1939, NULL),
(1206, -23.7302, 34.9507, NULL),
(1207, -24.0436, 35.0886, NULL),
(1208, -24.0122, 35.1633, NULL),
(1209, -23.9225, 35.1619, NULL),
(1210, -23.8814, 35.1528, NULL),
(1211, -23.7392, 34.9769, NULL),
(1212, -23.8914, 35.1082, NULL),
(1213, -24.4769, 35.0303, NULL),
(1214, -24.3914, 34.5503, NULL),
(1215, -24.5333, 34.7736, NULL),
(1216, -24.4933, 34.6478, NULL),
(1217, -24.4761, 35.0175, NULL),
(1218, -24.4614, 34.9828, NULL),
(1219, -24.3228, 34.915, NULL),
(1220, -24.4022, 35.1344, NULL),
(1221, -24.4769, 35.0303, NULL),
(1222, -24.477, 35.0303, NULL),
(1223, -21.5392, 35.1886, NULL),
(1224, -21.4892, 35.0556, NULL),
(1225, -21.6642, 35.4389, NULL),
(1226, -21.7175, 35.0947, NULL),
(1227, -21.5329, 35.1992, NULL),
(1228, -21.5333, 35.2, NULL),
(1229, -24.2424, 35.3219, NULL),
(1230, -24.1447, 35.2175, NULL),
(1231, -24.1108, 35.3172, NULL),
(1232, -24.0517, 35.3222, NULL),
(1233, -24.3025, 35.1139, NULL),
(1234, -24.2653, 35.2372, NULL),
(1235, -24.1342, 35.3027, NULL),
(1236, -22.0239, 34.1442, NULL),
(1237, -21.7417, 33.8797, NULL),
(1238, -21.6842, 33.5044, NULL),
(1239, -22.1389, 33.5361, NULL),
(1240, -21.8944, 34.1875, NULL),
(1241, -21.9743, 33.6176, NULL),
(1242, -23.3336, 35.3797, NULL),
(1243, -22.8739, 35.3019, NULL),
(1244, -23.2869, 35.4294, NULL),
(1245, -23.4294, 35.3375, NULL),
(1246, -22.4356, 34.6528, NULL),
(1247, -23.332, 35.382, NULL),
(1248, -23.1947, 35.3819, NULL),
(1249, -22.9461, 35.4461, NULL),
(1250, -22.8556, 35.1806, NULL),
(1251, -23.1003, 35.2531, NULL),
(1252, -23.3327, 35.382, NULL),
(1253, -23.332, 35.382, NULL),
(1254, -22.7664, 35.0203, NULL),
(1255, -23.3303, 35.3793, NULL),
(1256, -24.0322, 35.2606, NULL),
(1257, -23.9353, 35.2986, NULL),
(1258, -23.8178, 35.3483, NULL),
(1259, -23.8617, 35.3433, NULL),
(1260, -23.8661, 35.2858, NULL),
(1261, -24.0044, 35.2861, NULL),
(1262, -23.7614, 35.3183, NULL),
(1263, -23.8614, 35.342, NULL),
(1264, -23.8611, 35.3411, NULL),
(1265, -23.851, 35.3652, NULL),
(1266, -23.8179, 35.3477, NULL),
(1267, -23.7169, 35.3619, NULL),
(1268, -23.4668, 35.1709, NULL),
(1269, -23.6594, 35.1617, NULL),
(1270, -23.7281, 35.1886, NULL),
(1271, -23.5539, 35.3406, NULL),
(1272, -23.1722, 35.0583, NULL),
(1273, -23.7881, 35.2686, NULL),
(1274, -23.6731, 35.4033, NULL),
(1275, -23.6189, 35.2489, NULL),
(1276, -23.4394, 35.2333, NULL),
(1277, -23.6561, 35.3428, NULL),
(1278, -23.7875, 34.7256, NULL),
(1279, -24.2083, 34.8625, NULL),
(1280, -24.0281, 34.8772, NULL),
(1281, -24.3575, 34.1131, NULL),
(1282, -24.0664, 34.7289, NULL),
(1283, -21.9844, 35.3211, NULL),
(1284, -22.017, 35.3126, NULL),
(1285, -22.3106, 35.4267, NULL),
(1286, -22.2269, 34.785, NULL),
(1287, -21.9928, 35.3197, NULL),
(1288, -22.6275, 35.1633, NULL),
(1289, -21.9861, 35.1619, NULL),
(1290, -22.6578, 35.2583, NULL),
(1291, -22.2522, 35.1119, NULL),
(1292, -22, 35.3167, NULL),
(1293, -24.5283, 34.4189, NULL),
(1294, -24.7953, 34.5728, NULL),
(1295, -24.59, 35.0164, NULL),
(1296, -24.7156, 34.4322, NULL),
(1297, -24.7627, 34.3502, NULL),
(1298, -24.715, 34.7478, NULL),
(1299, -24.5825, 34.8036, NULL),
(1300, -24.6319, 34.5722, NULL),
(1301, -24.5975, 34.9211, NULL),
(1302, -24.5889, 34.8486, NULL),
(1303, -24.6972, 34.4197, NULL),
(1304, -24.7122, 34.4399, NULL),
(1305, -25.0683, 33.6583, NULL),
(1306, -25.0469, 33.6917, NULL),
(1307, -25.0532, 33.644, NULL),
(1308, -25.0819, 33.6664, NULL),
(1309, -25.1156, 33.7294, NULL),
(1310, -25.0597, 33.7089, NULL),
(1311, -25.0297, 33.3628, NULL),
(1312, -25.2817, 33.2519, NULL),
(1313, -24.9533, 33.0644, NULL),
(1314, -24.9333, 33.3628, NULL),
(1315, -25.0319, 33.0988, NULL),
(1316, -24.8608, 33.4117, NULL),
(1317, -24.8711, 33.12, NULL),
(1318, -25.0092, 32.9847, NULL),
(1319, -24.8606, 33.2836, NULL),
(1320, -25.0811, 33.2578, NULL),
(1321, -25.1219, 33.0894, NULL),
(1322, -24.6843, 33.5324, NULL),
(1323, -24.6894, 33.5328, NULL),
(1324, -24.6906, 33.5406, NULL),
(1325, -24.3097, 33.63, NULL),
(1326, -24.5731, 33.7569, NULL),
(1327, -24.7522, 33.67, NULL),
(1328, -24.7042, 33.7042, NULL),
(1329, -24.68, 33.7872, NULL),
(1330, -24.6625, 33.3458, NULL),
(1331, -24.7017, 33.5739, NULL),
(1332, -24.6867, 33.5334, NULL),
(1333, -24.8175, 33.7662, NULL),
(1334, -24.6833, 33.5333, NULL),
(1335, -24.6751, 33.5612, NULL),
(1336, -24.6927, 33.5269, NULL),
(1337, -24.1128, 33.7797, NULL),
(1338, -24.6924, 33.5276, NULL),
(1339, -22.2653, 32.5283, NULL),
(1340, -21.9694, 32.1147, NULL),
(1341, -22.7322, 32.0608, NULL),
(1342, -22.8467, 31.9656, NULL),
(1343, -23.0672, 32.2219, NULL),
(1344, -22.4572, 31.33, NULL),
(1345, -22.2031, 31.6383, NULL),
(1346, -22.0775, 31.6783, NULL),
(1347, -22.8322, 33.5433, NULL),
(1348, -22.355, 33.0761, NULL),
(1349, -23.4575, 33.4253, NULL),
(1350, -22.2547, 32.9147, NULL),
(1351, -22.9576, 33.3487, NULL),
(1352, -23.5167, 33.5067, NULL),
(1353, -24.53, 32.9869, NULL),
(1354, -24.4287, 32.9795, NULL),
(1355, -24.5274, 33.0051, NULL),
(1356, -24.5668, 32.9186, NULL),
(1357, -24.6369, 33.1778, NULL),
(1358, -24.7392, 33.1261, NULL),
(1359, -24.6794, 33.0183, NULL),
(1360, -24.7536, 32.8836, NULL),
(1361, -24.17, 32.6411, NULL),
(1362, -24.5404, 32.9991, NULL),
(1363, -24.5331, 32.9974, NULL),
(1364, -24.5394, 32.7508, NULL),
(1365, -24.7128, 33.3736, NULL),
(1366, -24.7069, 33.18, NULL),
(1367, -24.6681, 33.0953, NULL),
(1368, -24.6768, 33.3257, NULL),
(1369, -24.6881, 33.2586, NULL),
(1370, -24.5858, 33.0639, NULL),
(1371, -24.3073, 32.6514, NULL),
(1372, -24.6228, 33.1103, NULL),
(1373, -24.5864, 33.0517, NULL),
(1374, -24.4992, 33.0144, NULL),
(1375, -24.0498, 33.3274, NULL),
(1376, -24.5875, 33.2331, NULL),
(1377, -24.3667, 33.2028, NULL),
(1378, -24.3628, 32.9033, NULL),
(1379, -24.5115, 33.1033, NULL),
(1380, -24.2375, 32.8375, NULL),
(1381, -23.7759, 33.571, NULL),
(1382, -24.7392, 33.1261, NULL),
(1383, -23.8488, 32.621, NULL),
(1384, -23.8508, 32.6228, NULL),
(1385, -23.4281, 32.5547, NULL),
(1386, -23.6972, 32.5214, NULL),
(1387, -23.8392, 32.5297, NULL),
(1388, -24.0714, 32.6439, NULL),
(1389, -24.1422, 32.7256, NULL),
(1390, -24.7122, 33.8861, NULL),
(1391, -24.9206, 34.1911, NULL),
(1392, -24.8597, 34.4117, NULL),
(1393, -24.7961, 34.1875, NULL),
(1394, -24.8881, 34.315, NULL),
(1395, -24.6339, 33.8375, NULL),
(1396, -24.6722, 34.0692, NULL),
(1397, -24.4889, 33.9569, NULL),
(1398, -24.8072, 33.9817, NULL),
(1399, -24.8719, 33.8717, NULL),
(1400, -24.5947, 34.3961, NULL),
(1401, -24.7133, 33.8838, NULL),
(1402, -24.8831, 33.9781, NULL),
(1403, -24.7547, 34.0256, NULL),
(1404, -24.6756, 33.9258, NULL),
(1405, -24.5753, 33.9153, NULL),
(1406, -24.5869, 34.0697, NULL),
(1407, -24.8011, 33.8158, NULL),
(1408, -24.9108, 34.0406, NULL),
(1409, -24.6858, 33.9664, NULL),
(1410, -24.7162, 33.8829, NULL),
(1411, -21.5839, 32.9375, NULL),
(1412, -21.55, 32.8117, NULL),
(1413, -21.3599, 32.4284, NULL),
(1414, -23.9186, 32.1625, NULL),
(1415, -24.0314, 32.4344, NULL),
(1416, -23.8564, 32.2242, NULL),
(1417, -23.9192, 32.0303, NULL),
(1418, -23.5619, 31.92, NULL),
(1419, -23.8122, 32.0439, NULL),
(1420, -24.1675, 32.4961, NULL),
(1421, -24.1233, 32.5931, NULL),
(1422, -24.9944, 33.5506, NULL),
(1423, -24.8706, 33.8306, NULL),
(1424, -25.1272, 33.555, NULL),
(1425, -24.9425, 33.4456, NULL),
(1426, -25.0084, 33.7899, NULL),
(1427, -24.8922, 33.7306, NULL),
(1428, -24.8747, 33.5089, NULL),
(1429, -25.0667, 33.8583, NULL),
(1430, -24.964, 33.7834, NULL),
(1431, -25.1525, 33.4853, NULL),
(1432, -25.0314, 33.485, NULL),
(1433, -24.9942, 33.9328, NULL),
(1434, -24.8544, 33.6919, NULL),
(1435, -25.135, 33.5864, NULL),
(1436, -25.0269, 33.7081, NULL),
(1437, -25.9108, 32.4927, NULL),
(1438, -25.8859, 32.5484, NULL),
(1439, -26.8083, 32.7542, NULL),
(1440, -25.9102, 32.5297, NULL),
(1441, -25.9534, 32.487, NULL),
(1442, -25.9142, 32.5328, NULL),
(1443, -25.9661, 32.4523, NULL),
(1444, -25.9502, 32.4578, NULL),
(1445, -25.9106, 32.5175, NULL),
(1446, -25.9341, 32.4759, NULL),
(1447, -25.8768, 32.4834, NULL),
(1448, -25.9083, 32.5292, NULL),
(1449, -25.7812, 32.5344, NULL),
(1450, -25.9306, 32.4804, NULL),
(1451, -25.9197, 32.5289, NULL),
(1452, -25.8949, 32.4615, NULL),
(1453, -25.9669, 32.4667, NULL),
(1454, -25.8267, 32.4525, NULL),
(1455, -25.8875, 32.5341, NULL),
(1456, -25.9103, 32.4597, NULL),
(1457, -25.7389, 32.5392, NULL),
(1458, -25.8983, 32.5391, NULL),
(1459, -25.7908, 32.4366, NULL),
(1460, -25.8405, 32.5419, NULL),
(1461, -25.9064, 32.5164, NULL),
(1462, -25.9394, 32.4553, NULL),
(1463, -25.9561, 32.4329, NULL),
(1464, -26.0489, 32.3253, NULL),
(1465, -26.0644, 32.2861, NULL),
(1466, -25.9189, 32.3941, NULL),
(1467, -26.0003, 32.2922, NULL),
(1468, -25.96, 32.4173, NULL),
(1469, -26.0883, 32.2592, NULL),
(1470, -26.0756, 32.2767, NULL),
(1471, -26.0471, 32.3349, NULL),
(1472, -26.0086, 32.3366, NULL),
(1473, -25.8408, 32.3636, NULL),
(1474, -26.0131, 32.4186, NULL),
(1475, -26.1589, 32.3461, NULL),
(1476, -26.0667, 32.325, NULL),
(1477, -25.0289, 32.6497, NULL),
(1478, -24.9008, 32.3494, NULL),
(1479, -24.6667, 32.5833, NULL),
(1480, -25.0094, 32.6964, NULL),
(1481, -24.5692, 32.6619, NULL),
(1482, -24.8864, 32.5286, NULL),
(1483, -24.7994, 32.8589, NULL),
(1484, -25.0231, 32.648, NULL),
(1485, -25.075, 32.5542, NULL),
(1486, -25.0195, 32.6495, NULL),
(1487, -25.0469, 32.7855, NULL),
(1488, -25.4961, 32.6525, NULL),
(1489, -25.1792, 32.8522, NULL),
(1490, -25.5106, 32.7264, NULL),
(1491, -25.0456, 32.8053, NULL),
(1492, -25.3092, 32.8331, NULL),
(1493, -25.4092, 32.8081, NULL),
(1494, -25.2784, 32.8069, NULL),
(1495, -25.2872, 32.7406, NULL),
(1496, -25.2247, 32.6644, NULL),
(1497, -25.1572, 32.8006, NULL),
(1498, -25.0936, 32.9175, NULL),
(1499, -25.2622, 32.8647, NULL),
(1500, -25.4561, 32.7753, NULL),
(1501, -25.3539, 32.9336, NULL),
(1502, -25.25, 32.7361, NULL),
(1503, -25.6619, 32.6725, NULL),
(1504, -25.7083, 32.6125, NULL),
(1505, -25.7494, 32.6632, NULL),
(1506, -25.7395, 32.6743, NULL),
(1507, -25.7847, 32.6339, NULL),
(1508, -25.7297, 32.6733, NULL),
(1509, -25.5644, 32.7994, NULL),
(1510, -25.725, 32.5833, NULL),
(1511, -25.6, 32.6667, NULL),
(1512, -25.6752, 32.6667, NULL),
(1513, -26.84, 32.2852, NULL),
(1514, -26.3684, 32.6189, NULL),
(1515, -26.8372, 32.8839, NULL),
(1516, -26.4745, 32.6511, NULL),
(1517, -26.7508, 32.8267, NULL),
(1518, -26.3281, 32.4158, NULL),
(1519, -26.8167, 32.4167, NULL),
(1520, -25.9694, 32.6915, NULL),
(1521, -26.6018, 32.5372, NULL),
(1522, -26.2156, 32.8858, NULL),
(1523, -26.602, 32.5371, NULL),
(1524, -26.672, 32.1823, NULL),
(1525, -26.0855, 32.6245, NULL),
(1526, -26.1916, 32.9335, NULL),
(1527, -26.4883, 32.5747, NULL),
(1528, -26.6733, 32.1783, NULL),
(1529, -25.2392, 32.1375, NULL),
(1530, -25.4956, 32.0794, NULL),
(1531, -25.8597, 32.1542, NULL),
(1532, -25.6456, 32.4967, NULL),
(1533, -25.6961, 32.345, NULL),
(1534, -25.7511, 32.395, NULL),
(1535, -25.3217, 32.2553, NULL),
(1536, -25.4442, 31.9897, NULL),
(1537, -25.5986, 32.245, NULL),
(1538, -26.04, 32.2575, NULL),
(1539, -25.9911, 32.0133, NULL),
(1540, -26.2958, 32.1877, NULL),
(1541, -26.2014, 32.1389, NULL),
(1542, -26.1941, 32.2175, NULL),
(1543, -26.4333, 32.243, NULL),
(1544, -25.8647, 32.2864, NULL),
(1545, -25.9866, 32.0326, NULL),
(1546, -25.9868, 32.0325, NULL),
(1547, -25.9673, 32.5899, NULL),
(1548, -25.9739, 32.5833, NULL),
(1549, -25.9606, 32.57, NULL),
(1550, -25.9512, 32.5554, NULL),
(1551, -25.9771, 32.5874, NULL),
(1552, -25.9628, 32.5944, NULL),
(1553, -25.9511, 32.5822, NULL),
(1554, -25.9581, 32.5913, NULL),
(1555, -25.9464, 32.5625, NULL),
(1556, -25.9507, 32.557, NULL),
(1557, -25.9511, 32.5556, NULL),
(1558, -25.9378, 32.5664, NULL),
(1559, -25.9478, 32.545, NULL),
(1560, -25.9467, 32.5436, NULL),
(1561, -25.9483, 32.59, NULL),
(1562, -25.935, 32.605, NULL),
(1563, -25.9144, 32.6097, NULL),
(1564, -25.9317, 32.5858, NULL),
(1565, -25.8422, 32.6414, NULL),
(1566, -25.9061, 32.6561, NULL),
(1567, -25.9147, 32.5961, NULL),
(1568, -25.8603, 32.6703, NULL),
(1569, -25.8719, 32.6303, NULL),
(1570, -25.9303, 32.5864, NULL),
(1571, -25.8742, 32.5986, NULL),
(1572, -25.8287, 32.5713, NULL),
(1573, -25.8975, 32.5706, NULL),
(1574, -25.8594, 32.5664, NULL),
(1575, -25.8461, 32.5972, NULL),
(1576, -25.9164, 32.5594, NULL),
(1577, -26.0112, 32.5675, NULL),
(1578, -25.9961, 32.5308, NULL),
(1579, -26.0231, 32.5789, NULL),
(1580, -26.0569, 32.9125, NULL),
(1581, -26.0031, 32.9203, NULL),
(1582, -26.017, 32.9501, NULL),
(1583, -17.8751, 36.8875, NULL),
(1584, -19.116, 33.4494, NULL),
(1585, -19.1157, 33.449, NULL),
(1586, -26.0467, 32.3341, NULL),
(1587, -25.9668, 32.4667, NULL),
(1588, -25.9401, 32.581, NULL),
(1589, -25.9397, 32.5808, NULL),
(1590, -25.9391, 32.5805, NULL);

-- --------------------------------------------------------

--
-- Table structure for table `unit_address`
--

CREATE TABLE `unit_address` (
  `id_unit` int(11) NOT NULL,
  `address` varchar(255) NOT NULL,
  `date` date NOT NULL,
  PRIMARY KEY (`id_unit`)
) ENGINE=InnoDB DEFAULT CHARSET=utf8;

-- --------------------------------------------------------

--
-- Table structure for table `unit_authority`
--

CREATE TABLE `unit_authority` (
  `id` int(11) NOT NULL AUTO_INCREMENT,
  `name` varchar(255) NOT NULL,
  `description` text NOT NULL,
  PRIMARY KEY (`id`)
) ENGINE=InnoDB  DEFAULT CHARSET=utf8 AUTO_INCREMENT=5 ;

--
-- Dumping data for table `unit_authority`
--

INSERT INTO `unit_authority` (`id`, `name`, `description`) VALUES
(1, 'Governamental/Público', ''),
(2, 'Ong/Não Lucrativa', ''),
(3, 'Privado-Lucrativo', ''),
(4, 'Missionário/Baseado Na Fé', '');

-- --------------------------------------------------------

--
-- Table structure for table `unit_code`
--

CREATE TABLE `unit_code` (
  `id_unit` int(11) NOT NULL,
  `code` varchar(16) NOT NULL,
  `date` date NOT NULL,
  PRIMARY KEY (`id_unit`)
) ENGINE=InnoDB DEFAULT CHARSET=utf8;

-- --------------------------------------------------------

--
-- Table structure for table `unit_cons_ext`
--

CREATE TABLE `unit_cons_ext` (
  `id_unit` int(11) NOT NULL
) ENGINE=InnoDB DEFAULT CHARSET=utf8 COMMENT='Consultas externas apenas (sem internamento)';

-- --------------------------------------------------------

--
-- Table structure for table `unit_contact`
--

CREATE TABLE `unit_contact` (
  `id_unit` int(11) NOT NULL,
  `id_contact` int(11) NOT NULL,
  `date` date NOT NULL,
  PRIMARY KEY (`id_unit`)
) ENGINE=InnoDB DEFAULT CHARSET=utf8;

-- --------------------------------------------------------

--
-- Table structure for table `unit_dates`
--

CREATE TABLE `unit_dates` (
  `id_unit` int(11) NOT NULL,
  `build` date NOT NULL COMMENT 'Data de construção',
  `first_fun` date NOT NULL COMMENT 'Data de início de funcionamento',
  `last_requal` date NOT NULL COMMENT 'Data da última requalificação',
  `last_oper` date NOT NULL COMMENT 'Data do último estado operacional',
  `alter_data` date NOT NULL COMMENT 'Data de alteração de dados',
  PRIMARY KEY (`id_unit`)
) ENGINE=InnoDB DEFAULT CHARSET=utf8;

-- --------------------------------------------------------

--
-- Table structure for table `unit_ministry`
--

CREATE TABLE `unit_ministry` (
  `id_unit` int(11) NOT NULL,
  `id_ministry` int(11) NOT NULL,
  `date` date NOT NULL,
  PRIMARY KEY (`id_unit`)
) ENGINE=InnoDB DEFAULT CHARSET=utf8;

-- --------------------------------------------------------

--
-- Table structure for table `unit_service`
--

CREATE TABLE `unit_service` (
  `id` int(11) NOT NULL AUTO_INCREMENT,
  `name` varchar(255) NOT NULL,
  `description` text NOT NULL,
  PRIMARY KEY (`id`)
) ENGINE=InnoDB  DEFAULT CHARSET=utf8 AUTO_INCREMENT=34 ;

--
-- Dumping data for table `unit_service`
--

INSERT INTO `unit_service` (`id`, `name`, `description`) VALUES
(1, 'Planeamento Familiar', ''),
(2, 'Cuidados Pré-Natais', ''),
(3, 'Prevenção da Transmissão Vertical do Hiv', ''),
(4, 'Cuidados Obstétricos e Neonatais', ''),
(5, 'Programa Alargado de Vacinação', ''),
(6, 'Consulta Geral de Pediatria', ''),
(7, 'SAAJ', ''),
(8, 'Aconselhamento e Testagem de Hiv', ''),
(9, 'Tratamento de Hiv', ''),
(10, 'Cuidados e Apoio Sobre HIV', ''),
(11, 'Infecções de Transmissão Sexual', ''),
(12, 'Tuberculose', ''),
(13, 'Malária', ''),
(14, 'Doenças não Transmissíveis', ''),
(15, 'Cirurgia', ''),
(16, 'Transfusão de Sangue', ''),
(17, 'Serviços de Tratamento', ''),
(18, 'Serviços de Consulta Externa', ''),
(19, 'Serviços de Saúde Mental', ''),
(20, 'Serviços de Fisioterapia', ''),
(21, 'Serviços de Medicina Legal', ''),
(22, 'Serviços de Anatomia Patológica', ''),
(23, 'Serviço de Neonatologia', ''),
(24, 'Laboratório', ''),
(25, 'Farmácia', ''),
(26, 'Raio X/Imageologia', ''),
(27, 'Casa Mortuária', ''),
(28, 'Transporte', ''),
(29, 'Hotelaria Hospitalar', ''),
(30, 'Manutenção e Electromedicina', ''),
(31, 'Centro Ortopédico', ''),
(32, 'Higiene e Limpeza', ''),
(33, 'Urgência', '');

-- --------------------------------------------------------

--
-- Table structure for table `unit_state`
--

CREATE TABLE `unit_state` (
  `id` int(11) NOT NULL AUTO_INCREMENT,
  `name` varchar(255) NOT NULL,
  `description` text NOT NULL,
  PRIMARY KEY (`id`)
) ENGINE=InnoDB  DEFAULT CHARSET=utf8 AUTO_INCREMENT=13 ;

--
-- Dumping data for table `unit_state`
--

INSERT INTO `unit_state` (`id`, `name`, `description`) VALUES
(1, 'Operacional', ''),
(2, 'Licenciada', ''),
(3, 'Em licenciamento', ''),
(4, 'Licença suspensa', ''),
(5, 'Licença cancelada', ''),
(6, 'Em registo', ''),
(7, 'Registada', ''),
(8, 'Fechada', ''),
(9, 'Invalida', ''),
(10, 'Não existe', ''),
(11, 'Duplicada', ''),
(12, 'Encerrada temporariamente', '');

-- --------------------------------------------------------

--
-- Table structure for table `unit_type`
--

CREATE TABLE `unit_type` (
  `id` int(11) NOT NULL AUTO_INCREMENT,
  `name` varchar(255) NOT NULL,
  `description` text NOT NULL,
  PRIMARY KEY (`id`)
) ENGINE=InnoDB  DEFAULT CHARSET=utf8 AUTO_INCREMENT=29 ;

--
-- Dumping data for table `unit_type`
--

INSERT INTO `unit_type` (`id`, `name`, `description`) VALUES
(1, 'Posto de Saúde', ''),
(2, 'Centro de Saúde Rural I', ''),
(3, 'Centro de Saúde Rural Ii', ''),
(4, 'Centro de Saúde Urbano A', ''),
(5, 'Centro de Saúde Urbano B', ''),
(6, 'Centro de Saúde Urbano C', ''),
(7, 'Hospital Rural', ''),
(8, 'Hospital Distrital', ''),
(9, 'Hospital Geral', ''),
(10, 'Hospital Provincial', ''),
(11, 'Hospital Especializado', ''),
(12, 'Hospital Central', ''),
(13, 'Hospital Privado', ''),
(14, 'Armazem Central de Medicamentos', ''),
(15, 'Armazem Provincial de Medicamentos', ''),
(16, 'Armazem Distrital de Medicamentos', ''),
(17, 'Farmácia Pública Privada', ''),
(18, 'Farmácia Privada', ''),
(19, 'Laboratório Clínico', ''),
(20, 'Laboratório de Saúde Pública', ''),
(21, 'Laboratório Nacional de Qualidade de Medicamentos', ''),
(22, 'Centro Regional de Desenvolvimento em Saúde', ''),
(23, 'Instituto de Ciências de Saúde', ''),
(24, 'Instituição de Investigação em Saúde', ''),
(25, 'Hospital Militar', ''),
(26, 'MISAU: Órgão Central', ''),
(27, 'DPS:Órgão Provincial', ''),
(28, 'SDMAS: Órgão Distrital', '');

-- --------------------------------------------------------

--
-- Table structure for table `unit_unit_authority`
--

CREATE TABLE `unit_unit_authority` (
  `id_unit` int(11) NOT NULL AUTO_INCREMENT,
  `id_authority` int(11) NOT NULL,
  `date` date NOT NULL,
  PRIMARY KEY (`id_unit`)
) ENGINE=InnoDB DEFAULT CHARSET=utf8 AUTO_INCREMENT=1 ;

-- --------------------------------------------------------

--
-- Table structure for table `unit_unit_service`
--

CREATE TABLE `unit_unit_service` (
  `id_unit` int(11) NOT NULL,
  `id_service` int(11) NOT NULL,
  `date` date NOT NULL,
  `active` tinyint(1) NOT NULL,
  PRIMARY KEY (`id_unit`)
) ENGINE=InnoDB DEFAULT CHARSET=utf8;

-- --------------------------------------------------------

--
-- Table structure for table `unit_unit_state`
--

CREATE TABLE `unit_unit_state` (
  `id_unit` int(11) NOT NULL,
  `id_state` int(11) NOT NULL,
  `date` date NOT NULL,
  PRIMARY KEY (`id_unit`)
) ENGINE=InnoDB DEFAULT CHARSET=utf8;

-- --------------------------------------------------------

--
-- Table structure for table `unit_unit_type`
--

CREATE TABLE `unit_unit_type` (
  `id_unit` int(11) NOT NULL,
  `id_type` int(11) NOT NULL,
  `date` date NOT NULL,
  PRIMARY KEY (`id_unit`)
) ENGINE=InnoDB DEFAULT CHARSET=utf8;
